location,date,population,new_vaccinations,rolling_vaccinations
Brunei,01/01/2021,437483,NULL,NULL
Brunei,01/02/2021,437483,NULL,NULL
Brunei,01/03/2021,437483,NULL,NULL
Brunei,01/04/2020,437483,NULL,NULL
Brunei,01/04/2021,437483,NULL,NULL
Brunei,01/05/2020,437483,NULL,NULL
Brunei,01/06/2020,437483,NULL,NULL
Brunei,01/07/2020,437483,NULL,NULL
Brunei,01/08/2020,437483,NULL,NULL
Brunei,01/09/2020,437483,NULL,NULL
Brunei,01/10/2020,437483,NULL,NULL
Brunei,01/11/2020,437483,NULL,NULL
Brunei,01/12/2020,437483,NULL,NULL
Brunei,02/01/2021,437483,NULL,NULL
Brunei,02/02/2021,437483,NULL,NULL
Brunei,02/03/2021,437483,NULL,NULL
Brunei,02/04/2020,437483,NULL,NULL
Brunei,02/04/2021,437483,NULL,NULL
Brunei,02/05/2020,437483,NULL,NULL
Brunei,02/06/2020,437483,NULL,NULL
Brunei,02/07/2020,437483,NULL,NULL
Brunei,02/08/2020,437483,NULL,NULL
Brunei,02/09/2020,437483,NULL,NULL
Brunei,02/10/2020,437483,NULL,NULL
Brunei,02/11/2020,437483,NULL,NULL
Brunei,02/12/2020,437483,NULL,NULL
Brunei,03/01/2021,437483,NULL,NULL
Brunei,03/02/2021,437483,NULL,NULL
Brunei,03/03/2021,437483,NULL,NULL
Brunei,03/04/2020,437483,NULL,NULL
Brunei,03/04/2021,437483,340,340
Brunei,03/05/2020,437483,NULL,340
Brunei,03/06/2020,437483,NULL,340
Brunei,03/07/2020,437483,NULL,340
Brunei,03/08/2020,437483,NULL,340
Brunei,03/09/2020,437483,NULL,340
Brunei,03/10/2020,437483,NULL,340
Brunei,03/11/2020,437483,NULL,340
Brunei,03/12/2020,437483,NULL,340
Brunei,04/01/2021,437483,NULL,340
Brunei,04/02/2021,437483,NULL,340
Brunei,04/03/2021,437483,NULL,340
Brunei,04/04/2020,437483,NULL,340
Brunei,04/04/2021,437483,NULL,340
Brunei,04/05/2020,437483,NULL,340
Brunei,04/06/2020,437483,NULL,340
Brunei,04/07/2020,437483,NULL,340
Brunei,04/08/2020,437483,NULL,340
Brunei,04/09/2020,437483,NULL,340
Brunei,04/10/2020,437483,NULL,340
Brunei,04/11/2020,437483,NULL,340
Brunei,04/12/2020,437483,NULL,340
Brunei,05/01/2021,437483,NULL,340
Brunei,05/02/2021,437483,NULL,340
Brunei,05/03/2021,437483,NULL,340
Brunei,05/04/2020,437483,NULL,340
Brunei,05/04/2021,437483,NULL,340
Brunei,05/05/2020,437483,NULL,340
Brunei,05/06/2020,437483,NULL,340
Brunei,05/07/2020,437483,NULL,340
Brunei,05/08/2020,437483,NULL,340
Brunei,05/09/2020,437483,NULL,340
Brunei,05/10/2020,437483,NULL,340
Brunei,05/11/2020,437483,NULL,340
Brunei,05/12/2020,437483,NULL,340
Brunei,06/01/2021,437483,NULL,340
Brunei,06/02/2021,437483,NULL,340
Brunei,06/03/2021,437483,NULL,340
Brunei,06/04/2020,437483,NULL,340
Brunei,06/04/2021,437483,NULL,340
Brunei,06/05/2020,437483,NULL,340
Brunei,06/06/2020,437483,NULL,340
Brunei,06/07/2020,437483,NULL,340
Brunei,06/08/2020,437483,NULL,340
Brunei,06/09/2020,437483,NULL,340
Brunei,06/10/2020,437483,NULL,340
Brunei,06/11/2020,437483,NULL,340
Brunei,06/12/2020,437483,NULL,340
Brunei,07/01/2021,437483,NULL,340
Brunei,07/02/2021,437483,NULL,340
Brunei,07/03/2021,437483,NULL,340
Brunei,07/04/2020,437483,NULL,340
Brunei,07/04/2021,437483,NULL,340
Brunei,07/05/2020,437483,NULL,340
Brunei,07/06/2020,437483,NULL,340
Brunei,07/07/2020,437483,NULL,340
Brunei,07/08/2020,437483,NULL,340
Brunei,07/09/2020,437483,NULL,340
Brunei,07/10/2020,437483,NULL,340
Brunei,07/11/2020,437483,NULL,340
Brunei,07/12/2020,437483,NULL,340
Brunei,08/01/2021,437483,NULL,340
Brunei,08/02/2021,437483,NULL,340
Brunei,08/03/2021,437483,NULL,340
Brunei,08/04/2020,437483,NULL,340
Brunei,08/04/2021,437483,NULL,340
Brunei,08/05/2020,437483,NULL,340
Brunei,08/06/2020,437483,NULL,340
Brunei,08/07/2020,437483,NULL,340
Brunei,08/08/2020,437483,NULL,340
Brunei,08/09/2020,437483,NULL,340
Brunei,08/10/2020,437483,NULL,340
Brunei,08/11/2020,437483,NULL,340
Brunei,08/12/2020,437483,NULL,340
Brunei,09/01/2021,437483,NULL,340
Brunei,09/02/2021,437483,NULL,340
Brunei,09/03/2020,437483,NULL,340
Brunei,09/03/2021,437483,NULL,340
Brunei,09/04/2020,437483,NULL,340
Brunei,09/04/2021,437483,NULL,340
Brunei,09/05/2020,437483,NULL,340
Brunei,09/06/2020,437483,NULL,340
Brunei,09/07/2020,437483,NULL,340
Brunei,09/08/2020,437483,NULL,340
Brunei,09/09/2020,437483,NULL,340
Brunei,09/10/2020,437483,NULL,340
Brunei,09/11/2020,437483,NULL,340
Brunei,09/12/2020,437483,NULL,340
Brunei,10/01/2021,437483,NULL,340
Brunei,10/02/2021,437483,NULL,340
Brunei,10/03/2020,437483,NULL,340
Brunei,10/03/2021,437483,NULL,340
Brunei,10/04/2020,437483,NULL,340
Brunei,10/04/2021,437483,NULL,340
Brunei,10/05/2020,437483,NULL,340
Brunei,10/06/2020,437483,NULL,340
Brunei,10/07/2020,437483,NULL,340
Brunei,10/08/2020,437483,NULL,340
Brunei,10/09/2020,437483,NULL,340
Brunei,10/10/2020,437483,NULL,340
Brunei,10/11/2020,437483,NULL,340
Brunei,10/12/2020,437483,NULL,340
Brunei,11/01/2021,437483,NULL,340
Brunei,11/02/2021,437483,NULL,340
Brunei,11/03/2020,437483,NULL,340
Brunei,11/03/2021,437483,NULL,340
Brunei,11/04/2020,437483,NULL,340
Brunei,11/04/2021,437483,NULL,340
Brunei,11/05/2020,437483,NULL,340
Brunei,11/06/2020,437483,NULL,340
Brunei,11/07/2020,437483,NULL,340
Brunei,11/08/2020,437483,NULL,340
Brunei,11/09/2020,437483,NULL,340
Brunei,11/10/2020,437483,NULL,340
Brunei,11/11/2020,437483,NULL,340
Brunei,11/12/2020,437483,NULL,340
Brunei,12/01/2021,437483,NULL,340
Brunei,12/02/2021,437483,NULL,340
Brunei,12/03/2020,437483,NULL,340
Brunei,12/03/2021,437483,NULL,340
Brunei,12/04/2020,437483,NULL,340
Brunei,12/04/2021,437483,NULL,340
Brunei,12/05/2020,437483,NULL,340
Brunei,12/06/2020,437483,NULL,340
Brunei,12/07/2020,437483,NULL,340
Brunei,12/08/2020,437483,NULL,340
Brunei,12/09/2020,437483,NULL,340
Brunei,12/10/2020,437483,NULL,340
Brunei,12/11/2020,437483,NULL,340
Brunei,12/12/2020,437483,NULL,340
Brunei,13/01/2021,437483,NULL,340
Brunei,13/02/2021,437483,NULL,340
Brunei,13/03/2020,437483,NULL,340
Brunei,13/03/2021,437483,NULL,340
Brunei,13/04/2020,437483,NULL,340
Brunei,13/04/2021,437483,NULL,340
Brunei,13/05/2020,437483,NULL,340
Brunei,13/06/2020,437483,NULL,340
Brunei,13/07/2020,437483,NULL,340
Brunei,13/08/2020,437483,NULL,340
Brunei,13/09/2020,437483,NULL,340
Brunei,13/10/2020,437483,NULL,340
Brunei,13/11/2020,437483,NULL,340
Brunei,13/12/2020,437483,NULL,340
Brunei,14/01/2021,437483,NULL,340
Brunei,14/02/2021,437483,NULL,340
Brunei,14/03/2020,437483,NULL,340
Brunei,14/03/2021,437483,NULL,340
Brunei,14/04/2020,437483,NULL,340
Brunei,14/04/2021,437483,NULL,340
Brunei,14/05/2020,437483,NULL,340
Brunei,14/06/2020,437483,NULL,340
Brunei,14/07/2020,437483,NULL,340
Brunei,14/08/2020,437483,NULL,340
Brunei,14/09/2020,437483,NULL,340
Brunei,14/10/2020,437483,NULL,340
Brunei,14/11/2020,437483,NULL,340
Brunei,14/12/2020,437483,NULL,340
Brunei,15/01/2021,437483,NULL,340
Brunei,15/02/2021,437483,NULL,340
Brunei,15/03/2020,437483,NULL,340
Brunei,15/03/2021,437483,NULL,340
Brunei,15/04/2020,437483,NULL,340
Brunei,15/04/2021,437483,NULL,340
Brunei,15/05/2020,437483,NULL,340
Brunei,15/06/2020,437483,NULL,340
Brunei,15/07/2020,437483,NULL,340
Brunei,15/08/2020,437483,NULL,340
Brunei,15/09/2020,437483,NULL,340
Brunei,15/10/2020,437483,NULL,340
Brunei,15/11/2020,437483,NULL,340
Brunei,15/12/2020,437483,NULL,340
Brunei,16/01/2021,437483,NULL,340
Brunei,16/02/2021,437483,NULL,340
Brunei,16/03/2020,437483,NULL,340
Brunei,16/03/2021,437483,NULL,340
Brunei,16/04/2020,437483,NULL,340
Brunei,16/04/2021,437483,NULL,340
Brunei,16/05/2020,437483,NULL,340
Brunei,16/06/2020,437483,NULL,340
Brunei,16/07/2020,437483,NULL,340
Brunei,16/08/2020,437483,NULL,340
Brunei,16/09/2020,437483,NULL,340
Brunei,16/10/2020,437483,NULL,340
Brunei,16/11/2020,437483,NULL,340
Brunei,16/12/2020,437483,NULL,340
Brunei,17/01/2021,437483,NULL,340
Brunei,17/02/2021,437483,NULL,340
Brunei,17/03/2020,437483,NULL,340
Brunei,17/03/2021,437483,NULL,340
Brunei,17/04/2020,437483,NULL,340
Brunei,17/04/2021,437483,NULL,340
Brunei,17/05/2020,437483,NULL,340
Brunei,17/06/2020,437483,NULL,340
Brunei,17/07/2020,437483,NULL,340
Brunei,17/08/2020,437483,NULL,340
Brunei,17/09/2020,437483,NULL,340
Brunei,17/10/2020,437483,NULL,340
Brunei,17/11/2020,437483,NULL,340
Brunei,17/12/2020,437483,NULL,340
Brunei,18/01/2021,437483,NULL,340
Brunei,18/02/2021,437483,NULL,340
Brunei,18/03/2020,437483,NULL,340
Brunei,18/03/2021,437483,NULL,340
Brunei,18/04/2020,437483,NULL,340
Brunei,18/04/2021,437483,NULL,340
Brunei,18/05/2020,437483,NULL,340
Brunei,18/06/2020,437483,NULL,340
Brunei,18/07/2020,437483,NULL,340
Brunei,18/08/2020,437483,NULL,340
Brunei,18/09/2020,437483,NULL,340
Brunei,18/10/2020,437483,NULL,340
Brunei,18/11/2020,437483,NULL,340
Brunei,18/12/2020,437483,NULL,340
Brunei,19/01/2021,437483,NULL,340
Brunei,19/02/2021,437483,NULL,340
Brunei,19/03/2020,437483,NULL,340
Brunei,19/03/2021,437483,NULL,340
Brunei,19/04/2020,437483,NULL,340
Brunei,19/04/2021,437483,NULL,340
Brunei,19/05/2020,437483,NULL,340
Brunei,19/06/2020,437483,NULL,340
Brunei,19/07/2020,437483,NULL,340
Brunei,19/08/2020,437483,NULL,340
Brunei,19/09/2020,437483,NULL,340
Brunei,19/10/2020,437483,NULL,340
Brunei,19/11/2020,437483,NULL,340
Brunei,19/12/2020,437483,NULL,340
Brunei,20/01/2021,437483,NULL,340
Brunei,20/02/2021,437483,NULL,340
Brunei,20/03/2020,437483,NULL,340
Brunei,20/03/2021,437483,NULL,340
Brunei,20/04/2020,437483,NULL,340
Brunei,20/04/2021,437483,NULL,340
Brunei,20/05/2020,437483,NULL,340
Brunei,20/06/2020,437483,NULL,340
Brunei,20/07/2020,437483,NULL,340
Brunei,20/08/2020,437483,NULL,340
Brunei,20/09/2020,437483,NULL,340
Brunei,20/10/2020,437483,NULL,340
Brunei,20/11/2020,437483,NULL,340
Brunei,20/12/2020,437483,NULL,340
Brunei,21/01/2021,437483,NULL,340
Brunei,21/02/2021,437483,NULL,340
Brunei,21/03/2020,437483,NULL,340
Brunei,21/03/2021,437483,NULL,340
Brunei,21/04/2020,437483,NULL,340
Brunei,21/04/2021,437483,NULL,340
Brunei,21/05/2020,437483,NULL,340
Brunei,21/06/2020,437483,NULL,340
Brunei,21/07/2020,437483,NULL,340
Brunei,21/08/2020,437483,NULL,340
Brunei,21/09/2020,437483,NULL,340
Brunei,21/10/2020,437483,NULL,340
Brunei,21/11/2020,437483,NULL,340
Brunei,21/12/2020,437483,NULL,340
Brunei,22/01/2021,437483,NULL,340
Brunei,22/02/2021,437483,NULL,340
Brunei,22/03/2020,437483,NULL,340
Brunei,22/03/2021,437483,NULL,340
Brunei,22/04/2020,437483,NULL,340
Brunei,22/04/2021,437483,NULL,340
Brunei,22/05/2020,437483,NULL,340
Brunei,22/06/2020,437483,NULL,340
Brunei,22/07/2020,437483,NULL,340
Brunei,22/08/2020,437483,NULL,340
Brunei,22/09/2020,437483,NULL,340
Brunei,22/10/2020,437483,NULL,340
Brunei,22/11/2020,437483,NULL,340
Brunei,22/12/2020,437483,NULL,340
Brunei,23/01/2021,437483,NULL,340
Brunei,23/02/2021,437483,NULL,340
Brunei,23/03/2020,437483,NULL,340
Brunei,23/03/2021,437483,NULL,340
Brunei,23/04/2020,437483,NULL,340
Brunei,23/04/2021,437483,NULL,340
Brunei,23/05/2020,437483,NULL,340
Brunei,23/06/2020,437483,NULL,340
Brunei,23/07/2020,437483,NULL,340
Brunei,23/08/2020,437483,NULL,340
Brunei,23/09/2020,437483,NULL,340
Brunei,23/10/2020,437483,NULL,340
Brunei,23/11/2020,437483,NULL,340
Brunei,23/12/2020,437483,NULL,340
Brunei,24/01/2021,437483,NULL,340
Brunei,24/02/2021,437483,NULL,340
Brunei,24/03/2020,437483,NULL,340
Brunei,24/03/2021,437483,NULL,340
Brunei,24/04/2020,437483,NULL,340
Brunei,24/04/2021,437483,NULL,340
Brunei,24/05/2020,437483,NULL,340
Brunei,24/06/2020,437483,NULL,340
Brunei,24/07/2020,437483,NULL,340
Brunei,24/08/2020,437483,NULL,340
Brunei,24/09/2020,437483,NULL,340
Brunei,24/10/2020,437483,NULL,340
Brunei,24/11/2020,437483,NULL,340
Brunei,24/12/2020,437483,NULL,340
Brunei,25/01/2021,437483,NULL,340
Brunei,25/02/2021,437483,NULL,340
Brunei,25/03/2020,437483,NULL,340
Brunei,25/03/2021,437483,NULL,340
Brunei,25/04/2020,437483,NULL,340
Brunei,25/04/2021,437483,NULL,340
Brunei,25/05/2020,437483,NULL,340
Brunei,25/06/2020,437483,NULL,340
Brunei,25/07/2020,437483,NULL,340
Brunei,25/08/2020,437483,NULL,340
Brunei,25/09/2020,437483,NULL,340
Brunei,25/10/2020,437483,NULL,340
Brunei,25/11/2020,437483,NULL,340
Brunei,25/12/2020,437483,NULL,340
Brunei,26/01/2021,437483,NULL,340
Brunei,26/02/2021,437483,NULL,340
Brunei,26/03/2020,437483,NULL,340
Brunei,26/03/2021,437483,NULL,340
Brunei,26/04/2020,437483,NULL,340
Brunei,26/04/2021,437483,NULL,340
Brunei,26/05/2020,437483,NULL,340
Brunei,26/06/2020,437483,NULL,340
Brunei,26/07/2020,437483,NULL,340
Brunei,26/08/2020,437483,NULL,340
Brunei,26/09/2020,437483,NULL,340
Brunei,26/10/2020,437483,NULL,340
Brunei,26/11/2020,437483,NULL,340
Brunei,26/12/2020,437483,NULL,340
Brunei,27/01/2021,437483,NULL,340
Brunei,27/02/2021,437483,NULL,340
Brunei,27/03/2020,437483,NULL,340
Brunei,27/03/2021,437483,NULL,340
Brunei,27/04/2020,437483,NULL,340
Brunei,27/04/2021,437483,NULL,340
Brunei,27/05/2020,437483,NULL,340
Brunei,27/06/2020,437483,NULL,340
Brunei,27/07/2020,437483,NULL,340
Brunei,27/08/2020,437483,NULL,340
Brunei,27/09/2020,437483,NULL,340
Brunei,27/10/2020,437483,NULL,340
Brunei,27/11/2020,437483,NULL,340
Brunei,27/12/2020,437483,NULL,340
Brunei,28/01/2021,437483,NULL,340
Brunei,28/02/2021,437483,NULL,340
Brunei,28/03/2020,437483,NULL,340
Brunei,28/03/2021,437483,NULL,340
Brunei,28/04/2020,437483,NULL,340
Brunei,28/04/2021,437483,NULL,340
Brunei,28/05/2020,437483,NULL,340
Brunei,28/06/2020,437483,NULL,340
Brunei,28/07/2020,437483,NULL,340
Brunei,28/08/2020,437483,NULL,340
Brunei,28/09/2020,437483,NULL,340
Brunei,28/10/2020,437483,NULL,340
Brunei,28/11/2020,437483,NULL,340
Brunei,28/12/2020,437483,NULL,340
Brunei,29/01/2021,437483,NULL,340
Brunei,29/03/2020,437483,NULL,340
Brunei,29/03/2021,437483,NULL,340
Brunei,29/04/2020,437483,NULL,340
Brunei,29/04/2021,437483,NULL,340
Brunei,29/05/2020,437483,NULL,340
Brunei,29/06/2020,437483,NULL,340
Brunei,29/07/2020,437483,NULL,340
Brunei,29/08/2020,437483,NULL,340
Brunei,29/09/2020,437483,NULL,340
Brunei,29/10/2020,437483,NULL,340
Brunei,29/11/2020,437483,NULL,340
Brunei,29/12/2020,437483,NULL,340
Brunei,30/01/2021,437483,NULL,340
Brunei,30/03/2020,437483,NULL,340
Brunei,30/03/2021,437483,NULL,340
Brunei,30/04/2020,437483,NULL,340
Brunei,30/04/2021,437483,NULL,340
Brunei,30/05/2020,437483,NULL,340
Brunei,30/06/2020,437483,NULL,340
Brunei,30/07/2020,437483,NULL,340
Brunei,30/08/2020,437483,NULL,340
Brunei,30/09/2020,437483,NULL,340
Brunei,30/10/2020,437483,NULL,340
Brunei,30/11/2020,437483,NULL,340
Brunei,30/12/2020,437483,NULL,340
Brunei,31/01/2021,437483,NULL,340
Brunei,31/03/2020,437483,NULL,340
Brunei,31/03/2021,437483,NULL,340
Brunei,31/05/2020,437483,NULL,340
Brunei,31/07/2020,437483,NULL,340
Brunei,31/08/2020,437483,NULL,340
Brunei,31/10/2020,437483,NULL,340
Brunei,31/12/2020,437483,NULL,340
Cambodia,01/01/2021,16718971,NULL,NULL
Cambodia,01/02/2020,16718971,NULL,NULL
Cambodia,01/02/2021,16718971,NULL,NULL
Cambodia,01/03/2020,16718971,NULL,NULL
Cambodia,01/03/2021,16718971,NULL,NULL
Cambodia,01/04/2020,16718971,NULL,NULL
Cambodia,01/04/2021,16718971,26082,26082
Cambodia,01/05/2020,16718971,NULL,26082
Cambodia,01/06/2020,16718971,NULL,26082
Cambodia,01/07/2020,16718971,NULL,26082
Cambodia,01/08/2020,16718971,NULL,26082
Cambodia,01/09/2020,16718971,NULL,26082
Cambodia,01/10/2020,16718971,NULL,26082
Cambodia,01/11/2020,16718971,NULL,26082
Cambodia,01/12/2020,16718971,NULL,26082
Cambodia,02/01/2021,16718971,NULL,26082
Cambodia,02/02/2020,16718971,NULL,26082
Cambodia,02/02/2021,16718971,NULL,26082
Cambodia,02/03/2020,16718971,NULL,26082
Cambodia,02/03/2021,16718971,27214,53296
Cambodia,02/04/2020,16718971,NULL,53296
Cambodia,02/04/2021,16718971,49334,102630
Cambodia,02/05/2020,16718971,NULL,102630
Cambodia,02/06/2020,16718971,NULL,102630
Cambodia,02/07/2020,16718971,NULL,102630
Cambodia,02/08/2020,16718971,NULL,102630
Cambodia,02/09/2020,16718971,NULL,102630
Cambodia,02/10/2020,16718971,NULL,102630
Cambodia,02/11/2020,16718971,NULL,102630
Cambodia,02/12/2020,16718971,NULL,102630
Cambodia,03/01/2021,16718971,NULL,102630
Cambodia,03/02/2020,16718971,NULL,102630
Cambodia,03/02/2021,16718971,NULL,102630
Cambodia,03/03/2020,16718971,NULL,102630
Cambodia,03/03/2021,16718971,21260,123890
Cambodia,03/04/2020,16718971,NULL,123890
Cambodia,03/04/2021,16718971,56333,180223
Cambodia,03/05/2020,16718971,NULL,180223
Cambodia,03/06/2020,16718971,NULL,180223
Cambodia,03/07/2020,16718971,NULL,180223
Cambodia,03/08/2020,16718971,NULL,180223
Cambodia,03/09/2020,16718971,NULL,180223
Cambodia,03/10/2020,16718971,NULL,180223
Cambodia,03/11/2020,16718971,NULL,180223
Cambodia,03/12/2020,16718971,NULL,180223
Cambodia,04/01/2021,16718971,NULL,180223
Cambodia,04/02/2020,16718971,NULL,180223
Cambodia,04/02/2021,16718971,NULL,180223
Cambodia,04/03/2020,16718971,NULL,180223
Cambodia,04/03/2021,16718971,15688,195911
Cambodia,04/04/2020,16718971,NULL,195911
Cambodia,04/04/2021,16718971,52517,248428
Cambodia,04/05/2020,16718971,NULL,248428
Cambodia,04/06/2020,16718971,NULL,248428
Cambodia,04/07/2020,16718971,NULL,248428
Cambodia,04/08/2020,16718971,NULL,248428
Cambodia,04/09/2020,16718971,NULL,248428
Cambodia,04/10/2020,16718971,NULL,248428
Cambodia,04/11/2020,16718971,NULL,248428
Cambodia,04/12/2020,16718971,NULL,248428
Cambodia,05/01/2021,16718971,NULL,248428
Cambodia,05/02/2020,16718971,NULL,248428
Cambodia,05/02/2021,16718971,NULL,248428
Cambodia,05/03/2020,16718971,NULL,248428
Cambodia,05/03/2021,16718971,16542,264970
Cambodia,05/04/2020,16718971,NULL,264970
Cambodia,05/04/2021,16718971,56493,321463
Cambodia,05/05/2020,16718971,NULL,321463
Cambodia,05/06/2020,16718971,NULL,321463
Cambodia,05/07/2020,16718971,NULL,321463
Cambodia,05/08/2020,16718971,NULL,321463
Cambodia,05/09/2020,16718971,NULL,321463
Cambodia,05/10/2020,16718971,NULL,321463
Cambodia,05/11/2020,16718971,NULL,321463
Cambodia,05/12/2020,16718971,NULL,321463
Cambodia,06/01/2021,16718971,NULL,321463
Cambodia,06/02/2020,16718971,NULL,321463
Cambodia,06/02/2021,16718971,NULL,321463
Cambodia,06/03/2020,16718971,NULL,321463
Cambodia,06/03/2021,16718971,11137,332600
Cambodia,06/04/2020,16718971,NULL,332600
Cambodia,06/04/2021,16718971,59191,391791
Cambodia,06/05/2020,16718971,NULL,391791
Cambodia,06/06/2020,16718971,NULL,391791
Cambodia,06/07/2020,16718971,NULL,391791
Cambodia,06/08/2020,16718971,NULL,391791
Cambodia,06/09/2020,16718971,NULL,391791
Cambodia,06/10/2020,16718971,NULL,391791
Cambodia,06/11/2020,16718971,NULL,391791
Cambodia,06/12/2020,16718971,NULL,391791
Cambodia,07/01/2021,16718971,NULL,391791
Cambodia,07/02/2020,16718971,NULL,391791
Cambodia,07/02/2021,16718971,NULL,391791
Cambodia,07/03/2020,16718971,NULL,391791
Cambodia,07/03/2021,16718971,6142,397933
Cambodia,07/04/2020,16718971,NULL,397933
Cambodia,07/04/2021,16718971,65934,463867
Cambodia,07/05/2020,16718971,NULL,463867
Cambodia,07/06/2020,16718971,NULL,463867
Cambodia,07/07/2020,16718971,NULL,463867
Cambodia,07/08/2020,16718971,NULL,463867
Cambodia,07/09/2020,16718971,NULL,463867
Cambodia,07/10/2020,16718971,NULL,463867
Cambodia,07/11/2020,16718971,NULL,463867
Cambodia,07/12/2020,16718971,NULL,463867
Cambodia,08/01/2021,16718971,NULL,463867
Cambodia,08/02/2020,16718971,NULL,463867
Cambodia,08/02/2021,16718971,NULL,463867
Cambodia,08/03/2020,16718971,NULL,463867
Cambodia,08/03/2021,16718971,13584,477451
Cambodia,08/04/2020,16718971,NULL,477451
Cambodia,08/04/2021,16718971,59611,537062
Cambodia,08/05/2020,16718971,NULL,537062
Cambodia,08/06/2020,16718971,NULL,537062
Cambodia,08/07/2020,16718971,NULL,537062
Cambodia,08/08/2020,16718971,NULL,537062
Cambodia,08/09/2020,16718971,NULL,537062
Cambodia,08/10/2020,16718971,NULL,537062
Cambodia,08/11/2020,16718971,NULL,537062
Cambodia,08/12/2020,16718971,NULL,537062
Cambodia,09/01/2021,16718971,NULL,537062
Cambodia,09/02/2020,16718971,NULL,537062
Cambodia,09/02/2021,16718971,NULL,537062
Cambodia,09/03/2020,16718971,NULL,537062
Cambodia,09/03/2021,16718971,23036,560098
Cambodia,09/04/2020,16718971,NULL,560098
Cambodia,09/04/2021,16718971,102775,662873
Cambodia,09/05/2020,16718971,NULL,662873
Cambodia,09/06/2020,16718971,NULL,662873
Cambodia,09/07/2020,16718971,NULL,662873
Cambodia,09/08/2020,16718971,NULL,662873
Cambodia,09/09/2020,16718971,NULL,662873
Cambodia,09/10/2020,16718971,NULL,662873
Cambodia,09/11/2020,16718971,NULL,662873
Cambodia,09/12/2020,16718971,NULL,662873
Cambodia,10/01/2021,16718971,NULL,662873
Cambodia,10/02/2020,16718971,NULL,662873
Cambodia,10/02/2021,16718971,1492,664365
Cambodia,10/03/2020,16718971,NULL,664365
Cambodia,10/03/2021,16718971,32418,696783
Cambodia,10/04/2020,16718971,NULL,696783
Cambodia,10/04/2021,16718971,63953,760736
Cambodia,10/05/2020,16718971,NULL,760736
Cambodia,10/06/2020,16718971,NULL,760736
Cambodia,10/07/2020,16718971,NULL,760736
Cambodia,10/08/2020,16718971,NULL,760736
Cambodia,10/09/2020,16718971,NULL,760736
Cambodia,10/10/2020,16718971,NULL,760736
Cambodia,10/11/2020,16718971,NULL,760736
Cambodia,10/12/2020,16718971,NULL,760736
Cambodia,11/01/2021,16718971,NULL,760736
Cambodia,11/02/2020,16718971,NULL,760736
Cambodia,11/02/2021,16718971,NULL,760736
Cambodia,11/03/2020,16718971,NULL,760736
Cambodia,11/03/2021,16718971,30804,791540
Cambodia,11/04/2020,16718971,NULL,791540
Cambodia,11/04/2021,16718971,48597,840137
Cambodia,11/05/2020,16718971,NULL,840137
Cambodia,11/06/2020,16718971,NULL,840137
Cambodia,11/07/2020,16718971,NULL,840137
Cambodia,11/08/2020,16718971,NULL,840137
Cambodia,11/09/2020,16718971,NULL,840137
Cambodia,11/10/2020,16718971,NULL,840137
Cambodia,11/11/2020,16718971,NULL,840137
Cambodia,11/12/2020,16718971,NULL,840137
Cambodia,12/01/2021,16718971,NULL,840137
Cambodia,12/02/2020,16718971,NULL,840137
Cambodia,12/02/2021,16718971,NULL,840137
Cambodia,12/03/2020,16718971,NULL,840137
Cambodia,12/03/2021,16718971,23279,863416
Cambodia,12/04/2020,16718971,NULL,863416
Cambodia,12/04/2021,16718971,84951,948367
Cambodia,12/05/2020,16718971,NULL,948367
Cambodia,12/06/2020,16718971,NULL,948367
Cambodia,12/07/2020,16718971,NULL,948367
Cambodia,12/08/2020,16718971,NULL,948367
Cambodia,12/09/2020,16718971,NULL,948367
Cambodia,12/10/2020,16718971,NULL,948367
Cambodia,12/11/2020,16718971,NULL,948367
Cambodia,12/12/2020,16718971,NULL,948367
Cambodia,13/01/2021,16718971,NULL,948367
Cambodia,13/02/2020,16718971,NULL,948367
Cambodia,13/02/2021,16718971,NULL,948367
Cambodia,13/03/2020,16718971,NULL,948367
Cambodia,13/03/2021,16718971,19077,967444
Cambodia,13/04/2020,16718971,NULL,967444
Cambodia,13/04/2021,16718971,74921,1042365
Cambodia,13/05/2020,16718971,NULL,1042365
Cambodia,13/06/2020,16718971,NULL,1042365
Cambodia,13/07/2020,16718971,NULL,1042365
Cambodia,13/08/2020,16718971,NULL,1042365
Cambodia,13/09/2020,16718971,NULL,1042365
Cambodia,13/10/2020,16718971,NULL,1042365
Cambodia,13/11/2020,16718971,NULL,1042365
Cambodia,13/12/2020,16718971,NULL,1042365
Cambodia,14/01/2021,16718971,NULL,1042365
Cambodia,14/02/2020,16718971,NULL,1042365
Cambodia,14/02/2021,16718971,NULL,1042365
Cambodia,14/03/2020,16718971,NULL,1042365
Cambodia,14/03/2021,16718971,9650,1052015
Cambodia,14/04/2020,16718971,NULL,1052015
Cambodia,14/04/2021,16718971,35666,1087681
Cambodia,14/05/2020,16718971,NULL,1087681
Cambodia,14/06/2020,16718971,NULL,1087681
Cambodia,14/07/2020,16718971,NULL,1087681
Cambodia,14/08/2020,16718971,NULL,1087681
Cambodia,14/09/2020,16718971,NULL,1087681
Cambodia,14/10/2020,16718971,NULL,1087681
Cambodia,14/11/2020,16718971,NULL,1087681
Cambodia,14/12/2020,16718971,NULL,1087681
Cambodia,15/01/2021,16718971,NULL,1087681
Cambodia,15/02/2020,16718971,NULL,1087681
Cambodia,15/02/2021,16718971,NULL,1087681
Cambodia,15/03/2020,16718971,NULL,1087681
Cambodia,15/03/2021,16718971,9235,1096916
Cambodia,15/04/2020,16718971,NULL,1096916
Cambodia,15/04/2021,16718971,26690,1123606
Cambodia,15/05/2020,16718971,NULL,1123606
Cambodia,15/06/2020,16718971,NULL,1123606
Cambodia,15/07/2020,16718971,NULL,1123606
Cambodia,15/08/2020,16718971,NULL,1123606
Cambodia,15/09/2020,16718971,NULL,1123606
Cambodia,15/10/2020,16718971,NULL,1123606
Cambodia,15/11/2020,16718971,NULL,1123606
Cambodia,15/12/2020,16718971,NULL,1123606
Cambodia,16/01/2021,16718971,NULL,1123606
Cambodia,16/02/2020,16718971,NULL,1123606
Cambodia,16/02/2021,16718971,NULL,1123606
Cambodia,16/03/2020,16718971,NULL,1123606
Cambodia,16/03/2021,16718971,26550,1150156
Cambodia,16/04/2020,16718971,NULL,1150156
Cambodia,16/04/2021,16718971,33083,1183239
Cambodia,16/05/2020,16718971,NULL,1183239
Cambodia,16/06/2020,16718971,NULL,1183239
Cambodia,16/07/2020,16718971,NULL,1183239
Cambodia,16/08/2020,16718971,NULL,1183239
Cambodia,16/09/2020,16718971,NULL,1183239
Cambodia,16/10/2020,16718971,NULL,1183239
Cambodia,16/11/2020,16718971,NULL,1183239
Cambodia,16/12/2020,16718971,NULL,1183239
Cambodia,17/01/2021,16718971,NULL,1183239
Cambodia,17/02/2020,16718971,NULL,1183239
Cambodia,17/02/2021,16718971,NULL,1183239
Cambodia,17/03/2020,16718971,NULL,1183239
Cambodia,17/03/2021,16718971,NULL,1183239
Cambodia,17/04/2020,16718971,NULL,1183239
Cambodia,17/04/2021,16718971,13542,1196781
Cambodia,17/05/2020,16718971,NULL,1196781
Cambodia,17/06/2020,16718971,NULL,1196781
Cambodia,17/07/2020,16718971,NULL,1196781
Cambodia,17/08/2020,16718971,NULL,1196781
Cambodia,17/09/2020,16718971,NULL,1196781
Cambodia,17/10/2020,16718971,NULL,1196781
Cambodia,17/11/2020,16718971,NULL,1196781
Cambodia,17/12/2020,16718971,NULL,1196781
Cambodia,18/01/2021,16718971,NULL,1196781
Cambodia,18/02/2020,16718971,NULL,1196781
Cambodia,18/02/2021,16718971,NULL,1196781
Cambodia,18/03/2020,16718971,NULL,1196781
Cambodia,18/03/2021,16718971,NULL,1196781
Cambodia,18/04/2020,16718971,NULL,1196781
Cambodia,18/04/2021,16718971,3690,1200471
Cambodia,18/05/2020,16718971,NULL,1200471
Cambodia,18/06/2020,16718971,NULL,1200471
Cambodia,18/07/2020,16718971,NULL,1200471
Cambodia,18/08/2020,16718971,NULL,1200471
Cambodia,18/09/2020,16718971,NULL,1200471
Cambodia,18/10/2020,16718971,NULL,1200471
Cambodia,18/11/2020,16718971,NULL,1200471
Cambodia,18/12/2020,16718971,NULL,1200471
Cambodia,19/01/2021,16718971,NULL,1200471
Cambodia,19/02/2020,16718971,NULL,1200471
Cambodia,19/02/2021,16718971,NULL,1200471
Cambodia,19/03/2020,16718971,NULL,1200471
Cambodia,19/03/2021,16718971,21997,1222468
Cambodia,19/04/2020,16718971,NULL,1222468
Cambodia,19/04/2021,16718971,96898,1319366
Cambodia,19/05/2020,16718971,NULL,1319366
Cambodia,19/06/2020,16718971,NULL,1319366
Cambodia,19/07/2020,16718971,NULL,1319366
Cambodia,19/08/2020,16718971,NULL,1319366
Cambodia,19/09/2020,16718971,NULL,1319366
Cambodia,19/10/2020,16718971,NULL,1319366
Cambodia,19/11/2020,16718971,NULL,1319366
Cambodia,19/12/2020,16718971,NULL,1319366
Cambodia,20/01/2021,16718971,NULL,1319366
Cambodia,20/02/2020,16718971,NULL,1319366
Cambodia,20/02/2021,16718971,NULL,1319366
Cambodia,20/03/2020,16718971,NULL,1319366
Cambodia,20/03/2021,16718971,14863,1334229
Cambodia,20/04/2020,16718971,NULL,1334229
Cambodia,20/04/2021,16718971,54906,1389135
Cambodia,20/05/2020,16718971,NULL,1389135
Cambodia,20/06/2020,16718971,NULL,1389135
Cambodia,20/07/2020,16718971,NULL,1389135
Cambodia,20/08/2020,16718971,NULL,1389135
Cambodia,20/09/2020,16718971,NULL,1389135
Cambodia,20/10/2020,16718971,NULL,1389135
Cambodia,20/11/2020,16718971,NULL,1389135
Cambodia,20/12/2020,16718971,NULL,1389135
Cambodia,21/01/2021,16718971,NULL,1389135
Cambodia,21/02/2020,16718971,NULL,1389135
Cambodia,21/02/2021,16718971,NULL,1389135
Cambodia,21/03/2020,16718971,NULL,1389135
Cambodia,21/03/2021,16718971,7369,1396504
Cambodia,21/04/2020,16718971,NULL,1396504
Cambodia,21/04/2021,16718971,64432,1460936
Cambodia,21/05/2020,16718971,NULL,1460936
Cambodia,21/06/2020,16718971,NULL,1460936
Cambodia,21/07/2020,16718971,NULL,1460936
Cambodia,21/08/2020,16718971,NULL,1460936
Cambodia,21/09/2020,16718971,NULL,1460936
Cambodia,21/10/2020,16718971,NULL,1460936
Cambodia,21/11/2020,16718971,NULL,1460936
Cambodia,21/12/2020,16718971,NULL,1460936
Cambodia,22/01/2021,16718971,NULL,1460936
Cambodia,22/02/2020,16718971,NULL,1460936
Cambodia,22/02/2021,16718971,NULL,1460936
Cambodia,22/03/2020,16718971,NULL,1460936
Cambodia,22/03/2021,16718971,11831,1472767
Cambodia,22/04/2020,16718971,NULL,1472767
Cambodia,22/04/2021,16718971,70608,1543375
Cambodia,22/05/2020,16718971,NULL,1543375
Cambodia,22/06/2020,16718971,NULL,1543375
Cambodia,22/07/2020,16718971,NULL,1543375
Cambodia,22/08/2020,16718971,NULL,1543375
Cambodia,22/09/2020,16718971,NULL,1543375
Cambodia,22/10/2020,16718971,NULL,1543375
Cambodia,22/11/2020,16718971,NULL,1543375
Cambodia,22/12/2020,16718971,NULL,1543375
Cambodia,23/01/2021,16718971,NULL,1543375
Cambodia,23/02/2020,16718971,NULL,1543375
Cambodia,23/02/2021,16718971,NULL,1543375
Cambodia,23/03/2020,16718971,NULL,1543375
Cambodia,23/03/2021,16718971,13287,1556662
Cambodia,23/04/2020,16718971,NULL,1556662
Cambodia,23/04/2021,16718971,69994,1626656
Cambodia,23/05/2020,16718971,NULL,1626656
Cambodia,23/06/2020,16718971,NULL,1626656
Cambodia,23/07/2020,16718971,NULL,1626656
Cambodia,23/08/2020,16718971,NULL,1626656
Cambodia,23/09/2020,16718971,NULL,1626656
Cambodia,23/10/2020,16718971,NULL,1626656
Cambodia,23/11/2020,16718971,NULL,1626656
Cambodia,23/12/2020,16718971,NULL,1626656
Cambodia,24/01/2021,16718971,NULL,1626656
Cambodia,24/02/2020,16718971,NULL,1626656
Cambodia,24/02/2021,16718971,NULL,1626656
Cambodia,24/03/2020,16718971,NULL,1626656
Cambodia,24/03/2021,16718971,16840,1643496
Cambodia,24/04/2020,16718971,NULL,1643496
Cambodia,24/04/2021,16718971,62582,1706078
Cambodia,24/05/2020,16718971,NULL,1706078
Cambodia,24/06/2020,16718971,NULL,1706078
Cambodia,24/07/2020,16718971,NULL,1706078
Cambodia,24/08/2020,16718971,NULL,1706078
Cambodia,24/09/2020,16718971,NULL,1706078
Cambodia,24/10/2020,16718971,NULL,1706078
Cambodia,24/11/2020,16718971,NULL,1706078
Cambodia,24/12/2020,16718971,NULL,1706078
Cambodia,25/01/2021,16718971,NULL,1706078
Cambodia,25/02/2020,16718971,NULL,1706078
Cambodia,25/02/2021,16718971,NULL,1706078
Cambodia,25/03/2020,16718971,NULL,1706078
Cambodia,25/03/2021,16718971,25789,1731867
Cambodia,25/04/2020,16718971,NULL,1731867
Cambodia,25/04/2021,16718971,49420,1781287
Cambodia,25/05/2020,16718971,NULL,1781287
Cambodia,25/06/2020,16718971,NULL,1781287
Cambodia,25/07/2020,16718971,NULL,1781287
Cambodia,25/08/2020,16718971,NULL,1781287
Cambodia,25/09/2020,16718971,NULL,1781287
Cambodia,25/10/2020,16718971,NULL,1781287
Cambodia,25/11/2020,16718971,NULL,1781287
Cambodia,25/12/2020,16718971,NULL,1781287
Cambodia,26/01/2021,16718971,NULL,1781287
Cambodia,26/02/2020,16718971,NULL,1781287
Cambodia,26/02/2021,16718971,NULL,1781287
Cambodia,26/03/2020,16718971,NULL,1781287
Cambodia,26/03/2021,16718971,25494,1806781
Cambodia,26/04/2020,16718971,NULL,1806781
Cambodia,26/04/2021,16718971,45648,1852429
Cambodia,26/05/2020,16718971,NULL,1852429
Cambodia,26/06/2020,16718971,NULL,1852429
Cambodia,26/07/2020,16718971,NULL,1852429
Cambodia,26/08/2020,16718971,NULL,1852429
Cambodia,26/09/2020,16718971,NULL,1852429
Cambodia,26/10/2020,16718971,NULL,1852429
Cambodia,26/11/2020,16718971,NULL,1852429
Cambodia,26/12/2020,16718971,NULL,1852429
Cambodia,27/01/2020,16718971,NULL,1852429
Cambodia,27/01/2021,16718971,NULL,1852429
Cambodia,27/02/2020,16718971,NULL,1852429
Cambodia,27/02/2021,16718971,NULL,1852429
Cambodia,27/03/2020,16718971,NULL,1852429
Cambodia,27/03/2021,16718971,24073,1876502
Cambodia,27/04/2020,16718971,NULL,1876502
Cambodia,27/04/2021,16718971,43948,1920450
Cambodia,27/05/2020,16718971,NULL,1920450
Cambodia,27/06/2020,16718971,NULL,1920450
Cambodia,27/07/2020,16718971,NULL,1920450
Cambodia,27/08/2020,16718971,NULL,1920450
Cambodia,27/09/2020,16718971,NULL,1920450
Cambodia,27/10/2020,16718971,NULL,1920450
Cambodia,27/11/2020,16718971,NULL,1920450
Cambodia,27/12/2020,16718971,NULL,1920450
Cambodia,28/01/2020,16718971,NULL,1920450
Cambodia,28/01/2021,16718971,NULL,1920450
Cambodia,28/02/2020,16718971,NULL,1920450
Cambodia,28/02/2021,16718971,NULL,1920450
Cambodia,28/03/2020,16718971,NULL,1920450
Cambodia,28/03/2021,16718971,14280,1934730
Cambodia,28/04/2020,16718971,NULL,1934730
Cambodia,28/04/2021,16718971,NULL,1934730
Cambodia,28/05/2020,16718971,NULL,1934730
Cambodia,28/06/2020,16718971,NULL,1934730
Cambodia,28/07/2020,16718971,NULL,1934730
Cambodia,28/08/2020,16718971,NULL,1934730
Cambodia,28/09/2020,16718971,NULL,1934730
Cambodia,28/10/2020,16718971,NULL,1934730
Cambodia,28/11/2020,16718971,NULL,1934730
Cambodia,28/12/2020,16718971,NULL,1934730
Cambodia,29/01/2020,16718971,NULL,1934730
Cambodia,29/01/2021,16718971,NULL,1934730
Cambodia,29/02/2020,16718971,NULL,1934730
Cambodia,29/03/2020,16718971,NULL,1934730
Cambodia,29/03/2021,16718971,16185,1950915
Cambodia,29/04/2020,16718971,NULL,1950915
Cambodia,29/04/2021,16718971,NULL,1950915
Cambodia,29/05/2020,16718971,NULL,1950915
Cambodia,29/06/2020,16718971,NULL,1950915
Cambodia,29/07/2020,16718971,NULL,1950915
Cambodia,29/08/2020,16718971,NULL,1950915
Cambodia,29/09/2020,16718971,NULL,1950915
Cambodia,29/10/2020,16718971,NULL,1950915
Cambodia,29/11/2020,16718971,NULL,1950915
Cambodia,29/12/2020,16718971,NULL,1950915
Cambodia,30/01/2020,16718971,NULL,1950915
Cambodia,30/01/2021,16718971,NULL,1950915
Cambodia,30/03/2020,16718971,NULL,1950915
Cambodia,30/03/2021,16718971,16118,1967033
Cambodia,30/04/2020,16718971,NULL,1967033
Cambodia,30/04/2021,16718971,43686,2010719
Cambodia,30/05/2020,16718971,NULL,2010719
Cambodia,30/06/2020,16718971,NULL,2010719
Cambodia,30/07/2020,16718971,NULL,2010719
Cambodia,30/08/2020,16718971,NULL,2010719
Cambodia,30/09/2020,16718971,NULL,2010719
Cambodia,30/10/2020,16718971,NULL,2010719
Cambodia,30/11/2020,16718971,NULL,2010719
Cambodia,30/12/2020,16718971,NULL,2010719
Cambodia,31/01/2020,16718971,NULL,2010719
Cambodia,31/01/2021,16718971,NULL,2010719
Cambodia,31/03/2020,16718971,NULL,2010719
Cambodia,31/03/2021,16718971,17996,2028715
Cambodia,31/05/2020,16718971,NULL,2028715
Cambodia,31/07/2020,16718971,NULL,2028715
Cambodia,31/08/2020,16718971,NULL,2028715
Cambodia,31/10/2020,16718971,NULL,2028715
Cambodia,31/12/2020,16718971,NULL,2028715
Indonesia,01/01/2021,273523621,NULL,NULL
Indonesia,01/02/2021,273523621,59257,59257
Indonesia,01/03/2021,273523621,NULL,59257
Indonesia,01/04/2020,273523621,NULL,59257
Indonesia,01/04/2021,273523621,551157,610414
Indonesia,01/05/2020,273523621,NULL,610414
Indonesia,01/06/2020,273523621,NULL,610414
Indonesia,01/07/2020,273523621,NULL,610414
Indonesia,01/08/2020,273523621,NULL,610414
Indonesia,01/09/2020,273523621,NULL,610414
Indonesia,01/10/2020,273523621,NULL,610414
Indonesia,01/11/2020,273523621,NULL,610414
Indonesia,01/12/2020,273523621,NULL,610414
Indonesia,02/01/2021,273523621,NULL,610414
Indonesia,02/02/2021,273523621,73321,683735
Indonesia,02/03/2020,273523621,NULL,683735
Indonesia,02/03/2021,273523621,NULL,683735
Indonesia,02/04/2020,273523621,NULL,683735
Indonesia,02/04/2021,273523621,66463,750198
Indonesia,02/05/2020,273523621,NULL,750198
Indonesia,02/06/2020,273523621,NULL,750198
Indonesia,02/07/2020,273523621,NULL,750198
Indonesia,02/08/2020,273523621,NULL,750198
Indonesia,02/09/2020,273523621,NULL,750198
Indonesia,02/10/2020,273523621,NULL,750198
Indonesia,02/11/2020,273523621,NULL,750198
Indonesia,02/12/2020,273523621,NULL,750198
Indonesia,03/01/2021,273523621,NULL,750198
Indonesia,03/02/2021,273523621,69388,819586
Indonesia,03/03/2020,273523621,NULL,819586
Indonesia,03/03/2021,273523621,363003,1182589
Indonesia,03/04/2020,273523621,NULL,1182589
Indonesia,03/04/2021,273523621,NULL,1182589
Indonesia,03/05/2020,273523621,NULL,1182589
Indonesia,03/06/2020,273523621,NULL,1182589
Indonesia,03/07/2020,273523621,NULL,1182589
Indonesia,03/08/2020,273523621,NULL,1182589
Indonesia,03/09/2020,273523621,NULL,1182589
Indonesia,03/10/2020,273523621,NULL,1182589
Indonesia,03/11/2020,273523621,NULL,1182589
Indonesia,03/12/2020,273523621,NULL,1182589
Indonesia,04/01/2021,273523621,NULL,1182589
Indonesia,04/02/2021,273523621,79172,1261761
Indonesia,04/03/2020,273523621,NULL,1261761
Indonesia,04/03/2021,273523621,NULL,1261761
Indonesia,04/04/2020,273523621,NULL,1261761
Indonesia,04/04/2021,273523621,NULL,1261761
Indonesia,04/05/2020,273523621,NULL,1261761
Indonesia,04/06/2020,273523621,NULL,1261761
Indonesia,04/07/2020,273523621,NULL,1261761
Indonesia,04/08/2020,273523621,NULL,1261761
Indonesia,04/09/2020,273523621,NULL,1261761
Indonesia,04/10/2020,273523621,NULL,1261761
Indonesia,04/11/2020,273523621,NULL,1261761
Indonesia,04/12/2020,273523621,NULL,1261761
Indonesia,05/01/2021,273523621,NULL,1261761
Indonesia,05/02/2021,273523621,68790,1330551
Indonesia,05/03/2020,273523621,NULL,1330551
Indonesia,05/03/2021,273523621,NULL,1330551
Indonesia,05/04/2020,273523621,NULL,1330551
Indonesia,05/04/2021,273523621,NULL,1330551
Indonesia,05/05/2020,273523621,NULL,1330551
Indonesia,05/06/2020,273523621,NULL,1330551
Indonesia,05/07/2020,273523621,NULL,1330551
Indonesia,05/08/2020,273523621,NULL,1330551
Indonesia,05/09/2020,273523621,NULL,1330551
Indonesia,05/10/2020,273523621,NULL,1330551
Indonesia,05/11/2020,273523621,NULL,1330551
Indonesia,05/12/2020,273523621,NULL,1330551
Indonesia,06/01/2021,273523621,NULL,1330551
Indonesia,06/02/2021,273523621,48694,1379245
Indonesia,06/03/2020,273523621,NULL,1379245
Indonesia,06/03/2021,273523621,NULL,1379245
Indonesia,06/04/2020,273523621,NULL,1379245
Indonesia,06/04/2021,273523621,NULL,1379245
Indonesia,06/05/2020,273523621,NULL,1379245
Indonesia,06/06/2020,273523621,NULL,1379245
Indonesia,06/07/2020,273523621,NULL,1379245
Indonesia,06/08/2020,273523621,NULL,1379245
Indonesia,06/09/2020,273523621,NULL,1379245
Indonesia,06/10/2020,273523621,NULL,1379245
Indonesia,06/11/2020,273523621,NULL,1379245
Indonesia,06/12/2020,273523621,NULL,1379245
Indonesia,07/01/2021,273523621,NULL,1379245
Indonesia,07/02/2021,273523621,9146,1388391
Indonesia,07/03/2020,273523621,NULL,1388391
Indonesia,07/03/2021,273523621,NULL,1388391
Indonesia,07/04/2020,273523621,NULL,1388391
Indonesia,07/04/2021,273523621,NULL,1388391
Indonesia,07/05/2020,273523621,NULL,1388391
Indonesia,07/06/2020,273523621,NULL,1388391
Indonesia,07/07/2020,273523621,NULL,1388391
Indonesia,07/08/2020,273523621,NULL,1388391
Indonesia,07/09/2020,273523621,NULL,1388391
Indonesia,07/10/2020,273523621,NULL,1388391
Indonesia,07/11/2020,273523621,NULL,1388391
Indonesia,07/12/2020,273523621,NULL,1388391
Indonesia,08/01/2021,273523621,NULL,1388391
Indonesia,08/02/2021,273523621,62406,1450797
Indonesia,08/03/2020,273523621,NULL,1450797
Indonesia,08/03/2021,273523621,NULL,1450797
Indonesia,08/04/2020,273523621,NULL,1450797
Indonesia,08/04/2021,273523621,NULL,1450797
Indonesia,08/05/2020,273523621,NULL,1450797
Indonesia,08/06/2020,273523621,NULL,1450797
Indonesia,08/07/2020,273523621,NULL,1450797
Indonesia,08/08/2020,273523621,NULL,1450797
Indonesia,08/09/2020,273523621,NULL,1450797
Indonesia,08/10/2020,273523621,NULL,1450797
Indonesia,08/11/2020,273523621,NULL,1450797
Indonesia,08/12/2020,273523621,NULL,1450797
Indonesia,09/01/2021,273523621,NULL,1450797
Indonesia,09/02/2021,273523621,81005,1531802
Indonesia,09/03/2020,273523621,NULL,1531802
Indonesia,09/03/2021,273523621,NULL,1531802
Indonesia,09/04/2020,273523621,NULL,1531802
Indonesia,09/04/2021,273523621,NULL,1531802
Indonesia,09/05/2020,273523621,NULL,1531802
Indonesia,09/06/2020,273523621,NULL,1531802
Indonesia,09/07/2020,273523621,NULL,1531802
Indonesia,09/08/2020,273523621,NULL,1531802
Indonesia,09/09/2020,273523621,NULL,1531802
Indonesia,09/10/2020,273523621,NULL,1531802
Indonesia,09/11/2020,273523621,NULL,1531802
Indonesia,09/12/2020,273523621,NULL,1531802
Indonesia,10/01/2021,273523621,NULL,1531802
Indonesia,10/02/2021,273523621,181937,1713739
Indonesia,10/03/2020,273523621,NULL,1713739
Indonesia,10/03/2021,273523621,NULL,1713739
Indonesia,10/04/2020,273523621,NULL,1713739
Indonesia,10/04/2021,273523621,NULL,1713739
Indonesia,10/05/2020,273523621,NULL,1713739
Indonesia,10/06/2020,273523621,NULL,1713739
Indonesia,10/07/2020,273523621,NULL,1713739
Indonesia,10/08/2020,273523621,NULL,1713739
Indonesia,10/09/2020,273523621,NULL,1713739
Indonesia,10/10/2020,273523621,NULL,1713739
Indonesia,10/11/2020,273523621,NULL,1713739
Indonesia,10/12/2020,273523621,NULL,1713739
Indonesia,11/01/2021,273523621,NULL,1713739
Indonesia,11/02/2021,273523621,113994,1827733
Indonesia,11/03/2020,273523621,NULL,1827733
Indonesia,11/03/2021,273523621,154098,1981831
Indonesia,11/04/2020,273523621,NULL,1981831
Indonesia,11/04/2021,273523621,NULL,1981831
Indonesia,11/05/2020,273523621,NULL,1981831
Indonesia,11/06/2020,273523621,NULL,1981831
Indonesia,11/07/2020,273523621,NULL,1981831
Indonesia,11/08/2020,273523621,NULL,1981831
Indonesia,11/09/2020,273523621,NULL,1981831
Indonesia,11/10/2020,273523621,NULL,1981831
Indonesia,11/11/2020,273523621,NULL,1981831
Indonesia,11/12/2020,273523621,NULL,1981831
Indonesia,12/01/2021,273523621,NULL,1981831
Indonesia,12/02/2021,273523621,NULL,1981831
Indonesia,12/03/2020,273523621,NULL,1981831
Indonesia,12/03/2021,273523621,116862,2098693
Indonesia,12/04/2020,273523621,NULL,2098693
Indonesia,12/04/2021,273523621,NULL,2098693
Indonesia,12/05/2020,273523621,NULL,2098693
Indonesia,12/06/2020,273523621,NULL,2098693
Indonesia,12/07/2020,273523621,NULL,2098693
Indonesia,12/08/2020,273523621,NULL,2098693
Indonesia,12/09/2020,273523621,NULL,2098693
Indonesia,12/10/2020,273523621,NULL,2098693
Indonesia,12/11/2020,273523621,NULL,2098693
Indonesia,12/12/2020,273523621,NULL,2098693
Indonesia,13/01/2021,273523621,NULL,2098693
Indonesia,13/02/2021,273523621,NULL,2098693
Indonesia,13/03/2020,273523621,NULL,2098693
Indonesia,13/03/2021,273523621,331896,2430589
Indonesia,13/04/2020,273523621,NULL,2430589
Indonesia,13/04/2021,273523621,208875,2639464
Indonesia,13/05/2020,273523621,NULL,2639464
Indonesia,13/06/2020,273523621,NULL,2639464
Indonesia,13/07/2020,273523621,NULL,2639464
Indonesia,13/08/2020,273523621,NULL,2639464
Indonesia,13/09/2020,273523621,NULL,2639464
Indonesia,13/10/2020,273523621,NULL,2639464
Indonesia,13/11/2020,273523621,NULL,2639464
Indonesia,13/12/2020,273523621,NULL,2639464
Indonesia,14/01/2021,273523621,NULL,2639464
Indonesia,14/02/2021,273523621,18513,2657977
Indonesia,14/03/2020,273523621,NULL,2657977
Indonesia,14/03/2021,273523621,39914,2697891
Indonesia,14/04/2020,273523621,NULL,2697891
Indonesia,14/04/2021,273523621,196794,2894685
Indonesia,14/05/2020,273523621,NULL,2894685
Indonesia,14/06/2020,273523621,NULL,2894685
Indonesia,14/07/2020,273523621,NULL,2894685
Indonesia,14/08/2020,273523621,NULL,2894685
Indonesia,14/09/2020,273523621,NULL,2894685
Indonesia,14/10/2020,273523621,NULL,2894685
Indonesia,14/11/2020,273523621,NULL,2894685
Indonesia,14/12/2020,273523621,NULL,2894685
Indonesia,15/01/2021,273523621,NULL,2894685
Indonesia,15/02/2021,273523621,84395,2979080
Indonesia,15/03/2020,273523621,NULL,2979080
Indonesia,15/03/2021,273523621,259302,3238382
Indonesia,15/04/2020,273523621,NULL,3238382
Indonesia,15/04/2021,273523621,490483,3728865
Indonesia,15/05/2020,273523621,NULL,3728865
Indonesia,15/06/2020,273523621,NULL,3728865
Indonesia,15/07/2020,273523621,NULL,3728865
Indonesia,15/08/2020,273523621,NULL,3728865
Indonesia,15/09/2020,273523621,NULL,3728865
Indonesia,15/10/2020,273523621,NULL,3728865
Indonesia,15/11/2020,273523621,NULL,3728865
Indonesia,15/12/2020,273523621,NULL,3728865
Indonesia,16/01/2021,273523621,NULL,3728865
Indonesia,16/02/2021,273523621,79390,3808255
Indonesia,16/03/2020,273523621,NULL,3808255
Indonesia,16/03/2021,273523621,446052,4254307
Indonesia,16/04/2020,273523621,NULL,4254307
Indonesia,16/04/2021,273523621,NULL,4254307
Indonesia,16/05/2020,273523621,NULL,4254307
Indonesia,16/06/2020,273523621,NULL,4254307
Indonesia,16/07/2020,273523621,NULL,4254307
Indonesia,16/08/2020,273523621,NULL,4254307
Indonesia,16/09/2020,273523621,NULL,4254307
Indonesia,16/10/2020,273523621,NULL,4254307
Indonesia,16/11/2020,273523621,NULL,4254307
Indonesia,16/12/2020,273523621,NULL,4254307
Indonesia,17/01/2021,273523621,NULL,4254307
Indonesia,17/02/2021,273523621,89157,4343464
Indonesia,17/03/2020,273523621,NULL,4343464
Indonesia,17/03/2021,273523621,395688,4739152
Indonesia,17/04/2020,273523621,NULL,4739152
Indonesia,17/04/2021,273523621,NULL,4739152
Indonesia,17/05/2020,273523621,NULL,4739152
Indonesia,17/06/2020,273523621,NULL,4739152
Indonesia,17/07/2020,273523621,NULL,4739152
Indonesia,17/08/2020,273523621,NULL,4739152
Indonesia,17/09/2020,273523621,NULL,4739152
Indonesia,17/10/2020,273523621,NULL,4739152
Indonesia,17/11/2020,273523621,NULL,4739152
Indonesia,17/12/2020,273523621,NULL,4739152
Indonesia,18/01/2021,273523621,NULL,4739152
Indonesia,18/02/2021,273523621,40709,4779861
Indonesia,18/03/2020,273523621,NULL,4779861
Indonesia,18/03/2021,273523621,205895,4985756
Indonesia,18/04/2020,273523621,NULL,4985756
Indonesia,18/04/2021,273523621,NULL,4985756
Indonesia,18/05/2020,273523621,NULL,4985756
Indonesia,18/06/2020,273523621,NULL,4985756
Indonesia,18/07/2020,273523621,NULL,4985756
Indonesia,18/08/2020,273523621,NULL,4985756
Indonesia,18/09/2020,273523621,NULL,4985756
Indonesia,18/10/2020,273523621,NULL,4985756
Indonesia,18/11/2020,273523621,NULL,4985756
Indonesia,18/12/2020,273523621,NULL,4985756
Indonesia,19/01/2021,273523621,NULL,4985756
Indonesia,19/02/2021,273523621,NULL,4985756
Indonesia,19/03/2020,273523621,NULL,4985756
Indonesia,19/03/2021,273523621,558865,5544621
Indonesia,19/04/2020,273523621,NULL,5544621
Indonesia,19/04/2021,273523621,NULL,5544621
Indonesia,19/05/2020,273523621,NULL,5544621
Indonesia,19/06/2020,273523621,NULL,5544621
Indonesia,19/07/2020,273523621,NULL,5544621
Indonesia,19/08/2020,273523621,NULL,5544621
Indonesia,19/09/2020,273523621,NULL,5544621
Indonesia,19/10/2020,273523621,NULL,5544621
Indonesia,19/11/2020,273523621,NULL,5544621
Indonesia,19/12/2020,273523621,NULL,5544621
Indonesia,20/01/2021,273523621,NULL,5544621
Indonesia,20/02/2021,273523621,NULL,5544621
Indonesia,20/03/2020,273523621,NULL,5544621
Indonesia,20/03/2021,273523621,489209,6033830
Indonesia,20/04/2020,273523621,NULL,6033830
Indonesia,20/04/2021,273523621,250046,6283876
Indonesia,20/05/2020,273523621,NULL,6283876
Indonesia,20/06/2020,273523621,NULL,6283876
Indonesia,20/07/2020,273523621,NULL,6283876
Indonesia,20/08/2020,273523621,NULL,6283876
Indonesia,20/09/2020,273523621,NULL,6283876
Indonesia,20/10/2020,273523621,NULL,6283876
Indonesia,20/11/2020,273523621,NULL,6283876
Indonesia,20/12/2020,273523621,NULL,6283876
Indonesia,21/01/2021,273523621,NULL,6283876
Indonesia,21/02/2021,273523621,NULL,6283876
Indonesia,21/03/2020,273523621,NULL,6283876
Indonesia,21/03/2021,273523621,44524,6328400
Indonesia,21/04/2020,273523621,NULL,6328400
Indonesia,21/04/2021,273523621,369224,6697624
Indonesia,21/05/2020,273523621,NULL,6697624
Indonesia,21/06/2020,273523621,NULL,6697624
Indonesia,21/07/2020,273523621,NULL,6697624
Indonesia,21/08/2020,273523621,NULL,6697624
Indonesia,21/09/2020,273523621,NULL,6697624
Indonesia,21/10/2020,273523621,NULL,6697624
Indonesia,21/11/2020,273523621,NULL,6697624
Indonesia,21/12/2020,273523621,NULL,6697624
Indonesia,22/01/2021,273523621,NULL,6697624
Indonesia,22/02/2021,273523621,NULL,6697624
Indonesia,22/03/2020,273523621,NULL,6697624
Indonesia,22/03/2021,273523621,346751,7044375
Indonesia,22/04/2020,273523621,NULL,7044375
Indonesia,22/04/2021,273523621,276683,7321058
Indonesia,22/05/2020,273523621,NULL,7321058
Indonesia,22/06/2020,273523621,NULL,7321058
Indonesia,22/07/2020,273523621,NULL,7321058
Indonesia,22/08/2020,273523621,NULL,7321058
Indonesia,22/09/2020,273523621,NULL,7321058
Indonesia,22/10/2020,273523621,NULL,7321058
Indonesia,22/11/2020,273523621,NULL,7321058
Indonesia,22/12/2020,273523621,NULL,7321058
Indonesia,23/01/2021,273523621,NULL,7321058
Indonesia,23/02/2021,273523621,NULL,7321058
Indonesia,23/03/2020,273523621,NULL,7321058
Indonesia,23/03/2021,273523621,1104221,8425279
Indonesia,23/04/2020,273523621,NULL,8425279
Indonesia,23/04/2021,273523621,401670,8826949
Indonesia,23/05/2020,273523621,NULL,8826949
Indonesia,23/06/2020,273523621,NULL,8826949
Indonesia,23/07/2020,273523621,NULL,8826949
Indonesia,23/08/2020,273523621,NULL,8826949
Indonesia,23/09/2020,273523621,NULL,8826949
Indonesia,23/10/2020,273523621,NULL,8826949
Indonesia,23/11/2020,273523621,NULL,8826949
Indonesia,23/12/2020,273523621,NULL,8826949
Indonesia,24/01/2021,273523621,NULL,8826949
Indonesia,24/02/2021,273523621,128917,8955866
Indonesia,24/03/2020,273523621,NULL,8955866
Indonesia,24/03/2021,273523621,NULL,8955866
Indonesia,24/04/2020,273523621,NULL,8955866
Indonesia,24/04/2021,273523621,NULL,8955866
Indonesia,24/05/2020,273523621,NULL,8955866
Indonesia,24/06/2020,273523621,NULL,8955866
Indonesia,24/07/2020,273523621,NULL,8955866
Indonesia,24/08/2020,273523621,NULL,8955866
Indonesia,24/09/2020,273523621,NULL,8955866
Indonesia,24/10/2020,273523621,NULL,8955866
Indonesia,24/11/2020,273523621,NULL,8955866
Indonesia,24/12/2020,273523621,NULL,8955866
Indonesia,25/01/2021,273523621,12717,8968583
Indonesia,25/02/2021,273523621,126877,9095460
Indonesia,25/03/2020,273523621,NULL,9095460
Indonesia,25/03/2021,273523621,NULL,9095460
Indonesia,25/04/2020,273523621,NULL,9095460
Indonesia,25/04/2021,273523621,NULL,9095460
Indonesia,25/05/2020,273523621,NULL,9095460
Indonesia,25/06/2020,273523621,NULL,9095460
Indonesia,25/07/2020,273523621,NULL,9095460
Indonesia,25/08/2020,273523621,NULL,9095460
Indonesia,25/09/2020,273523621,NULL,9095460
Indonesia,25/10/2020,273523621,NULL,9095460
Indonesia,25/11/2020,273523621,NULL,9095460
Indonesia,25/12/2020,273523621,NULL,9095460
Indonesia,26/01/2021,273523621,83726,9179186
Indonesia,26/02/2021,273523621,133786,9312972
Indonesia,26/03/2020,273523621,NULL,9312972
Indonesia,26/03/2021,273523621,667178,9980150
Indonesia,26/04/2020,273523621,NULL,9980150
Indonesia,26/04/2021,273523621,271909,10252059
Indonesia,26/05/2020,273523621,NULL,10252059
Indonesia,26/06/2020,273523621,NULL,10252059
Indonesia,26/07/2020,273523621,NULL,10252059
Indonesia,26/08/2020,273523621,NULL,10252059
Indonesia,26/09/2020,273523621,NULL,10252059
Indonesia,26/10/2020,273523621,NULL,10252059
Indonesia,26/11/2020,273523621,NULL,10252059
Indonesia,26/12/2020,273523621,NULL,10252059
Indonesia,27/01/2021,273523621,62318,10314377
Indonesia,27/02/2021,273523621,149084,10463461
Indonesia,27/03/2020,273523621,NULL,10463461
Indonesia,27/03/2021,273523621,12866,10476327
Indonesia,27/04/2020,273523621,NULL,10476327
Indonesia,27/04/2021,273523621,387563,10863890
Indonesia,27/05/2020,273523621,NULL,10863890
Indonesia,27/06/2020,273523621,NULL,10863890
Indonesia,27/07/2020,273523621,NULL,10863890
Indonesia,27/08/2020,273523621,NULL,10863890
Indonesia,27/09/2020,273523621,NULL,10863890
Indonesia,27/10/2020,273523621,NULL,10863890
Indonesia,27/11/2020,273523621,NULL,10863890
Indonesia,27/12/2020,273523621,NULL,10863890
Indonesia,28/01/2021,273523621,65783,10929673
Indonesia,28/02/2021,273523621,91628,11021301
Indonesia,28/03/2020,273523621,NULL,11021301
Indonesia,28/03/2021,273523621,340800,11362101
Indonesia,28/04/2020,273523621,NULL,11362101
Indonesia,28/04/2021,273523621,331026,11693127
Indonesia,28/05/2020,273523621,NULL,11693127
Indonesia,28/06/2020,273523621,NULL,11693127
Indonesia,28/07/2020,273523621,NULL,11693127
Indonesia,28/08/2020,273523621,NULL,11693127
Indonesia,28/09/2020,273523621,NULL,11693127
Indonesia,28/10/2020,273523621,NULL,11693127
Indonesia,28/11/2020,273523621,NULL,11693127
Indonesia,28/12/2020,273523621,NULL,11693127
Indonesia,29/01/2021,273523621,42513,11735640
Indonesia,29/03/2020,273523621,NULL,11735640
Indonesia,29/03/2021,273523621,NULL,11735640
Indonesia,29/04/2020,273523621,NULL,11735640
Indonesia,29/04/2021,273523621,328726,12064366
Indonesia,29/05/2020,273523621,NULL,12064366
Indonesia,29/06/2020,273523621,NULL,12064366
Indonesia,29/07/2020,273523621,NULL,12064366
Indonesia,29/08/2020,273523621,NULL,12064366
Indonesia,29/09/2020,273523621,NULL,12064366
Indonesia,29/10/2020,273523621,NULL,12064366
Indonesia,29/11/2020,273523621,NULL,12064366
Indonesia,29/12/2020,273523621,NULL,12064366
Indonesia,30/01/2021,273523621,86656,12151022
Indonesia,30/03/2020,273523621,NULL,12151022
Indonesia,30/03/2021,273523621,NULL,12151022
Indonesia,30/04/2020,273523621,NULL,12151022
Indonesia,30/04/2021,273523621,178339,12329361
Indonesia,30/05/2020,273523621,NULL,12329361
Indonesia,30/06/2020,273523621,NULL,12329361
Indonesia,30/07/2020,273523621,NULL,12329361
Indonesia,30/08/2020,273523621,NULL,12329361
Indonesia,30/09/2020,273523621,NULL,12329361
Indonesia,30/10/2020,273523621,NULL,12329361
Indonesia,30/11/2020,273523621,NULL,12329361
Indonesia,30/12/2020,273523621,NULL,12329361
Indonesia,31/01/2021,273523621,12726,12342087
Indonesia,31/03/2020,273523621,NULL,12342087
Indonesia,31/03/2021,273523621,NULL,12342087
Indonesia,31/05/2020,273523621,NULL,12342087
Indonesia,31/07/2020,273523621,NULL,12342087
Indonesia,31/08/2020,273523621,NULL,12342087
Indonesia,31/10/2020,273523621,NULL,12342087
Indonesia,31/12/2020,273523621,NULL,12342087
Laos,01/01/2021,7275556,NULL,NULL
Laos,01/02/2021,7275556,NULL,NULL
Laos,01/03/2021,7275556,NULL,NULL
Laos,01/04/2020,7275556,NULL,NULL
Laos,01/04/2021,7275556,NULL,NULL
Laos,01/05/2020,7275556,NULL,NULL
Laos,01/06/2020,7275556,NULL,NULL
Laos,01/07/2020,7275556,NULL,NULL
Laos,01/08/2020,7275556,NULL,NULL
Laos,01/09/2020,7275556,NULL,NULL
Laos,01/10/2020,7275556,NULL,NULL
Laos,01/11/2020,7275556,NULL,NULL
Laos,01/12/2020,7275556,NULL,NULL
Laos,02/01/2021,7275556,NULL,NULL
Laos,02/02/2021,7275556,NULL,NULL
Laos,02/03/2021,7275556,NULL,NULL
Laos,02/04/2020,7275556,NULL,NULL
Laos,02/04/2021,7275556,NULL,NULL
Laos,02/05/2020,7275556,NULL,NULL
Laos,02/06/2020,7275556,NULL,NULL
Laos,02/07/2020,7275556,NULL,NULL
Laos,02/08/2020,7275556,NULL,NULL
Laos,02/09/2020,7275556,NULL,NULL
Laos,02/10/2020,7275556,NULL,NULL
Laos,02/11/2020,7275556,NULL,NULL
Laos,02/12/2020,7275556,NULL,NULL
Laos,03/01/2021,7275556,NULL,NULL
Laos,03/02/2021,7275556,NULL,NULL
Laos,03/03/2021,7275556,NULL,NULL
Laos,03/04/2020,7275556,NULL,NULL
Laos,03/04/2021,7275556,NULL,NULL
Laos,03/05/2020,7275556,NULL,NULL
Laos,03/06/2020,7275556,NULL,NULL
Laos,03/07/2020,7275556,NULL,NULL
Laos,03/08/2020,7275556,NULL,NULL
Laos,03/09/2020,7275556,NULL,NULL
Laos,03/10/2020,7275556,NULL,NULL
Laos,03/11/2020,7275556,NULL,NULL
Laos,03/12/2020,7275556,NULL,NULL
Laos,04/01/2021,7275556,NULL,NULL
Laos,04/02/2021,7275556,NULL,NULL
Laos,04/03/2021,7275556,NULL,NULL
Laos,04/04/2020,7275556,NULL,NULL
Laos,04/04/2021,7275556,NULL,NULL
Laos,04/05/2020,7275556,NULL,NULL
Laos,04/06/2020,7275556,NULL,NULL
Laos,04/07/2020,7275556,NULL,NULL
Laos,04/08/2020,7275556,NULL,NULL
Laos,04/09/2020,7275556,NULL,NULL
Laos,04/10/2020,7275556,NULL,NULL
Laos,04/11/2020,7275556,NULL,NULL
Laos,04/12/2020,7275556,NULL,NULL
Laos,05/01/2021,7275556,NULL,NULL
Laos,05/02/2021,7275556,NULL,NULL
Laos,05/03/2021,7275556,NULL,NULL
Laos,05/04/2020,7275556,NULL,NULL
Laos,05/04/2021,7275556,NULL,NULL
Laos,05/05/2020,7275556,NULL,NULL
Laos,05/06/2020,7275556,NULL,NULL
Laos,05/07/2020,7275556,NULL,NULL
Laos,05/08/2020,7275556,NULL,NULL
Laos,05/09/2020,7275556,NULL,NULL
Laos,05/10/2020,7275556,NULL,NULL
Laos,05/11/2020,7275556,NULL,NULL
Laos,05/12/2020,7275556,NULL,NULL
Laos,06/01/2021,7275556,NULL,NULL
Laos,06/02/2021,7275556,NULL,NULL
Laos,06/03/2021,7275556,NULL,NULL
Laos,06/04/2020,7275556,NULL,NULL
Laos,06/04/2021,7275556,NULL,NULL
Laos,06/05/2020,7275556,NULL,NULL
Laos,06/06/2020,7275556,NULL,NULL
Laos,06/07/2020,7275556,NULL,NULL
Laos,06/08/2020,7275556,NULL,NULL
Laos,06/09/2020,7275556,NULL,NULL
Laos,06/10/2020,7275556,NULL,NULL
Laos,06/11/2020,7275556,NULL,NULL
Laos,06/12/2020,7275556,NULL,NULL
Laos,07/01/2021,7275556,NULL,NULL
Laos,07/02/2021,7275556,NULL,NULL
Laos,07/03/2021,7275556,NULL,NULL
Laos,07/04/2020,7275556,NULL,NULL
Laos,07/04/2021,7275556,NULL,NULL
Laos,07/05/2020,7275556,NULL,NULL
Laos,07/06/2020,7275556,NULL,NULL
Laos,07/07/2020,7275556,NULL,NULL
Laos,07/08/2020,7275556,NULL,NULL
Laos,07/09/2020,7275556,NULL,NULL
Laos,07/10/2020,7275556,NULL,NULL
Laos,07/11/2020,7275556,NULL,NULL
Laos,07/12/2020,7275556,NULL,NULL
Laos,08/01/2021,7275556,NULL,NULL
Laos,08/02/2021,7275556,NULL,NULL
Laos,08/03/2021,7275556,NULL,NULL
Laos,08/04/2020,7275556,NULL,NULL
Laos,08/04/2021,7275556,NULL,NULL
Laos,08/05/2020,7275556,NULL,NULL
Laos,08/06/2020,7275556,NULL,NULL
Laos,08/07/2020,7275556,NULL,NULL
Laos,08/08/2020,7275556,NULL,NULL
Laos,08/09/2020,7275556,NULL,NULL
Laos,08/10/2020,7275556,NULL,NULL
Laos,08/11/2020,7275556,NULL,NULL
Laos,08/12/2020,7275556,NULL,NULL
Laos,09/01/2021,7275556,NULL,NULL
Laos,09/02/2021,7275556,NULL,NULL
Laos,09/03/2021,7275556,NULL,NULL
Laos,09/04/2020,7275556,NULL,NULL
Laos,09/04/2021,7275556,NULL,NULL
Laos,09/05/2020,7275556,NULL,NULL
Laos,09/06/2020,7275556,NULL,NULL
Laos,09/07/2020,7275556,NULL,NULL
Laos,09/08/2020,7275556,NULL,NULL
Laos,09/09/2020,7275556,NULL,NULL
Laos,09/10/2020,7275556,NULL,NULL
Laos,09/11/2020,7275556,NULL,NULL
Laos,09/12/2020,7275556,NULL,NULL
Laos,10/01/2021,7275556,NULL,NULL
Laos,10/02/2021,7275556,NULL,NULL
Laos,10/03/2021,7275556,NULL,NULL
Laos,10/04/2020,7275556,NULL,NULL
Laos,10/04/2021,7275556,NULL,NULL
Laos,10/05/2020,7275556,NULL,NULL
Laos,10/06/2020,7275556,NULL,NULL
Laos,10/07/2020,7275556,NULL,NULL
Laos,10/08/2020,7275556,NULL,NULL
Laos,10/09/2020,7275556,NULL,NULL
Laos,10/10/2020,7275556,NULL,NULL
Laos,10/11/2020,7275556,NULL,NULL
Laos,10/12/2020,7275556,NULL,NULL
Laos,11/01/2021,7275556,NULL,NULL
Laos,11/02/2021,7275556,NULL,NULL
Laos,11/03/2021,7275556,NULL,NULL
Laos,11/04/2020,7275556,NULL,NULL
Laos,11/04/2021,7275556,NULL,NULL
Laos,11/05/2020,7275556,NULL,NULL
Laos,11/06/2020,7275556,NULL,NULL
Laos,11/07/2020,7275556,NULL,NULL
Laos,11/08/2020,7275556,NULL,NULL
Laos,11/09/2020,7275556,NULL,NULL
Laos,11/10/2020,7275556,NULL,NULL
Laos,11/11/2020,7275556,NULL,NULL
Laos,11/12/2020,7275556,NULL,NULL
Laos,12/01/2021,7275556,NULL,NULL
Laos,12/02/2021,7275556,NULL,NULL
Laos,12/03/2021,7275556,NULL,NULL
Laos,12/04/2020,7275556,NULL,NULL
Laos,12/04/2021,7275556,NULL,NULL
Laos,12/05/2020,7275556,NULL,NULL
Laos,12/06/2020,7275556,NULL,NULL
Laos,12/07/2020,7275556,NULL,NULL
Laos,12/08/2020,7275556,NULL,NULL
Laos,12/09/2020,7275556,NULL,NULL
Laos,12/10/2020,7275556,NULL,NULL
Laos,12/11/2020,7275556,NULL,NULL
Laos,12/12/2020,7275556,NULL,NULL
Laos,13/01/2021,7275556,NULL,NULL
Laos,13/02/2021,7275556,NULL,NULL
Laos,13/03/2021,7275556,NULL,NULL
Laos,13/04/2020,7275556,NULL,NULL
Laos,13/04/2021,7275556,NULL,NULL
Laos,13/05/2020,7275556,NULL,NULL
Laos,13/06/2020,7275556,NULL,NULL
Laos,13/07/2020,7275556,NULL,NULL
Laos,13/08/2020,7275556,NULL,NULL
Laos,13/09/2020,7275556,NULL,NULL
Laos,13/10/2020,7275556,NULL,NULL
Laos,13/11/2020,7275556,NULL,NULL
Laos,13/12/2020,7275556,NULL,NULL
Laos,14/01/2021,7275556,NULL,NULL
Laos,14/02/2021,7275556,NULL,NULL
Laos,14/03/2021,7275556,NULL,NULL
Laos,14/04/2020,7275556,NULL,NULL
Laos,14/04/2021,7275556,NULL,NULL
Laos,14/05/2020,7275556,NULL,NULL
Laos,14/06/2020,7275556,NULL,NULL
Laos,14/07/2020,7275556,NULL,NULL
Laos,14/08/2020,7275556,NULL,NULL
Laos,14/09/2020,7275556,NULL,NULL
Laos,14/10/2020,7275556,NULL,NULL
Laos,14/11/2020,7275556,NULL,NULL
Laos,14/12/2020,7275556,NULL,NULL
Laos,15/01/2021,7275556,NULL,NULL
Laos,15/02/2021,7275556,NULL,NULL
Laos,15/03/2021,7275556,NULL,NULL
Laos,15/04/2020,7275556,NULL,NULL
Laos,15/04/2021,7275556,NULL,NULL
Laos,15/05/2020,7275556,NULL,NULL
Laos,15/06/2020,7275556,NULL,NULL
Laos,15/07/2020,7275556,NULL,NULL
Laos,15/08/2020,7275556,NULL,NULL
Laos,15/09/2020,7275556,NULL,NULL
Laos,15/10/2020,7275556,NULL,NULL
Laos,15/11/2020,7275556,NULL,NULL
Laos,15/12/2020,7275556,NULL,NULL
Laos,16/01/2021,7275556,NULL,NULL
Laos,16/02/2021,7275556,NULL,NULL
Laos,16/03/2021,7275556,NULL,NULL
Laos,16/04/2020,7275556,NULL,NULL
Laos,16/04/2021,7275556,NULL,NULL
Laos,16/05/2020,7275556,NULL,NULL
Laos,16/06/2020,7275556,NULL,NULL
Laos,16/07/2020,7275556,NULL,NULL
Laos,16/08/2020,7275556,NULL,NULL
Laos,16/09/2020,7275556,NULL,NULL
Laos,16/10/2020,7275556,NULL,NULL
Laos,16/11/2020,7275556,NULL,NULL
Laos,16/12/2020,7275556,NULL,NULL
Laos,17/01/2021,7275556,NULL,NULL
Laos,17/02/2021,7275556,NULL,NULL
Laos,17/03/2021,7275556,NULL,NULL
Laos,17/04/2020,7275556,NULL,NULL
Laos,17/04/2021,7275556,NULL,NULL
Laos,17/05/2020,7275556,NULL,NULL
Laos,17/06/2020,7275556,NULL,NULL
Laos,17/07/2020,7275556,NULL,NULL
Laos,17/08/2020,7275556,NULL,NULL
Laos,17/09/2020,7275556,NULL,NULL
Laos,17/10/2020,7275556,NULL,NULL
Laos,17/11/2020,7275556,NULL,NULL
Laos,17/12/2020,7275556,NULL,NULL
Laos,18/01/2021,7275556,NULL,NULL
Laos,18/02/2021,7275556,NULL,NULL
Laos,18/03/2021,7275556,NULL,NULL
Laos,18/04/2020,7275556,NULL,NULL
Laos,18/04/2021,7275556,NULL,NULL
Laos,18/05/2020,7275556,NULL,NULL
Laos,18/06/2020,7275556,NULL,NULL
Laos,18/07/2020,7275556,NULL,NULL
Laos,18/08/2020,7275556,NULL,NULL
Laos,18/09/2020,7275556,NULL,NULL
Laos,18/10/2020,7275556,NULL,NULL
Laos,18/11/2020,7275556,NULL,NULL
Laos,18/12/2020,7275556,NULL,NULL
Laos,19/01/2021,7275556,NULL,NULL
Laos,19/02/2021,7275556,NULL,NULL
Laos,19/03/2021,7275556,NULL,NULL
Laos,19/04/2020,7275556,NULL,NULL
Laos,19/04/2021,7275556,NULL,NULL
Laos,19/05/2020,7275556,NULL,NULL
Laos,19/06/2020,7275556,NULL,NULL
Laos,19/07/2020,7275556,NULL,NULL
Laos,19/08/2020,7275556,NULL,NULL
Laos,19/09/2020,7275556,NULL,NULL
Laos,19/10/2020,7275556,NULL,NULL
Laos,19/11/2020,7275556,NULL,NULL
Laos,19/12/2020,7275556,NULL,NULL
Laos,20/01/2021,7275556,NULL,NULL
Laos,20/02/2021,7275556,NULL,NULL
Laos,20/03/2021,7275556,NULL,NULL
Laos,20/04/2020,7275556,NULL,NULL
Laos,20/04/2021,7275556,NULL,NULL
Laos,20/05/2020,7275556,NULL,NULL
Laos,20/06/2020,7275556,NULL,NULL
Laos,20/07/2020,7275556,NULL,NULL
Laos,20/08/2020,7275556,NULL,NULL
Laos,20/09/2020,7275556,NULL,NULL
Laos,20/10/2020,7275556,NULL,NULL
Laos,20/11/2020,7275556,NULL,NULL
Laos,20/12/2020,7275556,NULL,NULL
Laos,21/01/2021,7275556,NULL,NULL
Laos,21/02/2021,7275556,NULL,NULL
Laos,21/03/2021,7275556,NULL,NULL
Laos,21/04/2020,7275556,NULL,NULL
Laos,21/04/2021,7275556,NULL,NULL
Laos,21/05/2020,7275556,NULL,NULL
Laos,21/06/2020,7275556,NULL,NULL
Laos,21/07/2020,7275556,NULL,NULL
Laos,21/08/2020,7275556,NULL,NULL
Laos,21/09/2020,7275556,NULL,NULL
Laos,21/10/2020,7275556,NULL,NULL
Laos,21/11/2020,7275556,NULL,NULL
Laos,21/12/2020,7275556,NULL,NULL
Laos,22/01/2021,7275556,NULL,NULL
Laos,22/02/2021,7275556,NULL,NULL
Laos,22/03/2021,7275556,NULL,NULL
Laos,22/04/2020,7275556,NULL,NULL
Laos,22/04/2021,7275556,5643,5643
Laos,22/05/2020,7275556,NULL,5643
Laos,22/06/2020,7275556,NULL,5643
Laos,22/07/2020,7275556,NULL,5643
Laos,22/08/2020,7275556,NULL,5643
Laos,22/09/2020,7275556,NULL,5643
Laos,22/10/2020,7275556,NULL,5643
Laos,22/11/2020,7275556,NULL,5643
Laos,22/12/2020,7275556,NULL,5643
Laos,23/01/2021,7275556,NULL,5643
Laos,23/02/2021,7275556,NULL,5643
Laos,23/03/2021,7275556,NULL,5643
Laos,23/04/2020,7275556,NULL,5643
Laos,23/04/2021,7275556,NULL,5643
Laos,23/05/2020,7275556,NULL,5643
Laos,23/06/2020,7275556,NULL,5643
Laos,23/07/2020,7275556,NULL,5643
Laos,23/08/2020,7275556,NULL,5643
Laos,23/09/2020,7275556,NULL,5643
Laos,23/10/2020,7275556,NULL,5643
Laos,23/11/2020,7275556,NULL,5643
Laos,23/12/2020,7275556,NULL,5643
Laos,24/01/2021,7275556,NULL,5643
Laos,24/02/2021,7275556,NULL,5643
Laos,24/03/2020,7275556,NULL,5643
Laos,24/03/2021,7275556,NULL,5643
Laos,24/04/2020,7275556,NULL,5643
Laos,24/04/2021,7275556,NULL,5643
Laos,24/05/2020,7275556,NULL,5643
Laos,24/06/2020,7275556,NULL,5643
Laos,24/07/2020,7275556,NULL,5643
Laos,24/08/2020,7275556,NULL,5643
Laos,24/09/2020,7275556,NULL,5643
Laos,24/10/2020,7275556,NULL,5643
Laos,24/11/2020,7275556,NULL,5643
Laos,24/12/2020,7275556,NULL,5643
Laos,25/01/2021,7275556,NULL,5643
Laos,25/02/2021,7275556,NULL,5643
Laos,25/03/2020,7275556,NULL,5643
Laos,25/03/2021,7275556,NULL,5643
Laos,25/04/2020,7275556,NULL,5643
Laos,25/04/2021,7275556,4153,9796
Laos,25/05/2020,7275556,NULL,9796
Laos,25/06/2020,7275556,NULL,9796
Laos,25/07/2020,7275556,NULL,9796
Laos,25/08/2020,7275556,NULL,9796
Laos,25/09/2020,7275556,NULL,9796
Laos,25/10/2020,7275556,NULL,9796
Laos,25/11/2020,7275556,NULL,9796
Laos,25/12/2020,7275556,NULL,9796
Laos,26/01/2021,7275556,NULL,9796
Laos,26/02/2021,7275556,NULL,9796
Laos,26/03/2020,7275556,NULL,9796
Laos,26/03/2021,7275556,NULL,9796
Laos,26/04/2020,7275556,NULL,9796
Laos,26/04/2021,7275556,709,10505
Laos,26/05/2020,7275556,NULL,10505
Laos,26/06/2020,7275556,NULL,10505
Laos,26/07/2020,7275556,NULL,10505
Laos,26/08/2020,7275556,NULL,10505
Laos,26/09/2020,7275556,NULL,10505
Laos,26/10/2020,7275556,NULL,10505
Laos,26/11/2020,7275556,NULL,10505
Laos,26/12/2020,7275556,NULL,10505
Laos,27/01/2021,7275556,NULL,10505
Laos,27/02/2021,7275556,NULL,10505
Laos,27/03/2020,7275556,NULL,10505
Laos,27/03/2021,7275556,NULL,10505
Laos,27/04/2020,7275556,NULL,10505
Laos,27/04/2021,7275556,NULL,10505
Laos,27/05/2020,7275556,NULL,10505
Laos,27/06/2020,7275556,NULL,10505
Laos,27/07/2020,7275556,NULL,10505
Laos,27/08/2020,7275556,NULL,10505
Laos,27/09/2020,7275556,NULL,10505
Laos,27/10/2020,7275556,NULL,10505
Laos,27/11/2020,7275556,NULL,10505
Laos,27/12/2020,7275556,NULL,10505
Laos,28/01/2021,7275556,NULL,10505
Laos,28/02/2021,7275556,NULL,10505
Laos,28/03/2020,7275556,NULL,10505
Laos,28/03/2021,7275556,NULL,10505
Laos,28/04/2020,7275556,NULL,10505
Laos,28/04/2021,7275556,NULL,10505
Laos,28/05/2020,7275556,NULL,10505
Laos,28/06/2020,7275556,NULL,10505
Laos,28/07/2020,7275556,NULL,10505
Laos,28/08/2020,7275556,NULL,10505
Laos,28/09/2020,7275556,NULL,10505
Laos,28/10/2020,7275556,NULL,10505
Laos,28/11/2020,7275556,NULL,10505
Laos,28/12/2020,7275556,NULL,10505
Laos,29/01/2021,7275556,NULL,10505
Laos,29/03/2020,7275556,NULL,10505
Laos,29/03/2021,7275556,NULL,10505
Laos,29/04/2020,7275556,NULL,10505
Laos,29/04/2021,7275556,NULL,10505
Laos,29/05/2020,7275556,NULL,10505
Laos,29/06/2020,7275556,NULL,10505
Laos,29/07/2020,7275556,NULL,10505
Laos,29/08/2020,7275556,NULL,10505
Laos,29/09/2020,7275556,NULL,10505
Laos,29/10/2020,7275556,NULL,10505
Laos,29/11/2020,7275556,NULL,10505
Laos,29/12/2020,7275556,NULL,10505
Laos,30/01/2021,7275556,NULL,10505
Laos,30/03/2020,7275556,NULL,10505
Laos,30/03/2021,7275556,NULL,10505
Laos,30/04/2020,7275556,NULL,10505
Laos,30/04/2021,7275556,NULL,10505
Laos,30/05/2020,7275556,NULL,10505
Laos,30/06/2020,7275556,NULL,10505
Laos,30/07/2020,7275556,NULL,10505
Laos,30/08/2020,7275556,NULL,10505
Laos,30/09/2020,7275556,NULL,10505
Laos,30/10/2020,7275556,NULL,10505
Laos,30/11/2020,7275556,NULL,10505
Laos,30/12/2020,7275556,NULL,10505
Laos,31/01/2021,7275556,NULL,10505
Laos,31/03/2020,7275556,NULL,10505
Laos,31/03/2021,7275556,NULL,10505
Laos,31/05/2020,7275556,NULL,10505
Laos,31/07/2020,7275556,NULL,10505
Laos,31/08/2020,7275556,NULL,10505
Laos,31/10/2020,7275556,NULL,10505
Laos,31/12/2020,7275556,NULL,10505
Malaysia,01/01/2021,32365998,NULL,NULL
Malaysia,01/02/2020,32365998,NULL,NULL
Malaysia,01/02/2021,32365998,NULL,NULL
Malaysia,01/03/2020,32365998,NULL,NULL
Malaysia,01/03/2021,32365998,NULL,NULL
Malaysia,01/04/2020,32365998,NULL,NULL
Malaysia,01/04/2021,32365998,42023,42023
Malaysia,01/05/2020,32365998,NULL,42023
Malaysia,01/06/2020,32365998,NULL,42023
Malaysia,01/07/2020,32365998,NULL,42023
Malaysia,01/08/2020,32365998,NULL,42023
Malaysia,01/09/2020,32365998,NULL,42023
Malaysia,01/10/2020,32365998,NULL,42023
Malaysia,01/11/2020,32365998,NULL,42023
Malaysia,01/12/2020,32365998,NULL,42023
Malaysia,02/01/2021,32365998,NULL,42023
Malaysia,02/02/2020,32365998,NULL,42023
Malaysia,02/02/2021,32365998,NULL,42023
Malaysia,02/03/2020,32365998,NULL,42023
Malaysia,02/03/2021,32365998,28035,70058
Malaysia,02/04/2020,32365998,NULL,70058
Malaysia,02/04/2021,32365998,30427,100485
Malaysia,02/05/2020,32365998,NULL,100485
Malaysia,02/06/2020,32365998,NULL,100485
Malaysia,02/07/2020,32365998,NULL,100485
Malaysia,02/08/2020,32365998,NULL,100485
Malaysia,02/09/2020,32365998,NULL,100485
Malaysia,02/10/2020,32365998,NULL,100485
Malaysia,02/11/2020,32365998,NULL,100485
Malaysia,02/12/2020,32365998,NULL,100485
Malaysia,03/01/2021,32365998,NULL,100485
Malaysia,03/02/2020,32365998,NULL,100485
Malaysia,03/02/2021,32365998,NULL,100485
Malaysia,03/03/2020,32365998,NULL,100485
Malaysia,03/03/2021,32365998,27049,127534
Malaysia,03/04/2020,32365998,NULL,127534
Malaysia,03/04/2021,32365998,16851,144385
Malaysia,03/05/2020,32365998,NULL,144385
Malaysia,03/06/2020,32365998,NULL,144385
Malaysia,03/07/2020,32365998,NULL,144385
Malaysia,03/08/2020,32365998,NULL,144385
Malaysia,03/09/2020,32365998,NULL,144385
Malaysia,03/10/2020,32365998,NULL,144385
Malaysia,03/11/2020,32365998,NULL,144385
Malaysia,03/12/2020,32365998,NULL,144385
Malaysia,04/01/2021,32365998,NULL,144385
Malaysia,04/02/2020,32365998,NULL,144385
Malaysia,04/02/2021,32365998,NULL,144385
Malaysia,04/03/2020,32365998,NULL,144385
Malaysia,04/03/2021,32365998,19280,163665
Malaysia,04/04/2020,32365998,NULL,163665
Malaysia,04/04/2021,32365998,14269,177934
Malaysia,04/05/2020,32365998,NULL,177934
Malaysia,04/06/2020,32365998,NULL,177934
Malaysia,04/07/2020,32365998,NULL,177934
Malaysia,04/08/2020,32365998,NULL,177934
Malaysia,04/09/2020,32365998,NULL,177934
Malaysia,04/10/2020,32365998,NULL,177934
Malaysia,04/11/2020,32365998,NULL,177934
Malaysia,04/12/2020,32365998,NULL,177934
Malaysia,05/01/2021,32365998,NULL,177934
Malaysia,05/02/2020,32365998,NULL,177934
Malaysia,05/02/2021,32365998,NULL,177934
Malaysia,05/03/2020,32365998,NULL,177934
Malaysia,05/03/2021,32365998,13298,191232
Malaysia,05/04/2020,32365998,NULL,191232
Malaysia,05/04/2021,32365998,28263,219495
Malaysia,05/05/2020,32365998,NULL,219495
Malaysia,05/06/2020,32365998,NULL,219495
Malaysia,05/07/2020,32365998,NULL,219495
Malaysia,05/08/2020,32365998,NULL,219495
Malaysia,05/09/2020,32365998,NULL,219495
Malaysia,05/10/2020,32365998,NULL,219495
Malaysia,05/11/2020,32365998,NULL,219495
Malaysia,05/12/2020,32365998,NULL,219495
Malaysia,06/01/2021,32365998,NULL,219495
Malaysia,06/02/2020,32365998,NULL,219495
Malaysia,06/02/2021,32365998,NULL,219495
Malaysia,06/03/2020,32365998,NULL,219495
Malaysia,06/03/2021,32365998,14694,234189
Malaysia,06/04/2020,32365998,NULL,234189
Malaysia,06/04/2021,32365998,32409,266598
Malaysia,06/05/2020,32365998,NULL,266598
Malaysia,06/06/2020,32365998,NULL,266598
Malaysia,06/07/2020,32365998,NULL,266598
Malaysia,06/08/2020,32365998,NULL,266598
Malaysia,06/09/2020,32365998,NULL,266598
Malaysia,06/10/2020,32365998,NULL,266598
Malaysia,06/11/2020,32365998,NULL,266598
Malaysia,06/12/2020,32365998,NULL,266598
Malaysia,07/01/2021,32365998,NULL,266598
Malaysia,07/02/2020,32365998,NULL,266598
Malaysia,07/02/2021,32365998,NULL,266598
Malaysia,07/03/2020,32365998,NULL,266598
Malaysia,07/03/2021,32365998,12112,278710
Malaysia,07/04/2020,32365998,NULL,278710
Malaysia,07/04/2021,32365998,30587,309297
Malaysia,07/05/2020,32365998,NULL,309297
Malaysia,07/06/2020,32365998,NULL,309297
Malaysia,07/07/2020,32365998,NULL,309297
Malaysia,07/08/2020,32365998,NULL,309297
Malaysia,07/09/2020,32365998,NULL,309297
Malaysia,07/10/2020,32365998,NULL,309297
Malaysia,07/11/2020,32365998,NULL,309297
Malaysia,07/12/2020,32365998,NULL,309297
Malaysia,08/01/2021,32365998,NULL,309297
Malaysia,08/02/2020,32365998,NULL,309297
Malaysia,08/02/2021,32365998,NULL,309297
Malaysia,08/03/2020,32365998,NULL,309297
Malaysia,08/03/2021,32365998,26643,335940
Malaysia,08/04/2020,32365998,NULL,335940
Malaysia,08/04/2021,32365998,26689,362629
Malaysia,08/05/2020,32365998,NULL,362629
Malaysia,08/06/2020,32365998,NULL,362629
Malaysia,08/07/2020,32365998,NULL,362629
Malaysia,08/08/2020,32365998,NULL,362629
Malaysia,08/09/2020,32365998,NULL,362629
Malaysia,08/10/2020,32365998,NULL,362629
Malaysia,08/11/2020,32365998,NULL,362629
Malaysia,08/12/2020,32365998,NULL,362629
Malaysia,09/01/2021,32365998,NULL,362629
Malaysia,09/02/2020,32365998,NULL,362629
Malaysia,09/02/2021,32365998,NULL,362629
Malaysia,09/03/2020,32365998,NULL,362629
Malaysia,09/03/2021,32365998,29560,392189
Malaysia,09/04/2020,32365998,NULL,392189
Malaysia,09/04/2021,32365998,21479,413668
Malaysia,09/05/2020,32365998,NULL,413668
Malaysia,09/06/2020,32365998,NULL,413668
Malaysia,09/07/2020,32365998,NULL,413668
Malaysia,09/08/2020,32365998,NULL,413668
Malaysia,09/09/2020,32365998,NULL,413668
Malaysia,09/10/2020,32365998,NULL,413668
Malaysia,09/11/2020,32365998,NULL,413668
Malaysia,09/12/2020,32365998,NULL,413668
Malaysia,10/01/2021,32365998,NULL,413668
Malaysia,10/02/2020,32365998,NULL,413668
Malaysia,10/02/2021,32365998,NULL,413668
Malaysia,10/03/2020,32365998,NULL,413668
Malaysia,10/03/2021,32365998,28000,441668
Malaysia,10/04/2020,32365998,NULL,441668
Malaysia,10/04/2021,32365998,15523,457191
Malaysia,10/05/2020,32365998,NULL,457191
Malaysia,10/06/2020,32365998,NULL,457191
Malaysia,10/07/2020,32365998,NULL,457191
Malaysia,10/08/2020,32365998,NULL,457191
Malaysia,10/09/2020,32365998,NULL,457191
Malaysia,10/10/2020,32365998,NULL,457191
Malaysia,10/11/2020,32365998,NULL,457191
Malaysia,10/12/2020,32365998,NULL,457191
Malaysia,11/01/2021,32365998,NULL,457191
Malaysia,11/02/2020,32365998,NULL,457191
Malaysia,11/02/2021,32365998,NULL,457191
Malaysia,11/03/2020,32365998,NULL,457191
Malaysia,11/03/2021,32365998,25986,483177
Malaysia,11/04/2020,32365998,NULL,483177
Malaysia,11/04/2021,32365998,23071,506248
Malaysia,11/05/2020,32365998,NULL,506248
Malaysia,11/06/2020,32365998,NULL,506248
Malaysia,11/07/2020,32365998,NULL,506248
Malaysia,11/08/2020,32365998,NULL,506248
Malaysia,11/09/2020,32365998,NULL,506248
Malaysia,11/10/2020,32365998,NULL,506248
Malaysia,11/11/2020,32365998,NULL,506248
Malaysia,11/12/2020,32365998,NULL,506248
Malaysia,12/01/2021,32365998,NULL,506248
Malaysia,12/02/2020,32365998,NULL,506248
Malaysia,12/02/2021,32365998,NULL,506248
Malaysia,12/03/2020,32365998,NULL,506248
Malaysia,12/03/2021,32365998,25942,532190
Malaysia,12/04/2020,32365998,NULL,532190
Malaysia,12/04/2021,32365998,39143,571333
Malaysia,12/05/2020,32365998,NULL,571333
Malaysia,12/06/2020,32365998,NULL,571333
Malaysia,12/07/2020,32365998,NULL,571333
Malaysia,12/08/2020,32365998,NULL,571333
Malaysia,12/09/2020,32365998,NULL,571333
Malaysia,12/10/2020,32365998,NULL,571333
Malaysia,12/11/2020,32365998,NULL,571333
Malaysia,12/12/2020,32365998,NULL,571333
Malaysia,13/01/2021,32365998,NULL,571333
Malaysia,13/02/2020,32365998,NULL,571333
Malaysia,13/02/2021,32365998,NULL,571333
Malaysia,13/03/2020,32365998,NULL,571333
Malaysia,13/03/2021,32365998,16253,587586
Malaysia,13/04/2020,32365998,NULL,587586
Malaysia,13/04/2021,32365998,31201,618787
Malaysia,13/05/2020,32365998,NULL,618787
Malaysia,13/06/2020,32365998,NULL,618787
Malaysia,13/07/2020,32365998,NULL,618787
Malaysia,13/08/2020,32365998,NULL,618787
Malaysia,13/09/2020,32365998,NULL,618787
Malaysia,13/10/2020,32365998,NULL,618787
Malaysia,13/11/2020,32365998,NULL,618787
Malaysia,13/12/2020,32365998,NULL,618787
Malaysia,14/01/2021,32365998,NULL,618787
Malaysia,14/02/2020,32365998,NULL,618787
Malaysia,14/02/2021,32365998,NULL,618787
Malaysia,14/03/2020,32365998,NULL,618787
Malaysia,14/03/2021,32365998,9595,628382
Malaysia,14/04/2020,32365998,NULL,628382
Malaysia,14/04/2021,32365998,28557,656939
Malaysia,14/05/2020,32365998,NULL,656939
Malaysia,14/06/2020,32365998,NULL,656939
Malaysia,14/07/2020,32365998,NULL,656939
Malaysia,14/08/2020,32365998,NULL,656939
Malaysia,14/09/2020,32365998,NULL,656939
Malaysia,14/10/2020,32365998,NULL,656939
Malaysia,14/11/2020,32365998,NULL,656939
Malaysia,14/12/2020,32365998,NULL,656939
Malaysia,15/01/2021,32365998,NULL,656939
Malaysia,15/02/2020,32365998,NULL,656939
Malaysia,15/02/2021,32365998,NULL,656939
Malaysia,15/03/2020,32365998,NULL,656939
Malaysia,15/03/2021,32365998,19632,676571
Malaysia,15/04/2020,32365998,NULL,676571
Malaysia,15/04/2021,32365998,27195,703766
Malaysia,15/05/2020,32365998,NULL,703766
Malaysia,15/06/2020,32365998,NULL,703766
Malaysia,15/07/2020,32365998,NULL,703766
Malaysia,15/08/2020,32365998,NULL,703766
Malaysia,15/09/2020,32365998,NULL,703766
Malaysia,15/10/2020,32365998,NULL,703766
Malaysia,15/11/2020,32365998,NULL,703766
Malaysia,15/12/2020,32365998,NULL,703766
Malaysia,16/01/2021,32365998,NULL,703766
Malaysia,16/02/2020,32365998,NULL,703766
Malaysia,16/02/2021,32365998,NULL,703766
Malaysia,16/03/2020,32365998,NULL,703766
Malaysia,16/03/2021,32365998,25177,728943
Malaysia,16/04/2020,32365998,NULL,728943
Malaysia,16/04/2021,32365998,19506,748449
Malaysia,16/05/2020,32365998,NULL,748449
Malaysia,16/06/2020,32365998,NULL,748449
Malaysia,16/07/2020,32365998,NULL,748449
Malaysia,16/08/2020,32365998,NULL,748449
Malaysia,16/09/2020,32365998,NULL,748449
Malaysia,16/10/2020,32365998,NULL,748449
Malaysia,16/11/2020,32365998,NULL,748449
Malaysia,16/12/2020,32365998,NULL,748449
Malaysia,17/01/2021,32365998,NULL,748449
Malaysia,17/02/2020,32365998,NULL,748449
Malaysia,17/02/2021,32365998,NULL,748449
Malaysia,17/03/2020,32365998,NULL,748449
Malaysia,17/03/2021,32365998,20705,769154
Malaysia,17/04/2020,32365998,NULL,769154
Malaysia,17/04/2021,32365998,9619,778773
Malaysia,17/05/2020,32365998,NULL,778773
Malaysia,17/06/2020,32365998,NULL,778773
Malaysia,17/07/2020,32365998,NULL,778773
Malaysia,17/08/2020,32365998,NULL,778773
Malaysia,17/09/2020,32365998,NULL,778773
Malaysia,17/10/2020,32365998,NULL,778773
Malaysia,17/11/2020,32365998,NULL,778773
Malaysia,17/12/2020,32365998,NULL,778773
Malaysia,18/01/2021,32365998,NULL,778773
Malaysia,18/02/2020,32365998,NULL,778773
Malaysia,18/02/2021,32365998,NULL,778773
Malaysia,18/03/2020,32365998,NULL,778773
Malaysia,18/03/2021,32365998,17913,796686
Malaysia,18/04/2020,32365998,NULL,796686
Malaysia,18/04/2021,32365998,9826,806512
Malaysia,18/05/2020,32365998,NULL,806512
Malaysia,18/06/2020,32365998,NULL,806512
Malaysia,18/07/2020,32365998,NULL,806512
Malaysia,18/08/2020,32365998,NULL,806512
Malaysia,18/09/2020,32365998,NULL,806512
Malaysia,18/10/2020,32365998,NULL,806512
Malaysia,18/11/2020,32365998,NULL,806512
Malaysia,18/12/2020,32365998,NULL,806512
Malaysia,19/01/2021,32365998,NULL,806512
Malaysia,19/02/2020,32365998,NULL,806512
Malaysia,19/02/2021,32365998,NULL,806512
Malaysia,19/03/2020,32365998,NULL,806512
Malaysia,19/03/2021,32365998,14399,820911
Malaysia,19/04/2020,32365998,NULL,820911
Malaysia,19/04/2021,32365998,32807,853718
Malaysia,19/05/2020,32365998,NULL,853718
Malaysia,19/06/2020,32365998,NULL,853718
Malaysia,19/07/2020,32365998,NULL,853718
Malaysia,19/08/2020,32365998,NULL,853718
Malaysia,19/09/2020,32365998,NULL,853718
Malaysia,19/10/2020,32365998,NULL,853718
Malaysia,19/11/2020,32365998,NULL,853718
Malaysia,19/12/2020,32365998,NULL,853718
Malaysia,20/01/2021,32365998,NULL,853718
Malaysia,20/02/2020,32365998,NULL,853718
Malaysia,20/02/2021,32365998,NULL,853718
Malaysia,20/03/2020,32365998,NULL,853718
Malaysia,20/03/2021,32365998,13729,867447
Malaysia,20/04/2020,32365998,NULL,867447
Malaysia,20/04/2021,32365998,33131,900578
Malaysia,20/05/2020,32365998,NULL,900578
Malaysia,20/06/2020,32365998,NULL,900578
Malaysia,20/07/2020,32365998,NULL,900578
Malaysia,20/08/2020,32365998,NULL,900578
Malaysia,20/09/2020,32365998,NULL,900578
Malaysia,20/10/2020,32365998,NULL,900578
Malaysia,20/11/2020,32365998,NULL,900578
Malaysia,20/12/2020,32365998,NULL,900578
Malaysia,21/01/2021,32365998,NULL,900578
Malaysia,21/02/2020,32365998,NULL,900578
Malaysia,21/02/2021,32365998,NULL,900578
Malaysia,21/03/2020,32365998,NULL,900578
Malaysia,21/03/2021,32365998,15456,916034
Malaysia,21/04/2020,32365998,NULL,916034
Malaysia,21/04/2021,32365998,20981,937015
Malaysia,21/05/2020,32365998,NULL,937015
Malaysia,21/06/2020,32365998,NULL,937015
Malaysia,21/07/2020,32365998,NULL,937015
Malaysia,21/08/2020,32365998,NULL,937015
Malaysia,21/09/2020,32365998,NULL,937015
Malaysia,21/10/2020,32365998,NULL,937015
Malaysia,21/11/2020,32365998,NULL,937015
Malaysia,21/12/2020,32365998,NULL,937015
Malaysia,22/01/2021,32365998,NULL,937015
Malaysia,22/02/2020,32365998,NULL,937015
Malaysia,22/02/2021,32365998,NULL,937015
Malaysia,22/03/2020,32365998,NULL,937015
Malaysia,22/03/2021,32365998,24209,961224
Malaysia,22/04/2020,32365998,NULL,961224
Malaysia,22/04/2021,32365998,29177,990401
Malaysia,22/05/2020,32365998,NULL,990401
Malaysia,22/06/2020,32365998,NULL,990401
Malaysia,22/07/2020,32365998,NULL,990401
Malaysia,22/08/2020,32365998,NULL,990401
Malaysia,22/09/2020,32365998,NULL,990401
Malaysia,22/10/2020,32365998,NULL,990401
Malaysia,22/11/2020,32365998,NULL,990401
Malaysia,22/12/2020,32365998,NULL,990401
Malaysia,23/01/2021,32365998,NULL,990401
Malaysia,23/02/2020,32365998,NULL,990401
Malaysia,23/02/2021,32365998,NULL,990401
Malaysia,23/03/2020,32365998,NULL,990401
Malaysia,23/03/2021,32365998,29070,1019471
Malaysia,23/04/2020,32365998,NULL,1019471
Malaysia,23/04/2021,32365998,18800,1038271
Malaysia,23/05/2020,32365998,NULL,1038271
Malaysia,23/06/2020,32365998,NULL,1038271
Malaysia,23/07/2020,32365998,NULL,1038271
Malaysia,23/08/2020,32365998,NULL,1038271
Malaysia,23/09/2020,32365998,NULL,1038271
Malaysia,23/10/2020,32365998,NULL,1038271
Malaysia,23/11/2020,32365998,NULL,1038271
Malaysia,23/12/2020,32365998,NULL,1038271
Malaysia,24/01/2021,32365998,NULL,1038271
Malaysia,24/02/2020,32365998,NULL,1038271
Malaysia,24/02/2021,32365998,NULL,1038271
Malaysia,24/03/2020,32365998,NULL,1038271
Malaysia,24/03/2021,32365998,28987,1067258
Malaysia,24/04/2020,32365998,NULL,1067258
Malaysia,24/04/2021,32365998,10677,1077935
Malaysia,24/05/2020,32365998,NULL,1077935
Malaysia,24/06/2020,32365998,NULL,1077935
Malaysia,24/07/2020,32365998,NULL,1077935
Malaysia,24/08/2020,32365998,NULL,1077935
Malaysia,24/09/2020,32365998,NULL,1077935
Malaysia,24/10/2020,32365998,NULL,1077935
Malaysia,24/11/2020,32365998,NULL,1077935
Malaysia,24/12/2020,32365998,NULL,1077935
Malaysia,25/01/2020,32365998,NULL,1077935
Malaysia,25/01/2021,32365998,NULL,1077935
Malaysia,25/02/2020,32365998,NULL,1077935
Malaysia,25/02/2021,32365998,NULL,1077935
Malaysia,25/03/2020,32365998,NULL,1077935
Malaysia,25/03/2021,32365998,25705,1103640
Malaysia,25/04/2020,32365998,NULL,1103640
Malaysia,25/04/2021,32365998,14747,1118387
Malaysia,25/05/2020,32365998,NULL,1118387
Malaysia,25/06/2020,32365998,NULL,1118387
Malaysia,25/07/2020,32365998,NULL,1118387
Malaysia,25/08/2020,32365998,NULL,1118387
Malaysia,25/09/2020,32365998,NULL,1118387
Malaysia,25/10/2020,32365998,NULL,1118387
Malaysia,25/11/2020,32365998,NULL,1118387
Malaysia,25/12/2020,32365998,NULL,1118387
Malaysia,26/01/2020,32365998,NULL,1118387
Malaysia,26/01/2021,32365998,NULL,1118387
Malaysia,26/02/2020,32365998,NULL,1118387
Malaysia,26/02/2021,32365998,NULL,1118387
Malaysia,26/03/2020,32365998,NULL,1118387
Malaysia,26/03/2021,32365998,14867,1133254
Malaysia,26/04/2020,32365998,NULL,1133254
Malaysia,26/04/2021,32365998,30084,1163338
Malaysia,26/05/2020,32365998,NULL,1163338
Malaysia,26/06/2020,32365998,NULL,1163338
Malaysia,26/07/2020,32365998,NULL,1163338
Malaysia,26/08/2020,32365998,NULL,1163338
Malaysia,26/09/2020,32365998,NULL,1163338
Malaysia,26/10/2020,32365998,NULL,1163338
Malaysia,26/11/2020,32365998,NULL,1163338
Malaysia,26/12/2020,32365998,NULL,1163338
Malaysia,27/01/2020,32365998,NULL,1163338
Malaysia,27/01/2021,32365998,NULL,1163338
Malaysia,27/02/2020,32365998,NULL,1163338
Malaysia,27/02/2021,32365998,NULL,1163338
Malaysia,27/03/2020,32365998,NULL,1163338
Malaysia,27/03/2021,32365998,14652,1177990
Malaysia,27/04/2020,32365998,NULL,1177990
Malaysia,27/04/2021,32365998,34504,1212494
Malaysia,27/05/2020,32365998,NULL,1212494
Malaysia,27/06/2020,32365998,NULL,1212494
Malaysia,27/07/2020,32365998,NULL,1212494
Malaysia,27/08/2020,32365998,NULL,1212494
Malaysia,27/09/2020,32365998,NULL,1212494
Malaysia,27/10/2020,32365998,NULL,1212494
Malaysia,27/11/2020,32365998,NULL,1212494
Malaysia,27/12/2020,32365998,NULL,1212494
Malaysia,28/01/2020,32365998,NULL,1212494
Malaysia,28/01/2021,32365998,NULL,1212494
Malaysia,28/02/2020,32365998,NULL,1212494
Malaysia,28/02/2021,32365998,NULL,1212494
Malaysia,28/03/2020,32365998,NULL,1212494
Malaysia,28/03/2021,32365998,14565,1227059
Malaysia,28/04/2020,32365998,NULL,1227059
Malaysia,28/04/2021,32365998,39466,1266525
Malaysia,28/05/2020,32365998,NULL,1266525
Malaysia,28/06/2020,32365998,NULL,1266525
Malaysia,28/07/2020,32365998,NULL,1266525
Malaysia,28/08/2020,32365998,NULL,1266525
Malaysia,28/09/2020,32365998,NULL,1266525
Malaysia,28/10/2020,32365998,NULL,1266525
Malaysia,28/11/2020,32365998,NULL,1266525
Malaysia,28/12/2020,32365998,NULL,1266525
Malaysia,29/01/2020,32365998,NULL,1266525
Malaysia,29/01/2021,32365998,NULL,1266525
Malaysia,29/02/2020,32365998,NULL,1266525
Malaysia,29/03/2020,32365998,NULL,1266525
Malaysia,29/03/2021,32365998,40652,1307177
Malaysia,29/04/2020,32365998,NULL,1307177
Malaysia,29/04/2021,32365998,12449,1319626
Malaysia,29/05/2020,32365998,NULL,1319626
Malaysia,29/06/2020,32365998,NULL,1319626
Malaysia,29/07/2020,32365998,NULL,1319626
Malaysia,29/08/2020,32365998,NULL,1319626
Malaysia,29/09/2020,32365998,NULL,1319626
Malaysia,29/10/2020,32365998,NULL,1319626
Malaysia,29/11/2020,32365998,NULL,1319626
Malaysia,29/12/2020,32365998,NULL,1319626
Malaysia,30/01/2020,32365998,NULL,1319626
Malaysia,30/01/2021,32365998,NULL,1319626
Malaysia,30/03/2020,32365998,NULL,1319626
Malaysia,30/03/2021,32365998,40244,1359870
Malaysia,30/04/2020,32365998,NULL,1359870
Malaysia,30/04/2021,32365998,NULL,1359870
Malaysia,30/05/2020,32365998,NULL,1359870
Malaysia,30/06/2020,32365998,NULL,1359870
Malaysia,30/07/2020,32365998,NULL,1359870
Malaysia,30/08/2020,32365998,NULL,1359870
Malaysia,30/09/2020,32365998,NULL,1359870
Malaysia,30/10/2020,32365998,NULL,1359870
Malaysia,30/11/2020,32365998,NULL,1359870
Malaysia,30/12/2020,32365998,NULL,1359870
Malaysia,31/01/2020,32365998,NULL,1359870
Malaysia,31/01/2021,32365998,NULL,1359870
Malaysia,31/03/2020,32365998,NULL,1359870
Malaysia,31/03/2021,32365998,36542,1396412
Malaysia,31/05/2020,32365998,NULL,1396412
Malaysia,31/07/2020,32365998,NULL,1396412
Malaysia,31/08/2020,32365998,NULL,1396412
Malaysia,31/10/2020,32365998,NULL,1396412
Malaysia,31/12/2020,32365998,NULL,1396412
Myanmar,01/01/2021,54409794,NULL,NULL
Myanmar,01/02/2021,54409794,NULL,NULL
Myanmar,01/03/2021,54409794,NULL,NULL
Myanmar,01/04/2020,54409794,NULL,NULL
Myanmar,01/04/2021,54409794,NULL,NULL
Myanmar,01/05/2020,54409794,NULL,NULL
Myanmar,01/06/2020,54409794,NULL,NULL
Myanmar,01/07/2020,54409794,NULL,NULL
Myanmar,01/08/2020,54409794,NULL,NULL
Myanmar,01/09/2020,54409794,NULL,NULL
Myanmar,01/10/2020,54409794,NULL,NULL
Myanmar,01/11/2020,54409794,NULL,NULL
Myanmar,01/12/2020,54409794,NULL,NULL
Myanmar,02/01/2021,54409794,NULL,NULL
Myanmar,02/02/2021,54409794,NULL,NULL
Myanmar,02/03/2021,54409794,NULL,NULL
Myanmar,02/04/2020,54409794,NULL,NULL
Myanmar,02/04/2021,54409794,NULL,NULL
Myanmar,02/05/2020,54409794,NULL,NULL
Myanmar,02/06/2020,54409794,NULL,NULL
Myanmar,02/07/2020,54409794,NULL,NULL
Myanmar,02/08/2020,54409794,NULL,NULL
Myanmar,02/09/2020,54409794,NULL,NULL
Myanmar,02/10/2020,54409794,NULL,NULL
Myanmar,02/11/2020,54409794,NULL,NULL
Myanmar,02/12/2020,54409794,NULL,NULL
Myanmar,03/01/2021,54409794,NULL,NULL
Myanmar,03/02/2021,54409794,NULL,NULL
Myanmar,03/03/2021,54409794,NULL,NULL
Myanmar,03/04/2020,54409794,NULL,NULL
Myanmar,03/04/2021,54409794,NULL,NULL
Myanmar,03/05/2020,54409794,NULL,NULL
Myanmar,03/06/2020,54409794,NULL,NULL
Myanmar,03/07/2020,54409794,NULL,NULL
Myanmar,03/08/2020,54409794,NULL,NULL
Myanmar,03/09/2020,54409794,NULL,NULL
Myanmar,03/10/2020,54409794,NULL,NULL
Myanmar,03/11/2020,54409794,NULL,NULL
Myanmar,03/12/2020,54409794,NULL,NULL
Myanmar,04/01/2021,54409794,NULL,NULL
Myanmar,04/02/2021,54409794,NULL,NULL
Myanmar,04/03/2021,54409794,NULL,NULL
Myanmar,04/04/2020,54409794,NULL,NULL
Myanmar,04/04/2021,54409794,NULL,NULL
Myanmar,04/05/2020,54409794,NULL,NULL
Myanmar,04/06/2020,54409794,NULL,NULL
Myanmar,04/07/2020,54409794,NULL,NULL
Myanmar,04/08/2020,54409794,NULL,NULL
Myanmar,04/09/2020,54409794,NULL,NULL
Myanmar,04/10/2020,54409794,NULL,NULL
Myanmar,04/11/2020,54409794,NULL,NULL
Myanmar,04/12/2020,54409794,NULL,NULL
Myanmar,05/01/2021,54409794,NULL,NULL
Myanmar,05/02/2021,54409794,NULL,NULL
Myanmar,05/03/2021,54409794,NULL,NULL
Myanmar,05/04/2020,54409794,NULL,NULL
Myanmar,05/04/2021,54409794,NULL,NULL
Myanmar,05/05/2020,54409794,NULL,NULL
Myanmar,05/06/2020,54409794,NULL,NULL
Myanmar,05/07/2020,54409794,NULL,NULL
Myanmar,05/08/2020,54409794,NULL,NULL
Myanmar,05/09/2020,54409794,NULL,NULL
Myanmar,05/10/2020,54409794,NULL,NULL
Myanmar,05/11/2020,54409794,NULL,NULL
Myanmar,05/12/2020,54409794,NULL,NULL
Myanmar,06/01/2021,54409794,NULL,NULL
Myanmar,06/02/2021,54409794,NULL,NULL
Myanmar,06/03/2021,54409794,NULL,NULL
Myanmar,06/04/2020,54409794,NULL,NULL
Myanmar,06/04/2021,54409794,NULL,NULL
Myanmar,06/05/2020,54409794,NULL,NULL
Myanmar,06/06/2020,54409794,NULL,NULL
Myanmar,06/07/2020,54409794,NULL,NULL
Myanmar,06/08/2020,54409794,NULL,NULL
Myanmar,06/09/2020,54409794,NULL,NULL
Myanmar,06/10/2020,54409794,NULL,NULL
Myanmar,06/11/2020,54409794,NULL,NULL
Myanmar,06/12/2020,54409794,NULL,NULL
Myanmar,07/01/2021,54409794,NULL,NULL
Myanmar,07/02/2021,54409794,NULL,NULL
Myanmar,07/03/2021,54409794,NULL,NULL
Myanmar,07/04/2020,54409794,NULL,NULL
Myanmar,07/04/2021,54409794,NULL,NULL
Myanmar,07/05/2020,54409794,NULL,NULL
Myanmar,07/06/2020,54409794,NULL,NULL
Myanmar,07/07/2020,54409794,NULL,NULL
Myanmar,07/08/2020,54409794,NULL,NULL
Myanmar,07/09/2020,54409794,NULL,NULL
Myanmar,07/10/2020,54409794,NULL,NULL
Myanmar,07/11/2020,54409794,NULL,NULL
Myanmar,07/12/2020,54409794,NULL,NULL
Myanmar,08/01/2021,54409794,NULL,NULL
Myanmar,08/02/2021,54409794,NULL,NULL
Myanmar,08/03/2021,54409794,NULL,NULL
Myanmar,08/04/2020,54409794,NULL,NULL
Myanmar,08/04/2021,54409794,NULL,NULL
Myanmar,08/05/2020,54409794,NULL,NULL
Myanmar,08/06/2020,54409794,NULL,NULL
Myanmar,08/07/2020,54409794,NULL,NULL
Myanmar,08/08/2020,54409794,NULL,NULL
Myanmar,08/09/2020,54409794,NULL,NULL
Myanmar,08/10/2020,54409794,NULL,NULL
Myanmar,08/11/2020,54409794,NULL,NULL
Myanmar,08/12/2020,54409794,NULL,NULL
Myanmar,09/01/2021,54409794,NULL,NULL
Myanmar,09/02/2021,54409794,NULL,NULL
Myanmar,09/03/2021,54409794,NULL,NULL
Myanmar,09/04/2020,54409794,NULL,NULL
Myanmar,09/04/2021,54409794,NULL,NULL
Myanmar,09/05/2020,54409794,NULL,NULL
Myanmar,09/06/2020,54409794,NULL,NULL
Myanmar,09/07/2020,54409794,NULL,NULL
Myanmar,09/08/2020,54409794,NULL,NULL
Myanmar,09/09/2020,54409794,NULL,NULL
Myanmar,09/10/2020,54409794,NULL,NULL
Myanmar,09/11/2020,54409794,NULL,NULL
Myanmar,09/12/2020,54409794,NULL,NULL
Myanmar,10/01/2021,54409794,NULL,NULL
Myanmar,10/02/2021,54409794,NULL,NULL
Myanmar,10/03/2021,54409794,NULL,NULL
Myanmar,10/04/2020,54409794,NULL,NULL
Myanmar,10/04/2021,54409794,NULL,NULL
Myanmar,10/05/2020,54409794,NULL,NULL
Myanmar,10/06/2020,54409794,NULL,NULL
Myanmar,10/07/2020,54409794,NULL,NULL
Myanmar,10/08/2020,54409794,NULL,NULL
Myanmar,10/09/2020,54409794,NULL,NULL
Myanmar,10/10/2020,54409794,NULL,NULL
Myanmar,10/11/2020,54409794,NULL,NULL
Myanmar,10/12/2020,54409794,NULL,NULL
Myanmar,11/01/2021,54409794,NULL,NULL
Myanmar,11/02/2021,54409794,NULL,NULL
Myanmar,11/03/2021,54409794,NULL,NULL
Myanmar,11/04/2020,54409794,NULL,NULL
Myanmar,11/04/2021,54409794,NULL,NULL
Myanmar,11/05/2020,54409794,NULL,NULL
Myanmar,11/06/2020,54409794,NULL,NULL
Myanmar,11/07/2020,54409794,NULL,NULL
Myanmar,11/08/2020,54409794,NULL,NULL
Myanmar,11/09/2020,54409794,NULL,NULL
Myanmar,11/10/2020,54409794,NULL,NULL
Myanmar,11/11/2020,54409794,NULL,NULL
Myanmar,11/12/2020,54409794,NULL,NULL
Myanmar,12/01/2021,54409794,NULL,NULL
Myanmar,12/02/2021,54409794,NULL,NULL
Myanmar,12/03/2021,54409794,NULL,NULL
Myanmar,12/04/2020,54409794,NULL,NULL
Myanmar,12/04/2021,54409794,NULL,NULL
Myanmar,12/05/2020,54409794,NULL,NULL
Myanmar,12/06/2020,54409794,NULL,NULL
Myanmar,12/07/2020,54409794,NULL,NULL
Myanmar,12/08/2020,54409794,NULL,NULL
Myanmar,12/09/2020,54409794,NULL,NULL
Myanmar,12/10/2020,54409794,NULL,NULL
Myanmar,12/11/2020,54409794,NULL,NULL
Myanmar,12/12/2020,54409794,NULL,NULL
Myanmar,13/01/2021,54409794,NULL,NULL
Myanmar,13/02/2021,54409794,NULL,NULL
Myanmar,13/03/2021,54409794,NULL,NULL
Myanmar,13/04/2020,54409794,NULL,NULL
Myanmar,13/04/2021,54409794,NULL,NULL
Myanmar,13/05/2020,54409794,NULL,NULL
Myanmar,13/06/2020,54409794,NULL,NULL
Myanmar,13/07/2020,54409794,NULL,NULL
Myanmar,13/08/2020,54409794,NULL,NULL
Myanmar,13/09/2020,54409794,NULL,NULL
Myanmar,13/10/2020,54409794,NULL,NULL
Myanmar,13/11/2020,54409794,NULL,NULL
Myanmar,13/12/2020,54409794,NULL,NULL
Myanmar,14/01/2021,54409794,NULL,NULL
Myanmar,14/02/2021,54409794,NULL,NULL
Myanmar,14/03/2021,54409794,NULL,NULL
Myanmar,14/04/2020,54409794,NULL,NULL
Myanmar,14/04/2021,54409794,NULL,NULL
Myanmar,14/05/2020,54409794,NULL,NULL
Myanmar,14/06/2020,54409794,NULL,NULL
Myanmar,14/07/2020,54409794,NULL,NULL
Myanmar,14/08/2020,54409794,NULL,NULL
Myanmar,14/09/2020,54409794,NULL,NULL
Myanmar,14/10/2020,54409794,NULL,NULL
Myanmar,14/11/2020,54409794,NULL,NULL
Myanmar,14/12/2020,54409794,NULL,NULL
Myanmar,15/01/2021,54409794,NULL,NULL
Myanmar,15/02/2021,54409794,NULL,NULL
Myanmar,15/03/2021,54409794,NULL,NULL
Myanmar,15/04/2020,54409794,NULL,NULL
Myanmar,15/04/2021,54409794,NULL,NULL
Myanmar,15/05/2020,54409794,NULL,NULL
Myanmar,15/06/2020,54409794,NULL,NULL
Myanmar,15/07/2020,54409794,NULL,NULL
Myanmar,15/08/2020,54409794,NULL,NULL
Myanmar,15/09/2020,54409794,NULL,NULL
Myanmar,15/10/2020,54409794,NULL,NULL
Myanmar,15/11/2020,54409794,NULL,NULL
Myanmar,15/12/2020,54409794,NULL,NULL
Myanmar,16/01/2021,54409794,NULL,NULL
Myanmar,16/02/2021,54409794,NULL,NULL
Myanmar,16/03/2021,54409794,NULL,NULL
Myanmar,16/04/2020,54409794,NULL,NULL
Myanmar,16/04/2021,54409794,NULL,NULL
Myanmar,16/05/2020,54409794,NULL,NULL
Myanmar,16/06/2020,54409794,NULL,NULL
Myanmar,16/07/2020,54409794,NULL,NULL
Myanmar,16/08/2020,54409794,NULL,NULL
Myanmar,16/09/2020,54409794,NULL,NULL
Myanmar,16/10/2020,54409794,NULL,NULL
Myanmar,16/11/2020,54409794,NULL,NULL
Myanmar,16/12/2020,54409794,NULL,NULL
Myanmar,17/01/2021,54409794,NULL,NULL
Myanmar,17/02/2021,54409794,NULL,NULL
Myanmar,17/03/2021,54409794,NULL,NULL
Myanmar,17/04/2020,54409794,NULL,NULL
Myanmar,17/04/2021,54409794,NULL,NULL
Myanmar,17/05/2020,54409794,NULL,NULL
Myanmar,17/06/2020,54409794,NULL,NULL
Myanmar,17/07/2020,54409794,NULL,NULL
Myanmar,17/08/2020,54409794,NULL,NULL
Myanmar,17/09/2020,54409794,NULL,NULL
Myanmar,17/10/2020,54409794,NULL,NULL
Myanmar,17/11/2020,54409794,NULL,NULL
Myanmar,17/12/2020,54409794,NULL,NULL
Myanmar,18/01/2021,54409794,NULL,NULL
Myanmar,18/02/2021,54409794,NULL,NULL
Myanmar,18/03/2021,54409794,NULL,NULL
Myanmar,18/04/2020,54409794,NULL,NULL
Myanmar,18/04/2021,54409794,NULL,NULL
Myanmar,18/05/2020,54409794,NULL,NULL
Myanmar,18/06/2020,54409794,NULL,NULL
Myanmar,18/07/2020,54409794,NULL,NULL
Myanmar,18/08/2020,54409794,NULL,NULL
Myanmar,18/09/2020,54409794,NULL,NULL
Myanmar,18/10/2020,54409794,NULL,NULL
Myanmar,18/11/2020,54409794,NULL,NULL
Myanmar,18/12/2020,54409794,NULL,NULL
Myanmar,19/01/2021,54409794,NULL,NULL
Myanmar,19/02/2021,54409794,NULL,NULL
Myanmar,19/03/2021,54409794,NULL,NULL
Myanmar,19/04/2020,54409794,NULL,NULL
Myanmar,19/04/2021,54409794,NULL,NULL
Myanmar,19/05/2020,54409794,NULL,NULL
Myanmar,19/06/2020,54409794,NULL,NULL
Myanmar,19/07/2020,54409794,NULL,NULL
Myanmar,19/08/2020,54409794,NULL,NULL
Myanmar,19/09/2020,54409794,NULL,NULL
Myanmar,19/10/2020,54409794,NULL,NULL
Myanmar,19/11/2020,54409794,NULL,NULL
Myanmar,19/12/2020,54409794,NULL,NULL
Myanmar,20/01/2021,54409794,NULL,NULL
Myanmar,20/02/2021,54409794,NULL,NULL
Myanmar,20/03/2021,54409794,NULL,NULL
Myanmar,20/04/2020,54409794,NULL,NULL
Myanmar,20/04/2021,54409794,NULL,NULL
Myanmar,20/05/2020,54409794,NULL,NULL
Myanmar,20/06/2020,54409794,NULL,NULL
Myanmar,20/07/2020,54409794,NULL,NULL
Myanmar,20/08/2020,54409794,NULL,NULL
Myanmar,20/09/2020,54409794,NULL,NULL
Myanmar,20/10/2020,54409794,NULL,NULL
Myanmar,20/11/2020,54409794,NULL,NULL
Myanmar,20/12/2020,54409794,NULL,NULL
Myanmar,21/01/2021,54409794,NULL,NULL
Myanmar,21/02/2021,54409794,NULL,NULL
Myanmar,21/03/2021,54409794,NULL,NULL
Myanmar,21/04/2020,54409794,NULL,NULL
Myanmar,21/04/2021,54409794,NULL,NULL
Myanmar,21/05/2020,54409794,NULL,NULL
Myanmar,21/06/2020,54409794,NULL,NULL
Myanmar,21/07/2020,54409794,NULL,NULL
Myanmar,21/08/2020,54409794,NULL,NULL
Myanmar,21/09/2020,54409794,NULL,NULL
Myanmar,21/10/2020,54409794,NULL,NULL
Myanmar,21/11/2020,54409794,NULL,NULL
Myanmar,21/12/2020,54409794,NULL,NULL
Myanmar,22/01/2021,54409794,NULL,NULL
Myanmar,22/02/2021,54409794,NULL,NULL
Myanmar,22/03/2021,54409794,NULL,NULL
Myanmar,22/04/2020,54409794,NULL,NULL
Myanmar,22/04/2021,54409794,NULL,NULL
Myanmar,22/05/2020,54409794,NULL,NULL
Myanmar,22/06/2020,54409794,NULL,NULL
Myanmar,22/07/2020,54409794,NULL,NULL
Myanmar,22/08/2020,54409794,NULL,NULL
Myanmar,22/09/2020,54409794,NULL,NULL
Myanmar,22/10/2020,54409794,NULL,NULL
Myanmar,22/11/2020,54409794,NULL,NULL
Myanmar,22/12/2020,54409794,NULL,NULL
Myanmar,23/01/2021,54409794,NULL,NULL
Myanmar,23/02/2021,54409794,NULL,NULL
Myanmar,23/03/2021,54409794,NULL,NULL
Myanmar,23/04/2020,54409794,NULL,NULL
Myanmar,23/04/2021,54409794,NULL,NULL
Myanmar,23/05/2020,54409794,NULL,NULL
Myanmar,23/06/2020,54409794,NULL,NULL
Myanmar,23/07/2020,54409794,NULL,NULL
Myanmar,23/08/2020,54409794,NULL,NULL
Myanmar,23/09/2020,54409794,NULL,NULL
Myanmar,23/10/2020,54409794,NULL,NULL
Myanmar,23/11/2020,54409794,NULL,NULL
Myanmar,23/12/2020,54409794,NULL,NULL
Myanmar,24/01/2021,54409794,NULL,NULL
Myanmar,24/02/2021,54409794,NULL,NULL
Myanmar,24/03/2021,54409794,NULL,NULL
Myanmar,24/04/2020,54409794,NULL,NULL
Myanmar,24/04/2021,54409794,NULL,NULL
Myanmar,24/05/2020,54409794,NULL,NULL
Myanmar,24/06/2020,54409794,NULL,NULL
Myanmar,24/07/2020,54409794,NULL,NULL
Myanmar,24/08/2020,54409794,NULL,NULL
Myanmar,24/09/2020,54409794,NULL,NULL
Myanmar,24/10/2020,54409794,NULL,NULL
Myanmar,24/11/2020,54409794,NULL,NULL
Myanmar,24/12/2020,54409794,NULL,NULL
Myanmar,25/01/2021,54409794,NULL,NULL
Myanmar,25/02/2021,54409794,NULL,NULL
Myanmar,25/03/2021,54409794,NULL,NULL
Myanmar,25/04/2020,54409794,NULL,NULL
Myanmar,25/04/2021,54409794,NULL,NULL
Myanmar,25/05/2020,54409794,NULL,NULL
Myanmar,25/06/2020,54409794,NULL,NULL
Myanmar,25/07/2020,54409794,NULL,NULL
Myanmar,25/08/2020,54409794,NULL,NULL
Myanmar,25/09/2020,54409794,NULL,NULL
Myanmar,25/10/2020,54409794,NULL,NULL
Myanmar,25/11/2020,54409794,NULL,NULL
Myanmar,25/12/2020,54409794,NULL,NULL
Myanmar,26/01/2021,54409794,NULL,NULL
Myanmar,26/02/2021,54409794,NULL,NULL
Myanmar,26/03/2021,54409794,NULL,NULL
Myanmar,26/04/2020,54409794,NULL,NULL
Myanmar,26/04/2021,54409794,NULL,NULL
Myanmar,26/05/2020,54409794,NULL,NULL
Myanmar,26/06/2020,54409794,NULL,NULL
Myanmar,26/07/2020,54409794,NULL,NULL
Myanmar,26/08/2020,54409794,NULL,NULL
Myanmar,26/09/2020,54409794,NULL,NULL
Myanmar,26/10/2020,54409794,NULL,NULL
Myanmar,26/11/2020,54409794,NULL,NULL
Myanmar,26/12/2020,54409794,NULL,NULL
Myanmar,27/01/2021,54409794,3800,3800
Myanmar,27/02/2021,54409794,NULL,3800
Myanmar,27/03/2020,54409794,NULL,3800
Myanmar,27/03/2021,54409794,NULL,3800
Myanmar,27/04/2020,54409794,NULL,3800
Myanmar,27/04/2021,54409794,NULL,3800
Myanmar,27/05/2020,54409794,NULL,3800
Myanmar,27/06/2020,54409794,NULL,3800
Myanmar,27/07/2020,54409794,NULL,3800
Myanmar,27/08/2020,54409794,NULL,3800
Myanmar,27/09/2020,54409794,NULL,3800
Myanmar,27/10/2020,54409794,NULL,3800
Myanmar,27/11/2020,54409794,NULL,3800
Myanmar,27/12/2020,54409794,NULL,3800
Myanmar,28/01/2021,54409794,NULL,3800
Myanmar,28/02/2021,54409794,NULL,3800
Myanmar,28/03/2020,54409794,NULL,3800
Myanmar,28/03/2021,54409794,NULL,3800
Myanmar,28/04/2020,54409794,NULL,3800
Myanmar,28/04/2021,54409794,NULL,3800
Myanmar,28/05/2020,54409794,NULL,3800
Myanmar,28/06/2020,54409794,NULL,3800
Myanmar,28/07/2020,54409794,NULL,3800
Myanmar,28/08/2020,54409794,NULL,3800
Myanmar,28/09/2020,54409794,NULL,3800
Myanmar,28/10/2020,54409794,NULL,3800
Myanmar,28/11/2020,54409794,NULL,3800
Myanmar,28/12/2020,54409794,NULL,3800
Myanmar,29/01/2021,54409794,NULL,3800
Myanmar,29/03/2020,54409794,NULL,3800
Myanmar,29/03/2021,54409794,NULL,3800
Myanmar,29/04/2020,54409794,NULL,3800
Myanmar,29/04/2021,54409794,NULL,3800
Myanmar,29/05/2020,54409794,NULL,3800
Myanmar,29/06/2020,54409794,NULL,3800
Myanmar,29/07/2020,54409794,NULL,3800
Myanmar,29/08/2020,54409794,NULL,3800
Myanmar,29/09/2020,54409794,NULL,3800
Myanmar,29/10/2020,54409794,NULL,3800
Myanmar,29/11/2020,54409794,NULL,3800
Myanmar,29/12/2020,54409794,NULL,3800
Myanmar,30/01/2021,54409794,NULL,3800
Myanmar,30/03/2020,54409794,NULL,3800
Myanmar,30/03/2021,54409794,NULL,3800
Myanmar,30/04/2020,54409794,NULL,3800
Myanmar,30/04/2021,54409794,NULL,3800
Myanmar,30/05/2020,54409794,NULL,3800
Myanmar,30/06/2020,54409794,NULL,3800
Myanmar,30/07/2020,54409794,NULL,3800
Myanmar,30/08/2020,54409794,NULL,3800
Myanmar,30/09/2020,54409794,NULL,3800
Myanmar,30/10/2020,54409794,NULL,3800
Myanmar,30/11/2020,54409794,NULL,3800
Myanmar,30/12/2020,54409794,NULL,3800
Myanmar,31/01/2021,54409794,NULL,3800
Myanmar,31/03/2020,54409794,NULL,3800
Myanmar,31/03/2021,54409794,NULL,3800
Myanmar,31/05/2020,54409794,NULL,3800
Myanmar,31/07/2020,54409794,NULL,3800
Myanmar,31/08/2020,54409794,NULL,3800
Myanmar,31/10/2020,54409794,NULL,3800
Myanmar,31/12/2020,54409794,NULL,3800
Philippines,01/01/2021,109581085,NULL,NULL
Philippines,01/02/2020,109581085,NULL,NULL
Philippines,01/02/2021,109581085,NULL,NULL
Philippines,01/03/2020,109581085,NULL,NULL
Philippines,01/03/2021,109581085,756,756
Philippines,01/04/2020,109581085,NULL,756
Philippines,01/04/2021,109581085,NULL,756
Philippines,01/05/2020,109581085,NULL,756
Philippines,01/06/2020,109581085,NULL,756
Philippines,01/07/2020,109581085,NULL,756
Philippines,01/08/2020,109581085,NULL,756
Philippines,01/09/2020,109581085,NULL,756
Philippines,01/10/2020,109581085,NULL,756
Philippines,01/11/2020,109581085,NULL,756
Philippines,01/12/2020,109581085,NULL,756
Philippines,02/01/2021,109581085,NULL,756
Philippines,02/02/2020,109581085,NULL,756
Philippines,02/02/2021,109581085,NULL,756
Philippines,02/03/2020,109581085,NULL,756
Philippines,02/03/2021,109581085,2037,2793
Philippines,02/04/2020,109581085,NULL,2793
Philippines,02/04/2021,109581085,NULL,2793
Philippines,02/05/2020,109581085,NULL,2793
Philippines,02/06/2020,109581085,NULL,2793
Philippines,02/07/2020,109581085,NULL,2793
Philippines,02/08/2020,109581085,NULL,2793
Philippines,02/09/2020,109581085,NULL,2793
Philippines,02/10/2020,109581085,NULL,2793
Philippines,02/11/2020,109581085,NULL,2793
Philippines,02/12/2020,109581085,NULL,2793
Philippines,03/01/2021,109581085,NULL,2793
Philippines,03/02/2020,109581085,NULL,2793
Philippines,03/02/2021,109581085,NULL,2793
Philippines,03/03/2020,109581085,NULL,2793
Philippines,03/03/2021,109581085,NULL,2793
Philippines,03/04/2020,109581085,NULL,2793
Philippines,03/04/2021,109581085,NULL,2793
Philippines,03/05/2020,109581085,NULL,2793
Philippines,03/06/2020,109581085,NULL,2793
Philippines,03/07/2020,109581085,NULL,2793
Philippines,03/08/2020,109581085,NULL,2793
Philippines,03/09/2020,109581085,NULL,2793
Philippines,03/10/2020,109581085,NULL,2793
Philippines,03/11/2020,109581085,NULL,2793
Philippines,03/12/2020,109581085,NULL,2793
Philippines,04/01/2021,109581085,NULL,2793
Philippines,04/02/2020,109581085,NULL,2793
Philippines,04/02/2021,109581085,NULL,2793
Philippines,04/03/2020,109581085,NULL,2793
Philippines,04/03/2021,109581085,NULL,2793
Philippines,04/04/2020,109581085,NULL,2793
Philippines,04/04/2021,109581085,NULL,2793
Philippines,04/05/2020,109581085,NULL,2793
Philippines,04/06/2020,109581085,NULL,2793
Philippines,04/07/2020,109581085,NULL,2793
Philippines,04/08/2020,109581085,NULL,2793
Philippines,04/09/2020,109581085,NULL,2793
Philippines,04/10/2020,109581085,NULL,2793
Philippines,04/11/2020,109581085,NULL,2793
Philippines,04/12/2020,109581085,NULL,2793
Philippines,05/01/2021,109581085,NULL,2793
Philippines,05/02/2020,109581085,NULL,2793
Philippines,05/02/2021,109581085,NULL,2793
Philippines,05/03/2020,109581085,NULL,2793
Philippines,05/03/2021,109581085,NULL,2793
Philippines,05/04/2020,109581085,NULL,2793
Philippines,05/04/2021,109581085,NULL,2793
Philippines,05/05/2020,109581085,NULL,2793
Philippines,05/06/2020,109581085,NULL,2793
Philippines,05/07/2020,109581085,NULL,2793
Philippines,05/08/2020,109581085,NULL,2793
Philippines,05/09/2020,109581085,NULL,2793
Philippines,05/10/2020,109581085,NULL,2793
Philippines,05/11/2020,109581085,NULL,2793
Philippines,05/12/2020,109581085,NULL,2793
Philippines,06/01/2021,109581085,NULL,2793
Philippines,06/02/2020,109581085,NULL,2793
Philippines,06/02/2021,109581085,NULL,2793
Philippines,06/03/2020,109581085,NULL,2793
Philippines,06/03/2021,109581085,NULL,2793
Philippines,06/04/2020,109581085,NULL,2793
Philippines,06/04/2021,109581085,67441,70234
Philippines,06/05/2020,109581085,NULL,70234
Philippines,06/06/2020,109581085,NULL,70234
Philippines,06/07/2020,109581085,NULL,70234
Philippines,06/08/2020,109581085,NULL,70234
Philippines,06/09/2020,109581085,NULL,70234
Philippines,06/10/2020,109581085,NULL,70234
Philippines,06/11/2020,109581085,NULL,70234
Philippines,06/12/2020,109581085,NULL,70234
Philippines,07/01/2021,109581085,NULL,70234
Philippines,07/02/2020,109581085,NULL,70234
Philippines,07/02/2021,109581085,NULL,70234
Philippines,07/03/2020,109581085,NULL,70234
Philippines,07/03/2021,109581085,4128,74362
Philippines,07/04/2020,109581085,NULL,74362
Philippines,07/04/2021,109581085,NULL,74362
Philippines,07/05/2020,109581085,NULL,74362
Philippines,07/06/2020,109581085,NULL,74362
Philippines,07/07/2020,109581085,NULL,74362
Philippines,07/08/2020,109581085,NULL,74362
Philippines,07/09/2020,109581085,NULL,74362
Philippines,07/10/2020,109581085,NULL,74362
Philippines,07/11/2020,109581085,NULL,74362
Philippines,07/12/2020,109581085,NULL,74362
Philippines,08/01/2021,109581085,NULL,74362
Philippines,08/02/2020,109581085,NULL,74362
Philippines,08/02/2021,109581085,NULL,74362
Philippines,08/03/2020,109581085,NULL,74362
Philippines,08/03/2021,109581085,14734,89096
Philippines,08/04/2020,109581085,NULL,89096
Philippines,08/04/2021,109581085,NULL,89096
Philippines,08/05/2020,109581085,NULL,89096
Philippines,08/06/2020,109581085,NULL,89096
Philippines,08/07/2020,109581085,NULL,89096
Philippines,08/08/2020,109581085,NULL,89096
Philippines,08/09/2020,109581085,NULL,89096
Philippines,08/10/2020,109581085,NULL,89096
Philippines,08/11/2020,109581085,NULL,89096
Philippines,08/12/2020,109581085,NULL,89096
Philippines,09/01/2021,109581085,NULL,89096
Philippines,09/02/2020,109581085,NULL,89096
Philippines,09/02/2021,109581085,NULL,89096
Philippines,09/03/2020,109581085,NULL,89096
Philippines,09/03/2021,109581085,45077,134173
Philippines,09/04/2020,109581085,NULL,134173
Philippines,09/04/2021,109581085,NULL,134173
Philippines,09/05/2020,109581085,NULL,134173
Philippines,09/06/2020,109581085,NULL,134173
Philippines,09/07/2020,109581085,NULL,134173
Philippines,09/08/2020,109581085,NULL,134173
Philippines,09/09/2020,109581085,NULL,134173
Philippines,09/10/2020,109581085,NULL,134173
Philippines,09/11/2020,109581085,NULL,134173
Philippines,09/12/2020,109581085,NULL,134173
Philippines,10/01/2021,109581085,NULL,134173
Philippines,10/02/2020,109581085,NULL,134173
Philippines,10/02/2021,109581085,NULL,134173
Philippines,10/03/2020,109581085,NULL,134173
Philippines,10/03/2021,109581085,25423,159596
Philippines,10/04/2020,109581085,NULL,159596
Philippines,10/04/2021,109581085,NULL,159596
Philippines,10/05/2020,109581085,NULL,159596
Philippines,10/06/2020,109581085,NULL,159596
Philippines,10/07/2020,109581085,NULL,159596
Philippines,10/08/2020,109581085,NULL,159596
Philippines,10/09/2020,109581085,NULL,159596
Philippines,10/10/2020,109581085,NULL,159596
Philippines,10/11/2020,109581085,NULL,159596
Philippines,10/12/2020,109581085,NULL,159596
Philippines,11/01/2021,109581085,NULL,159596
Philippines,11/02/2020,109581085,NULL,159596
Philippines,11/02/2021,109581085,NULL,159596
Philippines,11/03/2020,109581085,NULL,159596
Philippines,11/03/2021,109581085,NULL,159596
Philippines,11/04/2020,109581085,NULL,159596
Philippines,11/04/2021,109581085,NULL,159596
Philippines,11/05/2020,109581085,NULL,159596
Philippines,11/06/2020,109581085,NULL,159596
Philippines,11/07/2020,109581085,NULL,159596
Philippines,11/08/2020,109581085,NULL,159596
Philippines,11/09/2020,109581085,NULL,159596
Philippines,11/10/2020,109581085,NULL,159596
Philippines,11/11/2020,109581085,NULL,159596
Philippines,11/12/2020,109581085,NULL,159596
Philippines,12/01/2021,109581085,NULL,159596
Philippines,12/02/2020,109581085,NULL,159596
Philippines,12/02/2021,109581085,NULL,159596
Philippines,12/03/2020,109581085,NULL,159596
Philippines,12/03/2021,109581085,NULL,159596
Philippines,12/04/2020,109581085,NULL,159596
Philippines,12/04/2021,109581085,62653,222249
Philippines,12/05/2020,109581085,NULL,222249
Philippines,12/06/2020,109581085,NULL,222249
Philippines,12/07/2020,109581085,NULL,222249
Philippines,12/08/2020,109581085,NULL,222249
Philippines,12/09/2020,109581085,NULL,222249
Philippines,12/10/2020,109581085,NULL,222249
Philippines,12/11/2020,109581085,NULL,222249
Philippines,12/12/2020,109581085,NULL,222249
Philippines,13/01/2021,109581085,NULL,222249
Philippines,13/02/2020,109581085,NULL,222249
Philippines,13/02/2021,109581085,NULL,222249
Philippines,13/03/2020,109581085,NULL,222249
Philippines,13/03/2021,109581085,NULL,222249
Philippines,13/04/2020,109581085,NULL,222249
Philippines,13/04/2021,109581085,53419,275668
Philippines,13/05/2020,109581085,NULL,275668
Philippines,13/06/2020,109581085,NULL,275668
Philippines,13/07/2020,109581085,NULL,275668
Philippines,13/08/2020,109581085,NULL,275668
Philippines,13/09/2020,109581085,NULL,275668
Philippines,13/10/2020,109581085,NULL,275668
Philippines,13/11/2020,109581085,NULL,275668
Philippines,13/12/2020,109581085,NULL,275668
Philippines,14/01/2021,109581085,NULL,275668
Philippines,14/02/2020,109581085,NULL,275668
Philippines,14/02/2021,109581085,NULL,275668
Philippines,14/03/2020,109581085,NULL,275668
Philippines,14/03/2021,109581085,NULL,275668
Philippines,14/04/2020,109581085,NULL,275668
Philippines,14/04/2021,109581085,NULL,275668
Philippines,14/05/2020,109581085,NULL,275668
Philippines,14/06/2020,109581085,NULL,275668
Philippines,14/07/2020,109581085,NULL,275668
Philippines,14/08/2020,109581085,NULL,275668
Philippines,14/09/2020,109581085,NULL,275668
Philippines,14/10/2020,109581085,NULL,275668
Philippines,14/11/2020,109581085,NULL,275668
Philippines,14/12/2020,109581085,NULL,275668
Philippines,15/01/2021,109581085,NULL,275668
Philippines,15/02/2020,109581085,NULL,275668
Philippines,15/02/2021,109581085,NULL,275668
Philippines,15/03/2020,109581085,NULL,275668
Philippines,15/03/2021,109581085,NULL,275668
Philippines,15/04/2020,109581085,NULL,275668
Philippines,15/04/2021,109581085,NULL,275668
Philippines,15/05/2020,109581085,NULL,275668
Philippines,15/06/2020,109581085,NULL,275668
Philippines,15/07/2020,109581085,NULL,275668
Philippines,15/08/2020,109581085,NULL,275668
Philippines,15/09/2020,109581085,NULL,275668
Philippines,15/10/2020,109581085,NULL,275668
Philippines,15/11/2020,109581085,NULL,275668
Philippines,15/12/2020,109581085,NULL,275668
Philippines,16/01/2021,109581085,NULL,275668
Philippines,16/02/2020,109581085,NULL,275668
Philippines,16/02/2021,109581085,NULL,275668
Philippines,16/03/2020,109581085,NULL,275668
Philippines,16/03/2021,109581085,797,276465
Philippines,16/04/2020,109581085,NULL,276465
Philippines,16/04/2021,109581085,NULL,276465
Philippines,16/05/2020,109581085,NULL,276465
Philippines,16/06/2020,109581085,NULL,276465
Philippines,16/07/2020,109581085,NULL,276465
Philippines,16/08/2020,109581085,NULL,276465
Philippines,16/09/2020,109581085,NULL,276465
Philippines,16/10/2020,109581085,NULL,276465
Philippines,16/11/2020,109581085,NULL,276465
Philippines,16/12/2020,109581085,NULL,276465
Philippines,17/01/2021,109581085,NULL,276465
Philippines,17/02/2020,109581085,NULL,276465
Philippines,17/02/2021,109581085,NULL,276465
Philippines,17/03/2020,109581085,NULL,276465
Philippines,17/03/2021,109581085,52789,329254
Philippines,17/04/2020,109581085,NULL,329254
Philippines,17/04/2021,109581085,NULL,329254
Philippines,17/05/2020,109581085,NULL,329254
Philippines,17/06/2020,109581085,NULL,329254
Philippines,17/07/2020,109581085,NULL,329254
Philippines,17/08/2020,109581085,NULL,329254
Philippines,17/09/2020,109581085,NULL,329254
Philippines,17/10/2020,109581085,NULL,329254
Philippines,17/11/2020,109581085,NULL,329254
Philippines,17/12/2020,109581085,NULL,329254
Philippines,18/01/2021,109581085,NULL,329254
Philippines,18/02/2020,109581085,NULL,329254
Philippines,18/02/2021,109581085,NULL,329254
Philippines,18/03/2020,109581085,NULL,329254
Philippines,18/03/2021,109581085,NULL,329254
Philippines,18/04/2020,109581085,NULL,329254
Philippines,18/04/2021,109581085,NULL,329254
Philippines,18/05/2020,109581085,NULL,329254
Philippines,18/06/2020,109581085,NULL,329254
Philippines,18/07/2020,109581085,NULL,329254
Philippines,18/08/2020,109581085,NULL,329254
Philippines,18/09/2020,109581085,NULL,329254
Philippines,18/10/2020,109581085,NULL,329254
Philippines,18/11/2020,109581085,NULL,329254
Philippines,18/12/2020,109581085,NULL,329254
Philippines,19/01/2021,109581085,NULL,329254
Philippines,19/02/2020,109581085,NULL,329254
Philippines,19/02/2021,109581085,NULL,329254
Philippines,19/03/2020,109581085,NULL,329254
Philippines,19/03/2021,109581085,NULL,329254
Philippines,19/04/2020,109581085,NULL,329254
Philippines,19/04/2021,109581085,NULL,329254
Philippines,19/05/2020,109581085,NULL,329254
Philippines,19/06/2020,109581085,NULL,329254
Philippines,19/07/2020,109581085,NULL,329254
Philippines,19/08/2020,109581085,NULL,329254
Philippines,19/09/2020,109581085,NULL,329254
Philippines,19/10/2020,109581085,NULL,329254
Philippines,19/11/2020,109581085,NULL,329254
Philippines,19/12/2020,109581085,NULL,329254
Philippines,20/01/2021,109581085,NULL,329254
Philippines,20/02/2020,109581085,NULL,329254
Philippines,20/02/2021,109581085,NULL,329254
Philippines,20/03/2020,109581085,NULL,329254
Philippines,20/03/2021,109581085,NULL,329254
Philippines,20/04/2020,109581085,NULL,329254
Philippines,20/04/2021,109581085,84806,414060
Philippines,20/05/2020,109581085,NULL,414060
Philippines,20/06/2020,109581085,NULL,414060
Philippines,20/07/2020,109581085,NULL,414060
Philippines,20/08/2020,109581085,NULL,414060
Philippines,20/09/2020,109581085,NULL,414060
Philippines,20/10/2020,109581085,NULL,414060
Philippines,20/11/2020,109581085,NULL,414060
Philippines,20/12/2020,109581085,NULL,414060
Philippines,21/01/2021,109581085,NULL,414060
Philippines,21/02/2020,109581085,NULL,414060
Philippines,21/02/2021,109581085,NULL,414060
Philippines,21/03/2020,109581085,NULL,414060
Philippines,21/03/2021,109581085,NULL,414060
Philippines,21/04/2020,109581085,NULL,414060
Philippines,21/04/2021,109581085,49857,463917
Philippines,21/05/2020,109581085,NULL,463917
Philippines,21/06/2020,109581085,NULL,463917
Philippines,21/07/2020,109581085,NULL,463917
Philippines,21/08/2020,109581085,NULL,463917
Philippines,21/09/2020,109581085,NULL,463917
Philippines,21/10/2020,109581085,NULL,463917
Philippines,21/11/2020,109581085,NULL,463917
Philippines,21/12/2020,109581085,NULL,463917
Philippines,22/01/2021,109581085,NULL,463917
Philippines,22/02/2020,109581085,NULL,463917
Philippines,22/02/2021,109581085,NULL,463917
Philippines,22/03/2020,109581085,NULL,463917
Philippines,22/03/2021,109581085,NULL,463917
Philippines,22/04/2020,109581085,NULL,463917
Philippines,22/04/2021,109581085,NULL,463917
Philippines,22/05/2020,109581085,NULL,463917
Philippines,22/06/2020,109581085,NULL,463917
Philippines,22/07/2020,109581085,NULL,463917
Philippines,22/08/2020,109581085,NULL,463917
Philippines,22/09/2020,109581085,NULL,463917
Philippines,22/10/2020,109581085,NULL,463917
Philippines,22/11/2020,109581085,NULL,463917
Philippines,22/12/2020,109581085,NULL,463917
Philippines,23/01/2021,109581085,NULL,463917
Philippines,23/02/2020,109581085,NULL,463917
Philippines,23/02/2021,109581085,NULL,463917
Philippines,23/03/2020,109581085,NULL,463917
Philippines,23/03/2021,109581085,NULL,463917
Philippines,23/04/2020,109581085,NULL,463917
Philippines,23/04/2021,109581085,NULL,463917
Philippines,23/05/2020,109581085,NULL,463917
Philippines,23/06/2020,109581085,NULL,463917
Philippines,23/07/2020,109581085,NULL,463917
Philippines,23/08/2020,109581085,NULL,463917
Philippines,23/09/2020,109581085,NULL,463917
Philippines,23/10/2020,109581085,NULL,463917
Philippines,23/11/2020,109581085,NULL,463917
Philippines,23/12/2020,109581085,NULL,463917
Philippines,24/01/2021,109581085,NULL,463917
Philippines,24/02/2020,109581085,NULL,463917
Philippines,24/02/2021,109581085,NULL,463917
Philippines,24/03/2020,109581085,NULL,463917
Philippines,24/03/2021,109581085,NULL,463917
Philippines,24/04/2020,109581085,NULL,463917
Philippines,24/04/2021,109581085,NULL,463917
Philippines,24/05/2020,109581085,NULL,463917
Philippines,24/06/2020,109581085,NULL,463917
Philippines,24/07/2020,109581085,NULL,463917
Philippines,24/08/2020,109581085,NULL,463917
Philippines,24/09/2020,109581085,NULL,463917
Philippines,24/10/2020,109581085,NULL,463917
Philippines,24/11/2020,109581085,NULL,463917
Philippines,24/12/2020,109581085,NULL,463917
Philippines,25/01/2021,109581085,NULL,463917
Philippines,25/02/2020,109581085,NULL,463917
Philippines,25/02/2021,109581085,NULL,463917
Philippines,25/03/2020,109581085,NULL,463917
Philippines,25/03/2021,109581085,NULL,463917
Philippines,25/04/2020,109581085,NULL,463917
Philippines,25/04/2021,109581085,NULL,463917
Philippines,25/05/2020,109581085,NULL,463917
Philippines,25/06/2020,109581085,NULL,463917
Philippines,25/07/2020,109581085,NULL,463917
Philippines,25/08/2020,109581085,NULL,463917
Philippines,25/09/2020,109581085,NULL,463917
Philippines,25/10/2020,109581085,NULL,463917
Philippines,25/11/2020,109581085,NULL,463917
Philippines,25/12/2020,109581085,NULL,463917
Philippines,26/01/2021,109581085,NULL,463917
Philippines,26/02/2020,109581085,NULL,463917
Philippines,26/02/2021,109581085,NULL,463917
Philippines,26/03/2020,109581085,NULL,463917
Philippines,26/03/2021,109581085,NULL,463917
Philippines,26/04/2020,109581085,NULL,463917
Philippines,26/04/2021,109581085,NULL,463917
Philippines,26/05/2020,109581085,NULL,463917
Philippines,26/06/2020,109581085,NULL,463917
Philippines,26/07/2020,109581085,NULL,463917
Philippines,26/08/2020,109581085,NULL,463917
Philippines,26/09/2020,109581085,NULL,463917
Philippines,26/10/2020,109581085,NULL,463917
Philippines,26/11/2020,109581085,NULL,463917
Philippines,26/12/2020,109581085,NULL,463917
Philippines,27/01/2021,109581085,NULL,463917
Philippines,27/02/2020,109581085,NULL,463917
Philippines,27/02/2021,109581085,NULL,463917
Philippines,27/03/2020,109581085,NULL,463917
Philippines,27/03/2021,109581085,NULL,463917
Philippines,27/04/2020,109581085,NULL,463917
Philippines,27/04/2021,109581085,41861,505778
Philippines,27/05/2020,109581085,NULL,505778
Philippines,27/06/2020,109581085,NULL,505778
Philippines,27/07/2020,109581085,NULL,505778
Philippines,27/08/2020,109581085,NULL,505778
Philippines,27/09/2020,109581085,NULL,505778
Philippines,27/10/2020,109581085,NULL,505778
Philippines,27/11/2020,109581085,NULL,505778
Philippines,27/12/2020,109581085,NULL,505778
Philippines,28/01/2021,109581085,NULL,505778
Philippines,28/02/2020,109581085,NULL,505778
Philippines,28/02/2021,109581085,NULL,505778
Philippines,28/03/2020,109581085,NULL,505778
Philippines,28/03/2021,109581085,NULL,505778
Philippines,28/04/2020,109581085,NULL,505778
Philippines,28/04/2021,109581085,NULL,505778
Philippines,28/05/2020,109581085,NULL,505778
Philippines,28/06/2020,109581085,NULL,505778
Philippines,28/07/2020,109581085,NULL,505778
Philippines,28/08/2020,109581085,NULL,505778
Philippines,28/09/2020,109581085,NULL,505778
Philippines,28/10/2020,109581085,NULL,505778
Philippines,28/11/2020,109581085,NULL,505778
Philippines,28/12/2020,109581085,NULL,505778
Philippines,29/01/2021,109581085,NULL,505778
Philippines,29/02/2020,109581085,NULL,505778
Philippines,29/03/2020,109581085,NULL,505778
Philippines,29/03/2021,109581085,NULL,505778
Philippines,29/04/2020,109581085,NULL,505778
Philippines,29/04/2021,109581085,NULL,505778
Philippines,29/05/2020,109581085,NULL,505778
Philippines,29/06/2020,109581085,NULL,505778
Philippines,29/07/2020,109581085,NULL,505778
Philippines,29/08/2020,109581085,NULL,505778
Philippines,29/09/2020,109581085,NULL,505778
Philippines,29/10/2020,109581085,NULL,505778
Philippines,29/11/2020,109581085,NULL,505778
Philippines,29/12/2020,109581085,NULL,505778
Philippines,30/01/2020,109581085,NULL,505778
Philippines,30/01/2021,109581085,NULL,505778
Philippines,30/03/2020,109581085,NULL,505778
Philippines,30/03/2021,109581085,NULL,505778
Philippines,30/04/2020,109581085,NULL,505778
Philippines,30/04/2021,109581085,38876,544654
Philippines,30/05/2020,109581085,NULL,544654
Philippines,30/06/2020,109581085,NULL,544654
Philippines,30/07/2020,109581085,NULL,544654
Philippines,30/08/2020,109581085,NULL,544654
Philippines,30/09/2020,109581085,NULL,544654
Philippines,30/10/2020,109581085,NULL,544654
Philippines,30/11/2020,109581085,NULL,544654
Philippines,30/12/2020,109581085,NULL,544654
Philippines,31/01/2020,109581085,NULL,544654
Philippines,31/01/2021,109581085,NULL,544654
Philippines,31/03/2020,109581085,NULL,544654
Philippines,31/03/2021,109581085,NULL,544654
Philippines,31/05/2020,109581085,NULL,544654
Philippines,31/07/2020,109581085,NULL,544654
Philippines,31/08/2020,109581085,NULL,544654
Philippines,31/10/2020,109581085,NULL,544654
Philippines,31/12/2020,109581085,NULL,544654
Singapore,01/01/2021,5850343,NULL,NULL
Singapore,01/02/2020,5850343,NULL,NULL
Singapore,01/02/2021,5850343,NULL,NULL
Singapore,01/03/2020,5850343,NULL,NULL
Singapore,01/03/2021,5850343,NULL,NULL
Singapore,01/04/2020,5850343,NULL,NULL
Singapore,01/04/2021,5850343,NULL,NULL
Singapore,01/05/2020,5850343,NULL,NULL
Singapore,01/06/2020,5850343,NULL,NULL
Singapore,01/07/2020,5850343,NULL,NULL
Singapore,01/08/2020,5850343,NULL,NULL
Singapore,01/09/2020,5850343,NULL,NULL
Singapore,01/10/2020,5850343,NULL,NULL
Singapore,01/11/2020,5850343,NULL,NULL
Singapore,01/12/2020,5850343,NULL,NULL
Singapore,02/01/2021,5850343,NULL,NULL
Singapore,02/02/2020,5850343,NULL,NULL
Singapore,02/02/2021,5850343,NULL,NULL
Singapore,02/03/2020,5850343,NULL,NULL
Singapore,02/03/2021,5850343,NULL,NULL
Singapore,02/04/2020,5850343,NULL,NULL
Singapore,02/04/2021,5850343,NULL,NULL
Singapore,02/05/2020,5850343,NULL,NULL
Singapore,02/06/2020,5850343,NULL,NULL
Singapore,02/07/2020,5850343,NULL,NULL
Singapore,02/08/2020,5850343,NULL,NULL
Singapore,02/09/2020,5850343,NULL,NULL
Singapore,02/10/2020,5850343,NULL,NULL
Singapore,02/11/2020,5850343,NULL,NULL
Singapore,02/12/2020,5850343,NULL,NULL
Singapore,03/01/2021,5850343,NULL,NULL
Singapore,03/02/2020,5850343,NULL,NULL
Singapore,03/02/2021,5850343,NULL,NULL
Singapore,03/03/2020,5850343,NULL,NULL
Singapore,03/03/2021,5850343,NULL,NULL
Singapore,03/04/2020,5850343,NULL,NULL
Singapore,03/04/2021,5850343,NULL,NULL
Singapore,03/05/2020,5850343,NULL,NULL
Singapore,03/06/2020,5850343,NULL,NULL
Singapore,03/07/2020,5850343,NULL,NULL
Singapore,03/08/2020,5850343,NULL,NULL
Singapore,03/09/2020,5850343,NULL,NULL
Singapore,03/10/2020,5850343,NULL,NULL
Singapore,03/11/2020,5850343,NULL,NULL
Singapore,03/12/2020,5850343,NULL,NULL
Singapore,04/01/2021,5850343,NULL,NULL
Singapore,04/02/2020,5850343,NULL,NULL
Singapore,04/02/2021,5850343,NULL,NULL
Singapore,04/03/2020,5850343,NULL,NULL
Singapore,04/03/2021,5850343,NULL,NULL
Singapore,04/04/2020,5850343,NULL,NULL
Singapore,04/04/2021,5850343,NULL,NULL
Singapore,04/05/2020,5850343,NULL,NULL
Singapore,04/06/2020,5850343,NULL,NULL
Singapore,04/07/2020,5850343,NULL,NULL
Singapore,04/08/2020,5850343,NULL,NULL
Singapore,04/09/2020,5850343,NULL,NULL
Singapore,04/10/2020,5850343,NULL,NULL
Singapore,04/11/2020,5850343,NULL,NULL
Singapore,04/12/2020,5850343,NULL,NULL
Singapore,05/01/2021,5850343,NULL,NULL
Singapore,05/02/2020,5850343,NULL,NULL
Singapore,05/02/2021,5850343,NULL,NULL
Singapore,05/03/2020,5850343,NULL,NULL
Singapore,05/03/2021,5850343,NULL,NULL
Singapore,05/04/2020,5850343,NULL,NULL
Singapore,05/04/2021,5850343,NULL,NULL
Singapore,05/05/2020,5850343,NULL,NULL
Singapore,05/06/2020,5850343,NULL,NULL
Singapore,05/07/2020,5850343,NULL,NULL
Singapore,05/08/2020,5850343,NULL,NULL
Singapore,05/09/2020,5850343,NULL,NULL
Singapore,05/10/2020,5850343,NULL,NULL
Singapore,05/11/2020,5850343,NULL,NULL
Singapore,05/12/2020,5850343,NULL,NULL
Singapore,06/01/2021,5850343,NULL,NULL
Singapore,06/02/2020,5850343,NULL,NULL
Singapore,06/02/2021,5850343,NULL,NULL
Singapore,06/03/2020,5850343,NULL,NULL
Singapore,06/03/2021,5850343,NULL,NULL
Singapore,06/04/2020,5850343,NULL,NULL
Singapore,06/04/2021,5850343,NULL,NULL
Singapore,06/05/2020,5850343,NULL,NULL
Singapore,06/06/2020,5850343,NULL,NULL
Singapore,06/07/2020,5850343,NULL,NULL
Singapore,06/08/2020,5850343,NULL,NULL
Singapore,06/09/2020,5850343,NULL,NULL
Singapore,06/10/2020,5850343,NULL,NULL
Singapore,06/11/2020,5850343,NULL,NULL
Singapore,06/12/2020,5850343,NULL,NULL
Singapore,07/01/2021,5850343,NULL,NULL
Singapore,07/02/2020,5850343,NULL,NULL
Singapore,07/02/2021,5850343,NULL,NULL
Singapore,07/03/2020,5850343,NULL,NULL
Singapore,07/03/2021,5850343,NULL,NULL
Singapore,07/04/2020,5850343,NULL,NULL
Singapore,07/04/2021,5850343,NULL,NULL
Singapore,07/05/2020,5850343,NULL,NULL
Singapore,07/06/2020,5850343,NULL,NULL
Singapore,07/07/2020,5850343,NULL,NULL
Singapore,07/08/2020,5850343,NULL,NULL
Singapore,07/09/2020,5850343,NULL,NULL
Singapore,07/10/2020,5850343,NULL,NULL
Singapore,07/11/2020,5850343,NULL,NULL
Singapore,07/12/2020,5850343,NULL,NULL
Singapore,08/01/2021,5850343,NULL,NULL
Singapore,08/02/2020,5850343,NULL,NULL
Singapore,08/02/2021,5850343,NULL,NULL
Singapore,08/03/2020,5850343,NULL,NULL
Singapore,08/03/2021,5850343,15314,15314
Singapore,08/04/2020,5850343,NULL,15314
Singapore,08/04/2021,5850343,NULL,15314
Singapore,08/05/2020,5850343,NULL,15314
Singapore,08/06/2020,5850343,NULL,15314
Singapore,08/07/2020,5850343,NULL,15314
Singapore,08/08/2020,5850343,NULL,15314
Singapore,08/09/2020,5850343,NULL,15314
Singapore,08/10/2020,5850343,NULL,15314
Singapore,08/11/2020,5850343,NULL,15314
Singapore,08/12/2020,5850343,NULL,15314
Singapore,09/01/2021,5850343,NULL,15314
Singapore,09/02/2020,5850343,NULL,15314
Singapore,09/02/2021,5850343,NULL,15314
Singapore,09/03/2020,5850343,NULL,15314
Singapore,09/03/2021,5850343,NULL,15314
Singapore,09/04/2020,5850343,NULL,15314
Singapore,09/04/2021,5850343,NULL,15314
Singapore,09/05/2020,5850343,NULL,15314
Singapore,09/06/2020,5850343,NULL,15314
Singapore,09/07/2020,5850343,NULL,15314
Singapore,09/08/2020,5850343,NULL,15314
Singapore,09/09/2020,5850343,NULL,15314
Singapore,09/10/2020,5850343,NULL,15314
Singapore,09/11/2020,5850343,NULL,15314
Singapore,09/12/2020,5850343,NULL,15314
Singapore,10/01/2021,5850343,NULL,15314
Singapore,10/02/2020,5850343,NULL,15314
Singapore,10/02/2021,5850343,NULL,15314
Singapore,10/03/2020,5850343,NULL,15314
Singapore,10/03/2021,5850343,NULL,15314
Singapore,10/04/2020,5850343,NULL,15314
Singapore,10/04/2021,5850343,NULL,15314
Singapore,10/05/2020,5850343,NULL,15314
Singapore,10/06/2020,5850343,NULL,15314
Singapore,10/07/2020,5850343,NULL,15314
Singapore,10/08/2020,5850343,NULL,15314
Singapore,10/09/2020,5850343,NULL,15314
Singapore,10/10/2020,5850343,NULL,15314
Singapore,10/11/2020,5850343,NULL,15314
Singapore,10/12/2020,5850343,NULL,15314
Singapore,11/01/2021,5850343,NULL,15314
Singapore,11/02/2020,5850343,NULL,15314
Singapore,11/02/2021,5850343,NULL,15314
Singapore,11/03/2020,5850343,NULL,15314
Singapore,11/03/2021,5850343,NULL,15314
Singapore,11/04/2020,5850343,NULL,15314
Singapore,11/04/2021,5850343,NULL,15314
Singapore,11/05/2020,5850343,NULL,15314
Singapore,11/06/2020,5850343,NULL,15314
Singapore,11/07/2020,5850343,NULL,15314
Singapore,11/08/2020,5850343,NULL,15314
Singapore,11/09/2020,5850343,NULL,15314
Singapore,11/10/2020,5850343,NULL,15314
Singapore,11/11/2020,5850343,NULL,15314
Singapore,11/12/2020,5850343,NULL,15314
Singapore,12/01/2021,5850343,2800,18114
Singapore,12/02/2020,5850343,NULL,18114
Singapore,12/02/2021,5850343,NULL,18114
Singapore,12/03/2020,5850343,NULL,18114
Singapore,12/03/2021,5850343,NULL,18114
Singapore,12/04/2020,5850343,NULL,18114
Singapore,12/04/2021,5850343,NULL,18114
Singapore,12/05/2020,5850343,NULL,18114
Singapore,12/06/2020,5850343,NULL,18114
Singapore,12/07/2020,5850343,NULL,18114
Singapore,12/08/2020,5850343,NULL,18114
Singapore,12/09/2020,5850343,NULL,18114
Singapore,12/10/2020,5850343,NULL,18114
Singapore,12/11/2020,5850343,NULL,18114
Singapore,12/12/2020,5850343,NULL,18114
Singapore,13/01/2021,5850343,NULL,18114
Singapore,13/02/2020,5850343,NULL,18114
Singapore,13/02/2021,5850343,NULL,18114
Singapore,13/03/2020,5850343,NULL,18114
Singapore,13/03/2021,5850343,NULL,18114
Singapore,13/04/2020,5850343,NULL,18114
Singapore,13/04/2021,5850343,NULL,18114
Singapore,13/05/2020,5850343,NULL,18114
Singapore,13/06/2020,5850343,NULL,18114
Singapore,13/07/2020,5850343,NULL,18114
Singapore,13/08/2020,5850343,NULL,18114
Singapore,13/09/2020,5850343,NULL,18114
Singapore,13/10/2020,5850343,NULL,18114
Singapore,13/11/2020,5850343,NULL,18114
Singapore,13/12/2020,5850343,NULL,18114
Singapore,14/01/2021,5850343,NULL,18114
Singapore,14/02/2020,5850343,NULL,18114
Singapore,14/02/2021,5850343,NULL,18114
Singapore,14/03/2020,5850343,NULL,18114
Singapore,14/03/2021,5850343,NULL,18114
Singapore,14/04/2020,5850343,NULL,18114
Singapore,14/04/2021,5850343,NULL,18114
Singapore,14/05/2020,5850343,NULL,18114
Singapore,14/06/2020,5850343,NULL,18114
Singapore,14/07/2020,5850343,NULL,18114
Singapore,14/08/2020,5850343,NULL,18114
Singapore,14/09/2020,5850343,NULL,18114
Singapore,14/10/2020,5850343,NULL,18114
Singapore,14/11/2020,5850343,NULL,18114
Singapore,14/12/2020,5850343,NULL,18114
Singapore,15/01/2021,5850343,NULL,18114
Singapore,15/02/2020,5850343,NULL,18114
Singapore,15/02/2021,5850343,NULL,18114
Singapore,15/03/2020,5850343,NULL,18114
Singapore,15/03/2021,5850343,NULL,18114
Singapore,15/04/2020,5850343,NULL,18114
Singapore,15/04/2021,5850343,NULL,18114
Singapore,15/05/2020,5850343,NULL,18114
Singapore,15/06/2020,5850343,NULL,18114
Singapore,15/07/2020,5850343,NULL,18114
Singapore,15/08/2020,5850343,NULL,18114
Singapore,15/09/2020,5850343,NULL,18114
Singapore,15/10/2020,5850343,NULL,18114
Singapore,15/11/2020,5850343,NULL,18114
Singapore,15/12/2020,5850343,NULL,18114
Singapore,16/01/2021,5850343,NULL,18114
Singapore,16/02/2020,5850343,NULL,18114
Singapore,16/02/2021,5850343,NULL,18114
Singapore,16/03/2020,5850343,NULL,18114
Singapore,16/03/2021,5850343,NULL,18114
Singapore,16/04/2020,5850343,NULL,18114
Singapore,16/04/2021,5850343,NULL,18114
Singapore,16/05/2020,5850343,NULL,18114
Singapore,16/06/2020,5850343,NULL,18114
Singapore,16/07/2020,5850343,NULL,18114
Singapore,16/08/2020,5850343,NULL,18114
Singapore,16/09/2020,5850343,NULL,18114
Singapore,16/10/2020,5850343,NULL,18114
Singapore,16/11/2020,5850343,NULL,18114
Singapore,16/12/2020,5850343,NULL,18114
Singapore,17/01/2021,5850343,NULL,18114
Singapore,17/02/2020,5850343,NULL,18114
Singapore,17/02/2021,5850343,NULL,18114
Singapore,17/03/2020,5850343,NULL,18114
Singapore,17/03/2021,5850343,NULL,18114
Singapore,17/04/2020,5850343,NULL,18114
Singapore,17/04/2021,5850343,NULL,18114
Singapore,17/05/2020,5850343,NULL,18114
Singapore,17/06/2020,5850343,NULL,18114
Singapore,17/07/2020,5850343,NULL,18114
Singapore,17/08/2020,5850343,NULL,18114
Singapore,17/09/2020,5850343,NULL,18114
Singapore,17/10/2020,5850343,NULL,18114
Singapore,17/11/2020,5850343,NULL,18114
Singapore,17/12/2020,5850343,NULL,18114
Singapore,18/01/2021,5850343,NULL,18114
Singapore,18/02/2020,5850343,NULL,18114
Singapore,18/02/2021,5850343,NULL,18114
Singapore,18/03/2020,5850343,NULL,18114
Singapore,18/03/2021,5850343,NULL,18114
Singapore,18/04/2020,5850343,NULL,18114
Singapore,18/04/2021,5850343,NULL,18114
Singapore,18/05/2020,5850343,NULL,18114
Singapore,18/06/2020,5850343,NULL,18114
Singapore,18/07/2020,5850343,NULL,18114
Singapore,18/08/2020,5850343,NULL,18114
Singapore,18/09/2020,5850343,NULL,18114
Singapore,18/10/2020,5850343,NULL,18114
Singapore,18/11/2020,5850343,NULL,18114
Singapore,18/12/2020,5850343,NULL,18114
Singapore,19/01/2021,5850343,NULL,18114
Singapore,19/02/2020,5850343,NULL,18114
Singapore,19/02/2021,5850343,NULL,18114
Singapore,19/03/2020,5850343,NULL,18114
Singapore,19/03/2021,5850343,NULL,18114
Singapore,19/04/2020,5850343,NULL,18114
Singapore,19/04/2021,5850343,NULL,18114
Singapore,19/05/2020,5850343,NULL,18114
Singapore,19/06/2020,5850343,NULL,18114
Singapore,19/07/2020,5850343,NULL,18114
Singapore,19/08/2020,5850343,NULL,18114
Singapore,19/09/2020,5850343,NULL,18114
Singapore,19/10/2020,5850343,NULL,18114
Singapore,19/11/2020,5850343,NULL,18114
Singapore,19/12/2020,5850343,NULL,18114
Singapore,20/01/2021,5850343,NULL,18114
Singapore,20/02/2020,5850343,NULL,18114
Singapore,20/02/2021,5850343,NULL,18114
Singapore,20/03/2020,5850343,NULL,18114
Singapore,20/03/2021,5850343,NULL,18114
Singapore,20/04/2020,5850343,NULL,18114
Singapore,20/04/2021,5850343,NULL,18114
Singapore,20/05/2020,5850343,NULL,18114
Singapore,20/06/2020,5850343,NULL,18114
Singapore,20/07/2020,5850343,NULL,18114
Singapore,20/08/2020,5850343,NULL,18114
Singapore,20/09/2020,5850343,NULL,18114
Singapore,20/10/2020,5850343,NULL,18114
Singapore,20/11/2020,5850343,NULL,18114
Singapore,20/12/2020,5850343,NULL,18114
Singapore,21/01/2021,5850343,NULL,18114
Singapore,21/02/2020,5850343,NULL,18114
Singapore,21/02/2021,5850343,NULL,18114
Singapore,21/03/2020,5850343,NULL,18114
Singapore,21/03/2021,5850343,NULL,18114
Singapore,21/04/2020,5850343,NULL,18114
Singapore,21/04/2021,5850343,NULL,18114
Singapore,21/05/2020,5850343,NULL,18114
Singapore,21/06/2020,5850343,NULL,18114
Singapore,21/07/2020,5850343,NULL,18114
Singapore,21/08/2020,5850343,NULL,18114
Singapore,21/09/2020,5850343,NULL,18114
Singapore,21/10/2020,5850343,NULL,18114
Singapore,21/11/2020,5850343,NULL,18114
Singapore,21/12/2020,5850343,NULL,18114
Singapore,22/01/2021,5850343,NULL,18114
Singapore,22/02/2020,5850343,NULL,18114
Singapore,22/02/2021,5850343,NULL,18114
Singapore,22/03/2020,5850343,NULL,18114
Singapore,22/03/2021,5850343,NULL,18114
Singapore,22/04/2020,5850343,NULL,18114
Singapore,22/04/2021,5850343,NULL,18114
Singapore,22/05/2020,5850343,NULL,18114
Singapore,22/06/2020,5850343,NULL,18114
Singapore,22/07/2020,5850343,NULL,18114
Singapore,22/08/2020,5850343,NULL,18114
Singapore,22/09/2020,5850343,NULL,18114
Singapore,22/10/2020,5850343,NULL,18114
Singapore,22/11/2020,5850343,NULL,18114
Singapore,22/12/2020,5850343,NULL,18114
Singapore,23/01/2020,5850343,NULL,18114
Singapore,23/01/2021,5850343,NULL,18114
Singapore,23/02/2020,5850343,NULL,18114
Singapore,23/02/2021,5850343,NULL,18114
Singapore,23/03/2020,5850343,NULL,18114
Singapore,23/03/2021,5850343,37092,55206
Singapore,23/04/2020,5850343,NULL,55206
Singapore,23/04/2021,5850343,NULL,55206
Singapore,23/05/2020,5850343,NULL,55206
Singapore,23/06/2020,5850343,NULL,55206
Singapore,23/07/2020,5850343,NULL,55206
Singapore,23/08/2020,5850343,NULL,55206
Singapore,23/09/2020,5850343,NULL,55206
Singapore,23/10/2020,5850343,NULL,55206
Singapore,23/11/2020,5850343,NULL,55206
Singapore,23/12/2020,5850343,NULL,55206
Singapore,24/01/2020,5850343,NULL,55206
Singapore,24/01/2021,5850343,NULL,55206
Singapore,24/02/2020,5850343,NULL,55206
Singapore,24/02/2021,5850343,NULL,55206
Singapore,24/03/2020,5850343,NULL,55206
Singapore,24/03/2021,5850343,NULL,55206
Singapore,24/04/2020,5850343,NULL,55206
Singapore,24/04/2021,5850343,NULL,55206
Singapore,24/05/2020,5850343,NULL,55206
Singapore,24/06/2020,5850343,NULL,55206
Singapore,24/07/2020,5850343,NULL,55206
Singapore,24/08/2020,5850343,NULL,55206
Singapore,24/09/2020,5850343,NULL,55206
Singapore,24/10/2020,5850343,NULL,55206
Singapore,24/11/2020,5850343,NULL,55206
Singapore,24/12/2020,5850343,NULL,55206
Singapore,25/01/2020,5850343,NULL,55206
Singapore,25/01/2021,5850343,NULL,55206
Singapore,25/02/2020,5850343,NULL,55206
Singapore,25/02/2021,5850343,NULL,55206
Singapore,25/03/2020,5850343,NULL,55206
Singapore,25/03/2021,5850343,NULL,55206
Singapore,25/04/2020,5850343,NULL,55206
Singapore,25/04/2021,5850343,NULL,55206
Singapore,25/05/2020,5850343,NULL,55206
Singapore,25/06/2020,5850343,NULL,55206
Singapore,25/07/2020,5850343,NULL,55206
Singapore,25/08/2020,5850343,NULL,55206
Singapore,25/09/2020,5850343,NULL,55206
Singapore,25/10/2020,5850343,NULL,55206
Singapore,25/11/2020,5850343,NULL,55206
Singapore,25/12/2020,5850343,NULL,55206
Singapore,26/01/2020,5850343,NULL,55206
Singapore,26/01/2021,5850343,NULL,55206
Singapore,26/02/2020,5850343,NULL,55206
Singapore,26/02/2021,5850343,NULL,55206
Singapore,26/03/2020,5850343,NULL,55206
Singapore,26/03/2021,5850343,NULL,55206
Singapore,26/04/2020,5850343,NULL,55206
Singapore,26/04/2021,5850343,NULL,55206
Singapore,26/05/2020,5850343,NULL,55206
Singapore,26/06/2020,5850343,NULL,55206
Singapore,26/07/2020,5850343,NULL,55206
Singapore,26/08/2020,5850343,NULL,55206
Singapore,26/09/2020,5850343,NULL,55206
Singapore,26/10/2020,5850343,NULL,55206
Singapore,26/11/2020,5850343,NULL,55206
Singapore,26/12/2020,5850343,NULL,55206
Singapore,27/01/2020,5850343,NULL,55206
Singapore,27/01/2021,5850343,NULL,55206
Singapore,27/02/2020,5850343,NULL,55206
Singapore,27/02/2021,5850343,NULL,55206
Singapore,27/03/2020,5850343,NULL,55206
Singapore,27/03/2021,5850343,NULL,55206
Singapore,27/04/2020,5850343,NULL,55206
Singapore,27/04/2021,5850343,NULL,55206
Singapore,27/05/2020,5850343,NULL,55206
Singapore,27/06/2020,5850343,NULL,55206
Singapore,27/07/2020,5850343,NULL,55206
Singapore,27/08/2020,5850343,NULL,55206
Singapore,27/09/2020,5850343,NULL,55206
Singapore,27/10/2020,5850343,NULL,55206
Singapore,27/11/2020,5850343,NULL,55206
Singapore,27/12/2020,5850343,NULL,55206
Singapore,28/01/2020,5850343,NULL,55206
Singapore,28/01/2021,5850343,NULL,55206
Singapore,28/02/2020,5850343,NULL,55206
Singapore,28/02/2021,5850343,NULL,55206
Singapore,28/03/2020,5850343,NULL,55206
Singapore,28/03/2021,5850343,NULL,55206
Singapore,28/04/2020,5850343,NULL,55206
Singapore,28/04/2021,5850343,NULL,55206
Singapore,28/05/2020,5850343,NULL,55206
Singapore,28/06/2020,5850343,NULL,55206
Singapore,28/07/2020,5850343,NULL,55206
Singapore,28/08/2020,5850343,NULL,55206
Singapore,28/09/2020,5850343,NULL,55206
Singapore,28/10/2020,5850343,NULL,55206
Singapore,28/11/2020,5850343,NULL,55206
Singapore,28/12/2020,5850343,NULL,55206
Singapore,29/01/2020,5850343,NULL,55206
Singapore,29/01/2021,5850343,NULL,55206
Singapore,29/02/2020,5850343,NULL,55206
Singapore,29/03/2020,5850343,NULL,55206
Singapore,29/03/2021,5850343,NULL,55206
Singapore,29/04/2020,5850343,NULL,55206
Singapore,29/04/2021,5850343,NULL,55206
Singapore,29/05/2020,5850343,NULL,55206
Singapore,29/06/2020,5850343,NULL,55206
Singapore,29/07/2020,5850343,NULL,55206
Singapore,29/08/2020,5850343,NULL,55206
Singapore,29/09/2020,5850343,NULL,55206
Singapore,29/10/2020,5850343,NULL,55206
Singapore,29/11/2020,5850343,NULL,55206
Singapore,29/12/2020,5850343,NULL,55206
Singapore,30/01/2020,5850343,NULL,55206
Singapore,30/01/2021,5850343,NULL,55206
Singapore,30/03/2020,5850343,NULL,55206
Singapore,30/03/2021,5850343,NULL,55206
Singapore,30/04/2020,5850343,NULL,55206
Singapore,30/04/2021,5850343,NULL,55206
Singapore,30/05/2020,5850343,NULL,55206
Singapore,30/06/2020,5850343,NULL,55206
Singapore,30/07/2020,5850343,NULL,55206
Singapore,30/08/2020,5850343,NULL,55206
Singapore,30/09/2020,5850343,NULL,55206
Singapore,30/10/2020,5850343,NULL,55206
Singapore,30/11/2020,5850343,NULL,55206
Singapore,30/12/2020,5850343,NULL,55206
Singapore,31/01/2020,5850343,NULL,55206
Singapore,31/01/2021,5850343,NULL,55206
Singapore,31/03/2020,5850343,NULL,55206
Singapore,31/03/2021,5850343,NULL,55206
Singapore,31/05/2020,5850343,NULL,55206
Singapore,31/07/2020,5850343,NULL,55206
Singapore,31/08/2020,5850343,NULL,55206
Singapore,31/10/2020,5850343,NULL,55206
Singapore,31/12/2020,5850343,NULL,55206
Thailand,01/01/2021,69799978,NULL,NULL
Thailand,01/02/2020,69799978,NULL,NULL
Thailand,01/02/2021,69799978,NULL,NULL
Thailand,01/03/2020,69799978,NULL,NULL
Thailand,01/03/2021,69799978,NULL,NULL
Thailand,01/04/2020,69799978,NULL,NULL
Thailand,01/04/2021,69799978,NULL,NULL
Thailand,01/05/2020,69799978,NULL,NULL
Thailand,01/06/2020,69799978,NULL,NULL
Thailand,01/07/2020,69799978,NULL,NULL
Thailand,01/08/2020,69799978,NULL,NULL
Thailand,01/09/2020,69799978,NULL,NULL
Thailand,01/10/2020,69799978,NULL,NULL
Thailand,01/11/2020,69799978,NULL,NULL
Thailand,01/12/2020,69799978,NULL,NULL
Thailand,02/01/2021,69799978,NULL,NULL
Thailand,02/02/2020,69799978,NULL,NULL
Thailand,02/02/2021,69799978,NULL,NULL
Thailand,02/03/2020,69799978,NULL,NULL
Thailand,02/03/2021,69799978,6943,6943
Thailand,02/04/2020,69799978,NULL,6943
Thailand,02/04/2021,69799978,27240,34183
Thailand,02/05/2020,69799978,NULL,34183
Thailand,02/06/2020,69799978,NULL,34183
Thailand,02/07/2020,69799978,NULL,34183
Thailand,02/08/2020,69799978,NULL,34183
Thailand,02/09/2020,69799978,NULL,34183
Thailand,02/10/2020,69799978,NULL,34183
Thailand,02/11/2020,69799978,NULL,34183
Thailand,02/12/2020,69799978,NULL,34183
Thailand,03/01/2021,69799978,NULL,34183
Thailand,03/02/2020,69799978,NULL,34183
Thailand,03/02/2021,69799978,NULL,34183
Thailand,03/03/2020,69799978,NULL,34183
Thailand,03/03/2021,69799978,NULL,34183
Thailand,03/04/2020,69799978,NULL,34183
Thailand,03/04/2021,69799978,12372,46555
Thailand,03/05/2020,69799978,NULL,46555
Thailand,03/06/2020,69799978,NULL,46555
Thailand,03/07/2020,69799978,NULL,46555
Thailand,03/08/2020,69799978,NULL,46555
Thailand,03/09/2020,69799978,NULL,46555
Thailand,03/10/2020,69799978,NULL,46555
Thailand,03/11/2020,69799978,NULL,46555
Thailand,03/12/2020,69799978,NULL,46555
Thailand,04/01/2020,69799978,NULL,46555
Thailand,04/01/2021,69799978,NULL,46555
Thailand,04/02/2020,69799978,NULL,46555
Thailand,04/02/2021,69799978,NULL,46555
Thailand,04/03/2020,69799978,NULL,46555
Thailand,04/03/2021,69799978,NULL,46555
Thailand,04/04/2020,69799978,NULL,46555
Thailand,04/04/2021,69799978,13230,59785
Thailand,04/05/2020,69799978,NULL,59785
Thailand,04/06/2020,69799978,NULL,59785
Thailand,04/07/2020,69799978,NULL,59785
Thailand,04/08/2020,69799978,NULL,59785
Thailand,04/09/2020,69799978,NULL,59785
Thailand,04/10/2020,69799978,NULL,59785
Thailand,04/11/2020,69799978,NULL,59785
Thailand,04/12/2020,69799978,NULL,59785
Thailand,05/01/2020,69799978,NULL,59785
Thailand,05/01/2021,69799978,NULL,59785
Thailand,05/02/2020,69799978,NULL,59785
Thailand,05/02/2021,69799978,NULL,59785
Thailand,05/03/2020,69799978,NULL,59785
Thailand,05/03/2021,69799978,NULL,59785
Thailand,05/04/2020,69799978,NULL,59785
Thailand,05/04/2021,69799978,37397,97182
Thailand,05/05/2020,69799978,NULL,97182
Thailand,05/06/2020,69799978,NULL,97182
Thailand,05/07/2020,69799978,NULL,97182
Thailand,05/08/2020,69799978,NULL,97182
Thailand,05/09/2020,69799978,NULL,97182
Thailand,05/10/2020,69799978,NULL,97182
Thailand,05/11/2020,69799978,NULL,97182
Thailand,05/12/2020,69799978,NULL,97182
Thailand,06/01/2020,69799978,NULL,97182
Thailand,06/01/2021,69799978,NULL,97182
Thailand,06/02/2020,69799978,NULL,97182
Thailand,06/02/2021,69799978,NULL,97182
Thailand,06/03/2020,69799978,NULL,97182
Thailand,06/03/2021,69799978,NULL,97182
Thailand,06/04/2020,69799978,NULL,97182
Thailand,06/04/2021,69799978,29108,126290
Thailand,06/05/2020,69799978,NULL,126290
Thailand,06/06/2020,69799978,NULL,126290
Thailand,06/07/2020,69799978,NULL,126290
Thailand,06/08/2020,69799978,NULL,126290
Thailand,06/09/2020,69799978,NULL,126290
Thailand,06/10/2020,69799978,NULL,126290
Thailand,06/11/2020,69799978,NULL,126290
Thailand,06/12/2020,69799978,NULL,126290
Thailand,07/01/2020,69799978,NULL,126290
Thailand,07/01/2021,69799978,NULL,126290
Thailand,07/02/2020,69799978,NULL,126290
Thailand,07/02/2021,69799978,NULL,126290
Thailand,07/03/2020,69799978,NULL,126290
Thailand,07/03/2021,69799978,NULL,126290
Thailand,07/04/2020,69799978,NULL,126290
Thailand,07/04/2021,69799978,67763,194053
Thailand,07/05/2020,69799978,NULL,194053
Thailand,07/06/2020,69799978,NULL,194053
Thailand,07/07/2020,69799978,NULL,194053
Thailand,07/08/2020,69799978,NULL,194053
Thailand,07/09/2020,69799978,NULL,194053
Thailand,07/10/2020,69799978,NULL,194053
Thailand,07/11/2020,69799978,NULL,194053
Thailand,07/12/2020,69799978,NULL,194053
Thailand,08/01/2020,69799978,NULL,194053
Thailand,08/01/2021,69799978,NULL,194053
Thailand,08/02/2020,69799978,NULL,194053
Thailand,08/02/2021,69799978,NULL,194053
Thailand,08/03/2020,69799978,NULL,194053
Thailand,08/03/2021,69799978,NULL,194053
Thailand,08/04/2020,69799978,NULL,194053
Thailand,08/04/2021,69799978,74622,268675
Thailand,08/05/2020,69799978,NULL,268675
Thailand,08/06/2020,69799978,NULL,268675
Thailand,08/07/2020,69799978,NULL,268675
Thailand,08/08/2020,69799978,NULL,268675
Thailand,08/09/2020,69799978,NULL,268675
Thailand,08/10/2020,69799978,NULL,268675
Thailand,08/11/2020,69799978,NULL,268675
Thailand,08/12/2020,69799978,NULL,268675
Thailand,09/01/2020,69799978,NULL,268675
Thailand,09/01/2021,69799978,NULL,268675
Thailand,09/02/2020,69799978,NULL,268675
Thailand,09/02/2021,69799978,NULL,268675
Thailand,09/03/2020,69799978,NULL,268675
Thailand,09/03/2021,69799978,NULL,268675
Thailand,09/04/2020,69799978,NULL,268675
Thailand,09/04/2021,69799978,71006,339681
Thailand,09/05/2020,69799978,NULL,339681
Thailand,09/06/2020,69799978,NULL,339681
Thailand,09/07/2020,69799978,NULL,339681
Thailand,09/08/2020,69799978,NULL,339681
Thailand,09/09/2020,69799978,NULL,339681
Thailand,09/10/2020,69799978,NULL,339681
Thailand,09/11/2020,69799978,NULL,339681
Thailand,09/12/2020,69799978,NULL,339681
Thailand,10/01/2020,69799978,NULL,339681
Thailand,10/01/2021,69799978,NULL,339681
Thailand,10/02/2020,69799978,NULL,339681
Thailand,10/02/2021,69799978,NULL,339681
Thailand,10/03/2020,69799978,NULL,339681
Thailand,10/03/2021,69799978,NULL,339681
Thailand,10/04/2020,69799978,NULL,339681
Thailand,10/04/2021,69799978,18016,357697
Thailand,10/05/2020,69799978,NULL,357697
Thailand,10/06/2020,69799978,NULL,357697
Thailand,10/07/2020,69799978,NULL,357697
Thailand,10/08/2020,69799978,NULL,357697
Thailand,10/09/2020,69799978,NULL,357697
Thailand,10/10/2020,69799978,NULL,357697
Thailand,10/11/2020,69799978,NULL,357697
Thailand,10/12/2020,69799978,NULL,357697
Thailand,11/01/2020,69799978,NULL,357697
Thailand,11/01/2021,69799978,NULL,357697
Thailand,11/02/2020,69799978,NULL,357697
Thailand,11/02/2021,69799978,NULL,357697
Thailand,11/03/2020,69799978,NULL,357697
Thailand,11/03/2021,69799978,NULL,357697
Thailand,11/04/2020,69799978,NULL,357697
Thailand,11/04/2021,69799978,14656,372353
Thailand,11/05/2020,69799978,NULL,372353
Thailand,11/06/2020,69799978,NULL,372353
Thailand,11/07/2020,69799978,NULL,372353
Thailand,11/08/2020,69799978,NULL,372353
Thailand,11/09/2020,69799978,NULL,372353
Thailand,11/10/2020,69799978,NULL,372353
Thailand,11/11/2020,69799978,NULL,372353
Thailand,11/12/2020,69799978,NULL,372353
Thailand,12/01/2020,69799978,NULL,372353
Thailand,12/01/2021,69799978,NULL,372353
Thailand,12/02/2020,69799978,NULL,372353
Thailand,12/02/2021,69799978,NULL,372353
Thailand,12/03/2020,69799978,NULL,372353
Thailand,12/03/2021,69799978,NULL,372353
Thailand,12/04/2020,69799978,NULL,372353
Thailand,12/04/2021,69799978,8480,380833
Thailand,12/05/2020,69799978,NULL,380833
Thailand,12/06/2020,69799978,NULL,380833
Thailand,12/07/2020,69799978,NULL,380833
Thailand,12/08/2020,69799978,NULL,380833
Thailand,12/09/2020,69799978,NULL,380833
Thailand,12/10/2020,69799978,NULL,380833
Thailand,12/11/2020,69799978,NULL,380833
Thailand,12/12/2020,69799978,NULL,380833
Thailand,13/01/2020,69799978,NULL,380833
Thailand,13/01/2021,69799978,NULL,380833
Thailand,13/02/2020,69799978,NULL,380833
Thailand,13/02/2021,69799978,NULL,380833
Thailand,13/03/2020,69799978,NULL,380833
Thailand,13/03/2021,69799978,NULL,380833
Thailand,13/04/2020,69799978,NULL,380833
Thailand,13/04/2021,69799978,773,381606
Thailand,13/05/2020,69799978,NULL,381606
Thailand,13/06/2020,69799978,NULL,381606
Thailand,13/07/2020,69799978,NULL,381606
Thailand,13/08/2020,69799978,NULL,381606
Thailand,13/09/2020,69799978,NULL,381606
Thailand,13/10/2020,69799978,NULL,381606
Thailand,13/11/2020,69799978,NULL,381606
Thailand,13/12/2020,69799978,NULL,381606
Thailand,14/01/2020,69799978,NULL,381606
Thailand,14/01/2021,69799978,NULL,381606
Thailand,14/02/2020,69799978,NULL,381606
Thailand,14/02/2021,69799978,NULL,381606
Thailand,14/03/2020,69799978,NULL,381606
Thailand,14/03/2021,69799978,NULL,381606
Thailand,14/04/2020,69799978,NULL,381606
Thailand,14/04/2021,69799978,NULL,381606
Thailand,14/05/2020,69799978,NULL,381606
Thailand,14/06/2020,69799978,NULL,381606
Thailand,14/07/2020,69799978,NULL,381606
Thailand,14/08/2020,69799978,NULL,381606
Thailand,14/09/2020,69799978,NULL,381606
Thailand,14/10/2020,69799978,NULL,381606
Thailand,14/11/2020,69799978,NULL,381606
Thailand,14/12/2020,69799978,NULL,381606
Thailand,15/01/2020,69799978,NULL,381606
Thailand,15/01/2021,69799978,NULL,381606
Thailand,15/02/2020,69799978,NULL,381606
Thailand,15/02/2021,69799978,NULL,381606
Thailand,15/03/2020,69799978,NULL,381606
Thailand,15/03/2021,69799978,NULL,381606
Thailand,15/04/2020,69799978,NULL,381606
Thailand,15/04/2021,69799978,NULL,381606
Thailand,15/05/2020,69799978,NULL,381606
Thailand,15/06/2020,69799978,NULL,381606
Thailand,15/07/2020,69799978,NULL,381606
Thailand,15/08/2020,69799978,NULL,381606
Thailand,15/09/2020,69799978,NULL,381606
Thailand,15/10/2020,69799978,NULL,381606
Thailand,15/11/2020,69799978,NULL,381606
Thailand,15/12/2020,69799978,NULL,381606
Thailand,16/01/2020,69799978,NULL,381606
Thailand,16/01/2021,69799978,NULL,381606
Thailand,16/02/2020,69799978,NULL,381606
Thailand,16/02/2021,69799978,NULL,381606
Thailand,16/03/2020,69799978,NULL,381606
Thailand,16/03/2021,69799978,NULL,381606
Thailand,16/04/2020,69799978,NULL,381606
Thailand,16/04/2021,69799978,19227,400833
Thailand,16/05/2020,69799978,NULL,400833
Thailand,16/06/2020,69799978,NULL,400833
Thailand,16/07/2020,69799978,NULL,400833
Thailand,16/08/2020,69799978,NULL,400833
Thailand,16/09/2020,69799978,NULL,400833
Thailand,16/10/2020,69799978,NULL,400833
Thailand,16/11/2020,69799978,NULL,400833
Thailand,16/12/2020,69799978,NULL,400833
Thailand,17/01/2020,69799978,NULL,400833
Thailand,17/01/2021,69799978,NULL,400833
Thailand,17/02/2020,69799978,NULL,400833
Thailand,17/02/2021,69799978,NULL,400833
Thailand,17/03/2020,69799978,NULL,400833
Thailand,17/03/2021,69799978,NULL,400833
Thailand,17/04/2020,69799978,NULL,400833
Thailand,17/04/2021,69799978,3262,404095
Thailand,17/05/2020,69799978,NULL,404095
Thailand,17/06/2020,69799978,NULL,404095
Thailand,17/07/2020,69799978,NULL,404095
Thailand,17/08/2020,69799978,NULL,404095
Thailand,17/09/2020,69799978,NULL,404095
Thailand,17/10/2020,69799978,NULL,404095
Thailand,17/11/2020,69799978,NULL,404095
Thailand,17/12/2020,69799978,NULL,404095
Thailand,18/01/2020,69799978,NULL,404095
Thailand,18/01/2021,69799978,NULL,404095
Thailand,18/02/2020,69799978,NULL,404095
Thailand,18/02/2021,69799978,NULL,404095
Thailand,18/03/2020,69799978,NULL,404095
Thailand,18/03/2021,69799978,NULL,404095
Thailand,18/04/2020,69799978,NULL,404095
Thailand,18/04/2021,69799978,10062,414157
Thailand,18/05/2020,69799978,NULL,414157
Thailand,18/06/2020,69799978,NULL,414157
Thailand,18/07/2020,69799978,NULL,414157
Thailand,18/08/2020,69799978,NULL,414157
Thailand,18/09/2020,69799978,NULL,414157
Thailand,18/10/2020,69799978,NULL,414157
Thailand,18/11/2020,69799978,NULL,414157
Thailand,18/12/2020,69799978,NULL,414157
Thailand,19/01/2020,69799978,NULL,414157
Thailand,19/01/2021,69799978,NULL,414157
Thailand,19/02/2020,69799978,NULL,414157
Thailand,19/02/2021,69799978,NULL,414157
Thailand,19/03/2020,69799978,NULL,414157
Thailand,19/03/2021,69799978,NULL,414157
Thailand,19/04/2020,69799978,NULL,414157
Thailand,19/04/2021,69799978,47627,461784
Thailand,19/05/2020,69799978,NULL,461784
Thailand,19/06/2020,69799978,NULL,461784
Thailand,19/07/2020,69799978,NULL,461784
Thailand,19/08/2020,69799978,NULL,461784
Thailand,19/09/2020,69799978,NULL,461784
Thailand,19/10/2020,69799978,NULL,461784
Thailand,19/11/2020,69799978,NULL,461784
Thailand,19/12/2020,69799978,NULL,461784
Thailand,20/01/2020,69799978,NULL,461784
Thailand,20/01/2021,69799978,NULL,461784
Thailand,20/02/2020,69799978,NULL,461784
Thailand,20/02/2021,69799978,NULL,461784
Thailand,20/03/2020,69799978,NULL,461784
Thailand,20/03/2021,69799978,NULL,461784
Thailand,20/04/2020,69799978,NULL,461784
Thailand,20/04/2021,69799978,46400,508184
Thailand,20/05/2020,69799978,NULL,508184
Thailand,20/06/2020,69799978,NULL,508184
Thailand,20/07/2020,69799978,NULL,508184
Thailand,20/08/2020,69799978,NULL,508184
Thailand,20/09/2020,69799978,NULL,508184
Thailand,20/10/2020,69799978,NULL,508184
Thailand,20/11/2020,69799978,NULL,508184
Thailand,20/12/2020,69799978,NULL,508184
Thailand,21/01/2020,69799978,NULL,508184
Thailand,21/01/2021,69799978,NULL,508184
Thailand,21/02/2020,69799978,NULL,508184
Thailand,21/02/2021,69799978,NULL,508184
Thailand,21/03/2020,69799978,NULL,508184
Thailand,21/03/2021,69799978,NULL,508184
Thailand,21/04/2020,69799978,NULL,508184
Thailand,21/04/2021,69799978,152230,660414
Thailand,21/05/2020,69799978,NULL,660414
Thailand,21/06/2020,69799978,NULL,660414
Thailand,21/07/2020,69799978,NULL,660414
Thailand,21/08/2020,69799978,NULL,660414
Thailand,21/09/2020,69799978,NULL,660414
Thailand,21/10/2020,69799978,NULL,660414
Thailand,21/11/2020,69799978,NULL,660414
Thailand,21/12/2020,69799978,NULL,660414
Thailand,22/01/2020,69799978,NULL,660414
Thailand,22/01/2021,69799978,NULL,660414
Thailand,22/02/2020,69799978,NULL,660414
Thailand,22/02/2021,69799978,NULL,660414
Thailand,22/03/2020,69799978,NULL,660414
Thailand,22/03/2021,69799978,NULL,660414
Thailand,22/04/2020,69799978,NULL,660414
Thailand,22/04/2021,69799978,99985,760399
Thailand,22/05/2020,69799978,NULL,760399
Thailand,22/06/2020,69799978,NULL,760399
Thailand,22/07/2020,69799978,NULL,760399
Thailand,22/08/2020,69799978,NULL,760399
Thailand,22/09/2020,69799978,NULL,760399
Thailand,22/10/2020,69799978,NULL,760399
Thailand,22/11/2020,69799978,NULL,760399
Thailand,22/12/2020,69799978,NULL,760399
Thailand,23/01/2020,69799978,NULL,760399
Thailand,23/01/2021,69799978,NULL,760399
Thailand,23/02/2020,69799978,NULL,760399
Thailand,23/02/2021,69799978,NULL,760399
Thailand,23/03/2020,69799978,NULL,760399
Thailand,23/03/2021,69799978,NULL,760399
Thailand,23/04/2020,69799978,NULL,760399
Thailand,23/04/2021,69799978,130620,891019
Thailand,23/05/2020,69799978,NULL,891019
Thailand,23/06/2020,69799978,NULL,891019
Thailand,23/07/2020,69799978,NULL,891019
Thailand,23/08/2020,69799978,NULL,891019
Thailand,23/09/2020,69799978,NULL,891019
Thailand,23/10/2020,69799978,NULL,891019
Thailand,23/11/2020,69799978,NULL,891019
Thailand,23/12/2020,69799978,NULL,891019
Thailand,24/01/2020,69799978,NULL,891019
Thailand,24/01/2021,69799978,NULL,891019
Thailand,24/02/2020,69799978,NULL,891019
Thailand,24/02/2021,69799978,NULL,891019
Thailand,24/03/2020,69799978,NULL,891019
Thailand,24/03/2021,69799978,NULL,891019
Thailand,24/04/2020,69799978,NULL,891019
Thailand,24/04/2021,69799978,28708,919727
Thailand,24/05/2020,69799978,NULL,919727
Thailand,24/06/2020,69799978,NULL,919727
Thailand,24/07/2020,69799978,NULL,919727
Thailand,24/08/2020,69799978,NULL,919727
Thailand,24/09/2020,69799978,NULL,919727
Thailand,24/10/2020,69799978,NULL,919727
Thailand,24/11/2020,69799978,NULL,919727
Thailand,24/12/2020,69799978,NULL,919727
Thailand,25/01/2020,69799978,NULL,919727
Thailand,25/01/2021,69799978,NULL,919727
Thailand,25/02/2020,69799978,NULL,919727
Thailand,25/02/2021,69799978,NULL,919727
Thailand,25/03/2020,69799978,NULL,919727
Thailand,25/03/2021,69799978,NULL,919727
Thailand,25/04/2020,69799978,NULL,919727
Thailand,25/04/2021,69799978,25513,945240
Thailand,25/05/2020,69799978,NULL,945240
Thailand,25/06/2020,69799978,NULL,945240
Thailand,25/07/2020,69799978,NULL,945240
Thailand,25/08/2020,69799978,NULL,945240
Thailand,25/09/2020,69799978,NULL,945240
Thailand,25/10/2020,69799978,NULL,945240
Thailand,25/11/2020,69799978,NULL,945240
Thailand,25/12/2020,69799978,NULL,945240
Thailand,26/01/2020,69799978,NULL,945240
Thailand,26/01/2021,69799978,NULL,945240
Thailand,26/02/2020,69799978,NULL,945240
Thailand,26/02/2021,69799978,NULL,945240
Thailand,26/03/2020,69799978,NULL,945240
Thailand,26/03/2021,69799978,NULL,945240
Thailand,26/04/2020,69799978,NULL,945240
Thailand,26/04/2021,69799978,77366,1022606
Thailand,26/05/2020,69799978,NULL,1022606
Thailand,26/06/2020,69799978,NULL,1022606
Thailand,26/07/2020,69799978,NULL,1022606
Thailand,26/08/2020,69799978,NULL,1022606
Thailand,26/09/2020,69799978,NULL,1022606
Thailand,26/10/2020,69799978,NULL,1022606
Thailand,26/11/2020,69799978,NULL,1022606
Thailand,26/12/2020,69799978,NULL,1022606
Thailand,27/01/2020,69799978,NULL,1022606
Thailand,27/01/2021,69799978,NULL,1022606
Thailand,27/02/2020,69799978,NULL,1022606
Thailand,27/02/2021,69799978,NULL,1022606
Thailand,27/03/2020,69799978,NULL,1022606
Thailand,27/03/2021,69799978,NULL,1022606
Thailand,27/04/2020,69799978,NULL,1022606
Thailand,27/04/2021,69799978,52681,1075287
Thailand,27/05/2020,69799978,NULL,1075287
Thailand,27/06/2020,69799978,NULL,1075287
Thailand,27/07/2020,69799978,NULL,1075287
Thailand,27/08/2020,69799978,NULL,1075287
Thailand,27/09/2020,69799978,NULL,1075287
Thailand,27/10/2020,69799978,NULL,1075287
Thailand,27/11/2020,69799978,NULL,1075287
Thailand,27/12/2020,69799978,NULL,1075287
Thailand,28/01/2020,69799978,NULL,1075287
Thailand,28/01/2021,69799978,NULL,1075287
Thailand,28/02/2020,69799978,NULL,1075287
Thailand,28/02/2021,69799978,NULL,1075287
Thailand,28/03/2020,69799978,NULL,1075287
Thailand,28/03/2021,69799978,NULL,1075287
Thailand,28/04/2020,69799978,NULL,1075287
Thailand,28/04/2021,69799978,64933,1140220
Thailand,28/05/2020,69799978,NULL,1140220
Thailand,28/06/2020,69799978,NULL,1140220
Thailand,28/07/2020,69799978,NULL,1140220
Thailand,28/08/2020,69799978,NULL,1140220
Thailand,28/09/2020,69799978,NULL,1140220
Thailand,28/10/2020,69799978,NULL,1140220
Thailand,28/11/2020,69799978,NULL,1140220
Thailand,28/12/2020,69799978,NULL,1140220
Thailand,29/01/2020,69799978,NULL,1140220
Thailand,29/01/2021,69799978,NULL,1140220
Thailand,29/02/2020,69799978,NULL,1140220
Thailand,29/03/2020,69799978,NULL,1140220
Thailand,29/03/2021,69799978,NULL,1140220
Thailand,29/04/2020,69799978,NULL,1140220
Thailand,29/04/2021,69799978,66968,1207188
Thailand,29/05/2020,69799978,NULL,1207188
Thailand,29/06/2020,69799978,NULL,1207188
Thailand,29/07/2020,69799978,NULL,1207188
Thailand,29/08/2020,69799978,NULL,1207188
Thailand,29/09/2020,69799978,NULL,1207188
Thailand,29/10/2020,69799978,NULL,1207188
Thailand,29/11/2020,69799978,NULL,1207188
Thailand,29/12/2020,69799978,NULL,1207188
Thailand,30/01/2020,69799978,NULL,1207188
Thailand,30/01/2021,69799978,NULL,1207188
Thailand,30/03/2020,69799978,NULL,1207188
Thailand,30/03/2021,69799978,NULL,1207188
Thailand,30/04/2020,69799978,NULL,1207188
Thailand,30/04/2021,69799978,65464,1272652
Thailand,30/05/2020,69799978,NULL,1272652
Thailand,30/06/2020,69799978,NULL,1272652
Thailand,30/07/2020,69799978,NULL,1272652
Thailand,30/08/2020,69799978,NULL,1272652
Thailand,30/09/2020,69799978,NULL,1272652
Thailand,30/10/2020,69799978,NULL,1272652
Thailand,30/11/2020,69799978,NULL,1272652
Thailand,30/12/2020,69799978,NULL,1272652
Thailand,31/01/2020,69799978,NULL,1272652
Thailand,31/01/2021,69799978,NULL,1272652
Thailand,31/03/2020,69799978,NULL,1272652
Thailand,31/03/2021,69799978,NULL,1272652
Thailand,31/05/2020,69799978,NULL,1272652
Thailand,31/07/2020,69799978,NULL,1272652
Thailand,31/08/2020,69799978,NULL,1272652
Thailand,31/10/2020,69799978,NULL,1272652
Thailand,31/12/2020,69799978,NULL,1272652
Vietnam,01/01/2021,97338583,NULL,NULL
Vietnam,01/02/2020,97338583,NULL,NULL
Vietnam,01/02/2021,97338583,NULL,NULL
Vietnam,01/03/2020,97338583,NULL,NULL
Vietnam,01/03/2021,97338583,NULL,NULL
Vietnam,01/04/2020,97338583,NULL,NULL
Vietnam,01/04/2021,97338583,1473,1473
Vietnam,01/05/2020,97338583,NULL,1473
Vietnam,01/06/2020,97338583,NULL,1473
Vietnam,01/07/2020,97338583,NULL,1473
Vietnam,01/08/2020,97338583,NULL,1473
Vietnam,01/09/2020,97338583,NULL,1473
Vietnam,01/10/2020,97338583,NULL,1473
Vietnam,01/11/2020,97338583,NULL,1473
Vietnam,01/12/2020,97338583,NULL,1473
Vietnam,02/01/2021,97338583,NULL,1473
Vietnam,02/02/2020,97338583,NULL,1473
Vietnam,02/02/2021,97338583,NULL,1473
Vietnam,02/03/2020,97338583,NULL,1473
Vietnam,02/03/2021,97338583,NULL,1473
Vietnam,02/04/2020,97338583,NULL,1473
Vietnam,02/04/2021,97338583,875,2348
Vietnam,02/05/2020,97338583,NULL,2348
Vietnam,02/06/2020,97338583,NULL,2348
Vietnam,02/07/2020,97338583,NULL,2348
Vietnam,02/08/2020,97338583,NULL,2348
Vietnam,02/09/2020,97338583,NULL,2348
Vietnam,02/10/2020,97338583,NULL,2348
Vietnam,02/11/2020,97338583,NULL,2348
Vietnam,02/12/2020,97338583,NULL,2348
Vietnam,03/01/2021,97338583,NULL,2348
Vietnam,03/02/2020,97338583,NULL,2348
Vietnam,03/02/2021,97338583,NULL,2348
Vietnam,03/03/2020,97338583,NULL,2348
Vietnam,03/03/2021,97338583,NULL,2348
Vietnam,03/04/2020,97338583,NULL,2348
Vietnam,03/04/2021,97338583,244,2592
Vietnam,03/05/2020,97338583,NULL,2592
Vietnam,03/06/2020,97338583,NULL,2592
Vietnam,03/07/2020,97338583,NULL,2592
Vietnam,03/08/2020,97338583,NULL,2592
Vietnam,03/09/2020,97338583,NULL,2592
Vietnam,03/10/2020,97338583,NULL,2592
Vietnam,03/11/2020,97338583,NULL,2592
Vietnam,03/12/2020,97338583,NULL,2592
Vietnam,04/01/2021,97338583,NULL,2592
Vietnam,04/02/2020,97338583,NULL,2592
Vietnam,04/02/2021,97338583,NULL,2592
Vietnam,04/03/2020,97338583,NULL,2592
Vietnam,04/03/2021,97338583,NULL,2592
Vietnam,04/04/2020,97338583,NULL,2592
Vietnam,04/04/2021,97338583,78,2670
Vietnam,04/05/2020,97338583,NULL,2670
Vietnam,04/06/2020,97338583,NULL,2670
Vietnam,04/07/2020,97338583,NULL,2670
Vietnam,04/08/2020,97338583,NULL,2670
Vietnam,04/09/2020,97338583,NULL,2670
Vietnam,04/10/2020,97338583,NULL,2670
Vietnam,04/11/2020,97338583,NULL,2670
Vietnam,04/12/2020,97338583,NULL,2670
Vietnam,05/01/2021,97338583,NULL,2670
Vietnam,05/02/2020,97338583,NULL,2670
Vietnam,05/02/2021,97338583,NULL,2670
Vietnam,05/03/2020,97338583,NULL,2670
Vietnam,05/03/2021,97338583,NULL,2670
Vietnam,05/04/2020,97338583,NULL,2670
Vietnam,05/04/2021,97338583,455,3125
Vietnam,05/05/2020,97338583,NULL,3125
Vietnam,05/06/2020,97338583,NULL,3125
Vietnam,05/07/2020,97338583,NULL,3125
Vietnam,05/08/2020,97338583,NULL,3125
Vietnam,05/09/2020,97338583,NULL,3125
Vietnam,05/10/2020,97338583,NULL,3125
Vietnam,05/11/2020,97338583,NULL,3125
Vietnam,05/12/2020,97338583,NULL,3125
Vietnam,06/01/2021,97338583,NULL,3125
Vietnam,06/02/2020,97338583,NULL,3125
Vietnam,06/02/2021,97338583,NULL,3125
Vietnam,06/03/2020,97338583,NULL,3125
Vietnam,06/03/2021,97338583,NULL,3125
Vietnam,06/04/2020,97338583,NULL,3125
Vietnam,06/04/2021,97338583,1085,4210
Vietnam,06/05/2020,97338583,NULL,4210
Vietnam,06/06/2020,97338583,NULL,4210
Vietnam,06/07/2020,97338583,NULL,4210
Vietnam,06/08/2020,97338583,NULL,4210
Vietnam,06/09/2020,97338583,NULL,4210
Vietnam,06/10/2020,97338583,NULL,4210
Vietnam,06/11/2020,97338583,NULL,4210
Vietnam,06/12/2020,97338583,NULL,4210
Vietnam,07/01/2021,97338583,NULL,4210
Vietnam,07/02/2020,97338583,NULL,4210
Vietnam,07/02/2021,97338583,NULL,4210
Vietnam,07/03/2020,97338583,NULL,4210
Vietnam,07/03/2021,97338583,NULL,4210
Vietnam,07/04/2020,97338583,NULL,4210
Vietnam,07/04/2021,97338583,1198,5408
Vietnam,07/05/2020,97338583,NULL,5408
Vietnam,07/06/2020,97338583,NULL,5408
Vietnam,07/07/2020,97338583,NULL,5408
Vietnam,07/08/2020,97338583,NULL,5408
Vietnam,07/09/2020,97338583,NULL,5408
Vietnam,07/10/2020,97338583,NULL,5408
Vietnam,07/11/2020,97338583,NULL,5408
Vietnam,07/12/2020,97338583,NULL,5408
Vietnam,08/01/2021,97338583,NULL,5408
Vietnam,08/02/2020,97338583,NULL,5408
Vietnam,08/02/2021,97338583,NULL,5408
Vietnam,08/03/2020,97338583,NULL,5408
Vietnam,08/03/2021,97338583,377,5785
Vietnam,08/04/2020,97338583,NULL,5785
Vietnam,08/04/2021,97338583,1208,6993
Vietnam,08/05/2020,97338583,NULL,6993
Vietnam,08/06/2020,97338583,NULL,6993
Vietnam,08/07/2020,97338583,NULL,6993
Vietnam,08/08/2020,97338583,NULL,6993
Vietnam,08/09/2020,97338583,NULL,6993
Vietnam,08/10/2020,97338583,NULL,6993
Vietnam,08/11/2020,97338583,NULL,6993
Vietnam,08/12/2020,97338583,NULL,6993
Vietnam,09/01/2021,97338583,NULL,6993
Vietnam,09/02/2020,97338583,NULL,6993
Vietnam,09/02/2021,97338583,NULL,6993
Vietnam,09/03/2020,97338583,NULL,6993
Vietnam,09/03/2021,97338583,145,7138
Vietnam,09/04/2020,97338583,NULL,7138
Vietnam,09/04/2021,97338583,1678,8816
Vietnam,09/05/2020,97338583,NULL,8816
Vietnam,09/06/2020,97338583,NULL,8816
Vietnam,09/07/2020,97338583,NULL,8816
Vietnam,09/08/2020,97338583,NULL,8816
Vietnam,09/09/2020,97338583,NULL,8816
Vietnam,09/10/2020,97338583,NULL,8816
Vietnam,09/11/2020,97338583,NULL,8816
Vietnam,09/12/2020,97338583,NULL,8816
Vietnam,10/01/2021,97338583,NULL,8816
Vietnam,10/02/2020,97338583,NULL,8816
Vietnam,10/02/2021,97338583,NULL,8816
Vietnam,10/03/2020,97338583,NULL,8816
Vietnam,10/03/2021,97338583,433,9249
Vietnam,10/04/2020,97338583,NULL,9249
Vietnam,10/04/2021,97338583,211,9460
Vietnam,10/05/2020,97338583,NULL,9460
Vietnam,10/06/2020,97338583,NULL,9460
Vietnam,10/07/2020,97338583,NULL,9460
Vietnam,10/08/2020,97338583,NULL,9460
Vietnam,10/09/2020,97338583,NULL,9460
Vietnam,10/10/2020,97338583,NULL,9460
Vietnam,10/11/2020,97338583,NULL,9460
Vietnam,10/12/2020,97338583,NULL,9460
Vietnam,11/01/2021,97338583,NULL,9460
Vietnam,11/02/2020,97338583,NULL,9460
Vietnam,11/02/2021,97338583,NULL,9460
Vietnam,11/03/2020,97338583,NULL,9460
Vietnam,11/03/2021,97338583,630,10090
Vietnam,11/04/2020,97338583,NULL,10090
Vietnam,11/04/2021,97338583,170,10260
Vietnam,11/05/2020,97338583,NULL,10260
Vietnam,11/06/2020,97338583,NULL,10260
Vietnam,11/07/2020,97338583,NULL,10260
Vietnam,11/08/2020,97338583,NULL,10260
Vietnam,11/09/2020,97338583,NULL,10260
Vietnam,11/10/2020,97338583,NULL,10260
Vietnam,11/11/2020,97338583,NULL,10260
Vietnam,11/12/2020,97338583,NULL,10260
Vietnam,12/01/2021,97338583,NULL,10260
Vietnam,12/02/2020,97338583,NULL,10260
Vietnam,12/02/2021,97338583,NULL,10260
Vietnam,12/03/2020,97338583,NULL,10260
Vietnam,12/03/2021,97338583,3663,13923
Vietnam,12/04/2020,97338583,NULL,13923
Vietnam,12/04/2021,97338583,831,14754
Vietnam,12/05/2020,97338583,NULL,14754
Vietnam,12/06/2020,97338583,NULL,14754
Vietnam,12/07/2020,97338583,NULL,14754
Vietnam,12/08/2020,97338583,NULL,14754
Vietnam,12/09/2020,97338583,NULL,14754
Vietnam,12/10/2020,97338583,NULL,14754
Vietnam,12/11/2020,97338583,NULL,14754
Vietnam,12/12/2020,97338583,NULL,14754
Vietnam,13/01/2021,97338583,NULL,14754
Vietnam,13/02/2020,97338583,NULL,14754
Vietnam,13/02/2021,97338583,NULL,14754
Vietnam,13/03/2020,97338583,NULL,14754
Vietnam,13/03/2021,97338583,4793,19547
Vietnam,13/04/2020,97338583,NULL,19547
Vietnam,13/04/2021,97338583,890,20437
Vietnam,13/05/2020,97338583,NULL,20437
Vietnam,13/06/2020,97338583,NULL,20437
Vietnam,13/07/2020,97338583,NULL,20437
Vietnam,13/08/2020,97338583,NULL,20437
Vietnam,13/09/2020,97338583,NULL,20437
Vietnam,13/10/2020,97338583,NULL,20437
Vietnam,13/11/2020,97338583,NULL,20437
Vietnam,13/12/2020,97338583,NULL,20437
Vietnam,14/01/2021,97338583,NULL,20437
Vietnam,14/02/2020,97338583,NULL,20437
Vietnam,14/02/2021,97338583,NULL,20437
Vietnam,14/03/2020,97338583,NULL,20437
Vietnam,14/03/2021,97338583,1564,22001
Vietnam,14/04/2020,97338583,NULL,22001
Vietnam,14/04/2021,97338583,1889,23890
Vietnam,14/05/2020,97338583,NULL,23890
Vietnam,14/06/2020,97338583,NULL,23890
Vietnam,14/07/2020,97338583,NULL,23890
Vietnam,14/08/2020,97338583,NULL,23890
Vietnam,14/09/2020,97338583,NULL,23890
Vietnam,14/10/2020,97338583,NULL,23890
Vietnam,14/11/2020,97338583,NULL,23890
Vietnam,14/12/2020,97338583,NULL,23890
Vietnam,15/01/2021,97338583,NULL,23890
Vietnam,15/02/2020,97338583,NULL,23890
Vietnam,15/02/2021,97338583,NULL,23890
Vietnam,15/03/2020,97338583,NULL,23890
Vietnam,15/03/2021,97338583,4260,28150
Vietnam,15/04/2020,97338583,NULL,28150
Vietnam,15/04/2021,97338583,1730,29880
Vietnam,15/05/2020,97338583,NULL,29880
Vietnam,15/06/2020,97338583,NULL,29880
Vietnam,15/07/2020,97338583,NULL,29880
Vietnam,15/08/2020,97338583,NULL,29880
Vietnam,15/09/2020,97338583,NULL,29880
Vietnam,15/10/2020,97338583,NULL,29880
Vietnam,15/11/2020,97338583,NULL,29880
Vietnam,15/12/2020,97338583,NULL,29880
Vietnam,16/01/2021,97338583,NULL,29880
Vietnam,16/02/2020,97338583,NULL,29880
Vietnam,16/02/2021,97338583,NULL,29880
Vietnam,16/03/2020,97338583,NULL,29880
Vietnam,16/03/2021,97338583,4830,34710
Vietnam,16/04/2020,97338583,NULL,34710
Vietnam,16/04/2021,97338583,2608,37318
Vietnam,16/05/2020,97338583,NULL,37318
Vietnam,16/06/2020,97338583,NULL,37318
Vietnam,16/07/2020,97338583,NULL,37318
Vietnam,16/08/2020,97338583,NULL,37318
Vietnam,16/09/2020,97338583,NULL,37318
Vietnam,16/10/2020,97338583,NULL,37318
Vietnam,16/11/2020,97338583,NULL,37318
Vietnam,16/12/2020,97338583,NULL,37318
Vietnam,17/01/2021,97338583,NULL,37318
Vietnam,17/02/2020,97338583,NULL,37318
Vietnam,17/02/2021,97338583,NULL,37318
Vietnam,17/03/2020,97338583,NULL,37318
Vietnam,17/03/2021,97338583,3359,40677
Vietnam,17/04/2020,97338583,NULL,40677
Vietnam,17/04/2021,97338583,1423,42100
Vietnam,17/05/2020,97338583,NULL,42100
Vietnam,17/06/2020,97338583,NULL,42100
Vietnam,17/07/2020,97338583,NULL,42100
Vietnam,17/08/2020,97338583,NULL,42100
Vietnam,17/09/2020,97338583,NULL,42100
Vietnam,17/10/2020,97338583,NULL,42100
Vietnam,17/11/2020,97338583,NULL,42100
Vietnam,17/12/2020,97338583,NULL,42100
Vietnam,18/01/2021,97338583,NULL,42100
Vietnam,18/02/2020,97338583,NULL,42100
Vietnam,18/02/2021,97338583,NULL,42100
Vietnam,18/03/2020,97338583,NULL,42100
Vietnam,18/03/2021,97338583,3492,45592
Vietnam,18/04/2020,97338583,NULL,45592
Vietnam,18/04/2021,97338583,11393,56985
Vietnam,18/05/2020,97338583,NULL,56985
Vietnam,18/06/2020,97338583,NULL,56985
Vietnam,18/07/2020,97338583,NULL,56985
Vietnam,18/08/2020,97338583,NULL,56985
Vietnam,18/09/2020,97338583,NULL,56985
Vietnam,18/10/2020,97338583,NULL,56985
Vietnam,18/11/2020,97338583,NULL,56985
Vietnam,18/12/2020,97338583,NULL,56985
Vietnam,19/01/2021,97338583,NULL,56985
Vietnam,19/02/2020,97338583,NULL,56985
Vietnam,19/02/2021,97338583,NULL,56985
Vietnam,19/03/2020,97338583,NULL,56985
Vietnam,19/03/2021,97338583,3425,60410
Vietnam,19/04/2020,97338583,NULL,60410
Vietnam,19/04/2021,97338583,1675,62085
Vietnam,19/05/2020,97338583,NULL,62085
Vietnam,19/06/2020,97338583,NULL,62085
Vietnam,19/07/2020,97338583,NULL,62085
Vietnam,19/08/2020,97338583,NULL,62085
Vietnam,19/09/2020,97338583,NULL,62085
Vietnam,19/10/2020,97338583,NULL,62085
Vietnam,19/11/2020,97338583,NULL,62085
Vietnam,19/12/2020,97338583,NULL,62085
Vietnam,20/01/2021,97338583,NULL,62085
Vietnam,20/02/2020,97338583,NULL,62085
Vietnam,20/02/2021,97338583,NULL,62085
Vietnam,20/03/2020,97338583,NULL,62085
Vietnam,20/03/2021,97338583,1390,63475
Vietnam,20/04/2020,97338583,NULL,63475
Vietnam,20/04/2021,97338583,26072,89547
Vietnam,20/05/2020,97338583,NULL,89547
Vietnam,20/06/2020,97338583,NULL,89547
Vietnam,20/07/2020,97338583,NULL,89547
Vietnam,20/08/2020,97338583,NULL,89547
Vietnam,20/09/2020,97338583,NULL,89547
Vietnam,20/10/2020,97338583,NULL,89547
Vietnam,20/11/2020,97338583,NULL,89547
Vietnam,20/12/2020,97338583,NULL,89547
Vietnam,21/01/2021,97338583,NULL,89547
Vietnam,21/02/2020,97338583,NULL,89547
Vietnam,21/02/2021,97338583,NULL,89547
Vietnam,21/03/2020,97338583,NULL,89547
Vietnam,21/03/2021,97338583,1530,91077
Vietnam,21/04/2020,97338583,NULL,91077
Vietnam,21/04/2021,97338583,1968,93045
Vietnam,21/05/2020,97338583,NULL,93045
Vietnam,21/06/2020,97338583,NULL,93045
Vietnam,21/07/2020,97338583,NULL,93045
Vietnam,21/08/2020,97338583,NULL,93045
Vietnam,21/09/2020,97338583,NULL,93045
Vietnam,21/10/2020,97338583,NULL,93045
Vietnam,21/11/2020,97338583,NULL,93045
Vietnam,21/12/2020,97338583,NULL,93045
Vietnam,22/01/2021,97338583,NULL,93045
Vietnam,22/02/2020,97338583,NULL,93045
Vietnam,22/02/2021,97338583,NULL,93045
Vietnam,22/03/2020,97338583,NULL,93045
Vietnam,22/03/2021,97338583,2191,95236
Vietnam,22/04/2020,97338583,NULL,95236
Vietnam,22/04/2021,97338583,19713,114949
Vietnam,22/05/2020,97338583,NULL,114949
Vietnam,22/06/2020,97338583,NULL,114949
Vietnam,22/07/2020,97338583,NULL,114949
Vietnam,22/08/2020,97338583,NULL,114949
Vietnam,22/09/2020,97338583,NULL,114949
Vietnam,22/10/2020,97338583,NULL,114949
Vietnam,22/11/2020,97338583,NULL,114949
Vietnam,22/12/2020,97338583,NULL,114949
Vietnam,23/01/2020,97338583,NULL,114949
Vietnam,23/01/2021,97338583,NULL,114949
Vietnam,23/02/2020,97338583,NULL,114949
Vietnam,23/02/2021,97338583,NULL,114949
Vietnam,23/03/2020,97338583,NULL,114949
Vietnam,23/03/2021,97338583,1829,116778
Vietnam,23/04/2020,97338583,NULL,116778
Vietnam,23/04/2021,97338583,47427,164205
Vietnam,23/05/2020,97338583,NULL,164205
Vietnam,23/06/2020,97338583,NULL,164205
Vietnam,23/07/2020,97338583,NULL,164205
Vietnam,23/08/2020,97338583,NULL,164205
Vietnam,23/09/2020,97338583,NULL,164205
Vietnam,23/10/2020,97338583,NULL,164205
Vietnam,23/11/2020,97338583,NULL,164205
Vietnam,23/12/2020,97338583,NULL,164205
Vietnam,24/01/2020,97338583,NULL,164205
Vietnam,24/01/2021,97338583,NULL,164205
Vietnam,24/02/2020,97338583,NULL,164205
Vietnam,24/02/2021,97338583,NULL,164205
Vietnam,24/03/2020,97338583,NULL,164205
Vietnam,24/03/2021,97338583,1906,166111
Vietnam,24/04/2020,97338583,NULL,166111
Vietnam,24/04/2021,97338583,22935,189046
Vietnam,24/05/2020,97338583,NULL,189046
Vietnam,24/06/2020,97338583,NULL,189046
Vietnam,24/07/2020,97338583,NULL,189046
Vietnam,24/08/2020,97338583,NULL,189046
Vietnam,24/09/2020,97338583,NULL,189046
Vietnam,24/10/2020,97338583,NULL,189046
Vietnam,24/11/2020,97338583,NULL,189046
Vietnam,24/12/2020,97338583,NULL,189046
Vietnam,25/01/2020,97338583,NULL,189046
Vietnam,25/01/2021,97338583,NULL,189046
Vietnam,25/02/2020,97338583,NULL,189046
Vietnam,25/02/2021,97338583,NULL,189046
Vietnam,25/03/2020,97338583,NULL,189046
Vietnam,25/03/2021,97338583,2408,191454
Vietnam,25/04/2020,97338583,NULL,191454
Vietnam,25/04/2021,97338583,10660,202114
Vietnam,25/05/2020,97338583,NULL,202114
Vietnam,25/06/2020,97338583,NULL,202114
Vietnam,25/07/2020,97338583,NULL,202114
Vietnam,25/08/2020,97338583,NULL,202114
Vietnam,25/09/2020,97338583,NULL,202114
Vietnam,25/10/2020,97338583,NULL,202114
Vietnam,25/11/2020,97338583,NULL,202114
Vietnam,25/12/2020,97338583,NULL,202114
Vietnam,26/01/2020,97338583,NULL,202114
Vietnam,26/01/2021,97338583,NULL,202114
Vietnam,26/02/2020,97338583,NULL,202114
Vietnam,26/02/2021,97338583,NULL,202114
Vietnam,26/03/2020,97338583,NULL,202114
Vietnam,26/03/2021,97338583,1775,203889
Vietnam,26/04/2020,97338583,NULL,203889
Vietnam,26/04/2021,97338583,50104,253993
Vietnam,26/05/2020,97338583,NULL,253993
Vietnam,26/06/2020,97338583,NULL,253993
Vietnam,26/07/2020,97338583,NULL,253993
Vietnam,26/08/2020,97338583,NULL,253993
Vietnam,26/09/2020,97338583,NULL,253993
Vietnam,26/10/2020,97338583,NULL,253993
Vietnam,26/11/2020,97338583,NULL,253993
Vietnam,26/12/2020,97338583,NULL,253993
Vietnam,27/01/2020,97338583,NULL,253993
Vietnam,27/01/2021,97338583,NULL,253993
Vietnam,27/02/2020,97338583,NULL,253993
Vietnam,27/02/2021,97338583,NULL,253993
Vietnam,27/03/2020,97338583,NULL,253993
Vietnam,27/03/2021,97338583,278,254271
Vietnam,27/04/2020,97338583,NULL,254271
Vietnam,27/04/2021,97338583,59056,313327
Vietnam,27/05/2020,97338583,NULL,313327
Vietnam,27/06/2020,97338583,NULL,313327
Vietnam,27/07/2020,97338583,NULL,313327
Vietnam,27/08/2020,97338583,NULL,313327
Vietnam,27/09/2020,97338583,NULL,313327
Vietnam,27/10/2020,97338583,NULL,313327
Vietnam,27/11/2020,97338583,NULL,313327
Vietnam,27/12/2020,97338583,NULL,313327
Vietnam,28/01/2020,97338583,NULL,313327
Vietnam,28/01/2021,97338583,NULL,313327
Vietnam,28/02/2020,97338583,NULL,313327
Vietnam,28/02/2021,97338583,NULL,313327
Vietnam,28/03/2020,97338583,NULL,313327
Vietnam,28/03/2021,97338583,862,314189
Vietnam,28/04/2020,97338583,NULL,314189
Vietnam,28/04/2021,97338583,106846,421035
Vietnam,28/05/2020,97338583,NULL,421035
Vietnam,28/06/2020,97338583,NULL,421035
Vietnam,28/07/2020,97338583,NULL,421035
Vietnam,28/08/2020,97338583,NULL,421035
Vietnam,28/09/2020,97338583,NULL,421035
Vietnam,28/10/2020,97338583,NULL,421035
Vietnam,28/11/2020,97338583,NULL,421035
Vietnam,28/12/2020,97338583,NULL,421035
Vietnam,29/01/2020,97338583,NULL,421035
Vietnam,29/01/2021,97338583,NULL,421035
Vietnam,29/02/2020,97338583,NULL,421035
Vietnam,29/03/2020,97338583,NULL,421035
Vietnam,29/03/2021,97338583,1276,422311
Vietnam,29/04/2020,97338583,NULL,422311
Vietnam,29/04/2021,97338583,80797,503108
Vietnam,29/05/2020,97338583,NULL,503108
Vietnam,29/06/2020,97338583,NULL,503108
Vietnam,29/07/2020,97338583,NULL,503108
Vietnam,29/08/2020,97338583,NULL,503108
Vietnam,29/09/2020,97338583,NULL,503108
Vietnam,29/10/2020,97338583,NULL,503108
Vietnam,29/11/2020,97338583,NULL,503108
Vietnam,29/12/2020,97338583,NULL,503108
Vietnam,30/01/2020,97338583,NULL,503108
Vietnam,30/01/2021,97338583,NULL,503108
Vietnam,30/03/2020,97338583,NULL,503108
Vietnam,30/03/2021,97338583,1840,504948
Vietnam,30/04/2020,97338583,NULL,504948
Vietnam,30/04/2021,97338583,NULL,504948
Vietnam,30/05/2020,97338583,NULL,504948
Vietnam,30/06/2020,97338583,NULL,504948
Vietnam,30/07/2020,97338583,NULL,504948
Vietnam,30/08/2020,97338583,NULL,504948
Vietnam,30/09/2020,97338583,NULL,504948
Vietnam,30/10/2020,97338583,NULL,504948
Vietnam,30/11/2020,97338583,NULL,504948
Vietnam,30/12/2020,97338583,NULL,504948
Vietnam,31/01/2020,97338583,NULL,504948
Vietnam,31/01/2021,97338583,NULL,504948
Vietnam,31/03/2020,97338583,NULL,504948
Vietnam,31/03/2021,97338583,1487,506435
Vietnam,31/05/2020,97338583,NULL,506435
Vietnam,31/07/2020,97338583,NULL,506435
Vietnam,31/08/2020,97338583,NULL,506435
Vietnam,31/10/2020,97338583,NULL,506435
Vietnam,31/12/2020,97338583,NULL,506435
