location,date,population,total_cases,total_deaths,infection_rate,death_rate
Brunei,09/03/2020,437483,1,NULL,0.0002,NULL
Brunei,10/03/2020,437483,1,NULL,0.0002,NULL
Brunei,11/03/2020,437483,11,NULL,0.0025,NULL
Brunei,12/03/2020,437483,11,NULL,0.0025,NULL
Brunei,13/03/2020,437483,37,NULL,0.0085,NULL
Brunei,14/03/2020,437483,40,NULL,0.0091,NULL
Brunei,15/03/2020,437483,50,NULL,0.0114,NULL
Brunei,16/03/2020,437483,54,NULL,0.0123,NULL
Brunei,17/03/2020,437483,56,NULL,0.0128,NULL
Brunei,18/03/2020,437483,68,NULL,0.0155,NULL
Brunei,19/03/2020,437483,75,NULL,0.0171,NULL
Brunei,20/03/2020,437483,78,NULL,0.0178,NULL
Brunei,21/03/2020,437483,83,NULL,0.0190,NULL
Brunei,22/03/2020,437483,88,NULL,0.0201,NULL
Brunei,23/03/2020,437483,91,NULL,0.0208,NULL
Brunei,24/03/2020,437483,104,NULL,0.0238,NULL
Brunei,25/03/2020,437483,109,NULL,0.0249,NULL
Brunei,26/03/2020,437483,114,NULL,0.0261,NULL
Brunei,27/03/2020,437483,115,NULL,0.0263,NULL
Brunei,28/03/2020,437483,120,1,0.0274,0.8333333333333334
Brunei,29/03/2020,437483,126,1,0.0288,0.7936507936507936
Brunei,30/03/2020,437483,127,1,0.0290,0.7874015748031495
Brunei,31/03/2020,437483,129,1,0.0295,0.7751937984496124
Brunei,01/04/2020,437483,131,1,0.0299,0.7633587786259541
Brunei,02/04/2020,437483,133,1,0.0304,0.7518796992481203
Brunei,03/04/2020,437483,134,1,0.0306,0.7462686567164178
Brunei,04/04/2020,437483,135,1,0.0309,0.7407407407407408
Brunei,05/04/2020,437483,135,1,0.0309,0.7407407407407408
Brunei,06/04/2020,437483,135,1,0.0309,0.7407407407407408
Brunei,07/04/2020,437483,135,1,0.0309,0.7407407407407408
Brunei,08/04/2020,437483,135,1,0.0309,0.7407407407407408
Brunei,09/04/2020,437483,135,1,0.0309,0.7407407407407408
Brunei,10/04/2020,437483,136,1,0.0311,0.7352941176470588
Brunei,11/04/2020,437483,136,1,0.0311,0.7352941176470588
Brunei,12/04/2020,437483,136,1,0.0311,0.7352941176470588
Brunei,13/04/2020,437483,136,1,0.0311,0.7352941176470588
Brunei,14/04/2020,437483,136,1,0.0311,0.7352941176470588
Brunei,15/04/2020,437483,136,1,0.0311,0.7352941176470588
Brunei,16/04/2020,437483,136,1,0.0311,0.7352941176470588
Brunei,17/04/2020,437483,136,1,0.0311,0.7352941176470588
Brunei,18/04/2020,437483,137,1,0.0313,0.7299270072992701
Brunei,19/04/2020,437483,138,1,0.0315,0.7246376811594203
Brunei,20/04/2020,437483,138,1,0.0315,0.7246376811594203
Brunei,21/04/2020,437483,138,1,0.0315,0.7246376811594203
Brunei,22/04/2020,437483,138,1,0.0315,0.7246376811594203
Brunei,23/04/2020,437483,138,1,0.0315,0.7246376811594203
Brunei,24/04/2020,437483,138,1,0.0315,0.7246376811594203
Brunei,25/04/2020,437483,138,1,0.0315,0.7246376811594203
Brunei,26/04/2020,437483,138,1,0.0315,0.7246376811594203
Brunei,27/04/2020,437483,138,1,0.0315,0.7246376811594203
Brunei,28/04/2020,437483,138,1,0.0315,0.7246376811594203
Brunei,29/04/2020,437483,138,1,0.0315,0.7246376811594203
Brunei,30/04/2020,437483,138,1,0.0315,0.7246376811594203
Brunei,01/05/2020,437483,138,1,0.0315,0.7246376811594203
Brunei,02/05/2020,437483,138,1,0.0315,0.7246376811594203
Brunei,03/05/2020,437483,138,1,0.0315,0.7246376811594203
Brunei,04/05/2020,437483,138,1,0.0315,0.7246376811594203
Brunei,05/05/2020,437483,138,1,0.0315,0.7246376811594203
Brunei,06/05/2020,437483,139,1,0.0318,0.7194244604316548
Brunei,07/05/2020,437483,141,1,0.0322,0.7092198581560284
Brunei,08/05/2020,437483,141,1,0.0322,0.7092198581560284
Brunei,09/05/2020,437483,141,1,0.0322,0.7092198581560284
Brunei,10/05/2020,437483,141,1,0.0322,0.7092198581560284
Brunei,11/05/2020,437483,141,1,0.0322,0.7092198581560284
Brunei,12/05/2020,437483,141,1,0.0322,0.7092198581560284
Brunei,13/05/2020,437483,141,1,0.0322,0.7092198581560284
Brunei,14/05/2020,437483,141,1,0.0322,0.7092198581560284
Brunei,15/05/2020,437483,141,1,0.0322,0.7092198581560284
Brunei,16/05/2020,437483,141,1,0.0322,0.7092198581560284
Brunei,17/05/2020,437483,141,1,0.0322,0.7092198581560284
Brunei,18/05/2020,437483,141,1,0.0322,0.7092198581560284
Brunei,19/05/2020,437483,141,1,0.0322,0.7092198581560284
Brunei,20/05/2020,437483,141,1,0.0322,0.7092198581560284
Brunei,21/05/2020,437483,141,1,0.0322,0.7092198581560284
Brunei,22/05/2020,437483,141,1,0.0322,0.7092198581560284
Brunei,23/05/2020,437483,141,1,0.0322,0.7092198581560284
Brunei,24/05/2020,437483,141,1,0.0322,0.7092198581560284
Brunei,25/05/2020,437483,141,1,0.0322,0.7092198581560284
Brunei,26/05/2020,437483,141,1,0.0322,0.7092198581560284
Brunei,27/05/2020,437483,141,2,0.0322,1.4184397163120568
Brunei,28/05/2020,437483,141,2,0.0322,1.4184397163120568
Brunei,29/05/2020,437483,141,2,0.0322,1.4184397163120568
Brunei,30/05/2020,437483,141,2,0.0322,1.4184397163120568
Brunei,31/05/2020,437483,141,2,0.0322,1.4184397163120568
Brunei,01/06/2020,437483,141,2,0.0322,1.4184397163120568
Brunei,02/06/2020,437483,141,2,0.0322,1.4184397163120568
Brunei,03/06/2020,437483,141,2,0.0322,1.4184397163120568
Brunei,04/06/2020,437483,141,2,0.0322,1.4184397163120568
Brunei,05/06/2020,437483,141,2,0.0322,1.4184397163120568
Brunei,06/06/2020,437483,141,2,0.0322,1.4184397163120568
Brunei,07/06/2020,437483,141,2,0.0322,1.4184397163120568
Brunei,08/06/2020,437483,141,2,0.0322,1.4184397163120568
Brunei,09/06/2020,437483,141,2,0.0322,1.4184397163120568
Brunei,10/06/2020,437483,141,2,0.0322,1.4184397163120568
Brunei,11/06/2020,437483,141,2,0.0322,1.4184397163120568
Brunei,12/06/2020,437483,141,2,0.0322,1.4184397163120568
Brunei,13/06/2020,437483,141,2,0.0322,1.4184397163120568
Brunei,14/06/2020,437483,141,2,0.0322,1.4184397163120568
Brunei,15/06/2020,437483,141,2,0.0322,1.4184397163120568
Brunei,16/06/2020,437483,141,3,0.0322,2.127659574468085
Brunei,17/06/2020,437483,141,3,0.0322,2.127659574468085
Brunei,18/06/2020,437483,141,3,0.0322,2.127659574468085
Brunei,19/06/2020,437483,141,3,0.0322,2.127659574468085
Brunei,20/06/2020,437483,141,3,0.0322,2.127659574468085
Brunei,21/06/2020,437483,141,3,0.0322,2.127659574468085
Brunei,22/06/2020,437483,141,3,0.0322,2.127659574468085
Brunei,23/06/2020,437483,141,3,0.0322,2.127659574468085
Brunei,24/06/2020,437483,141,3,0.0322,2.127659574468085
Brunei,25/06/2020,437483,141,3,0.0322,2.127659574468085
Brunei,26/06/2020,437483,141,3,0.0322,2.127659574468085
Brunei,27/06/2020,437483,141,3,0.0322,2.127659574468085
Brunei,28/06/2020,437483,141,3,0.0322,2.127659574468085
Brunei,29/06/2020,437483,141,3,0.0322,2.127659574468085
Brunei,30/06/2020,437483,141,3,0.0322,2.127659574468085
Brunei,01/07/2020,437483,141,3,0.0322,2.127659574468085
Brunei,02/07/2020,437483,141,3,0.0322,2.127659574468085
Brunei,03/07/2020,437483,141,3,0.0322,2.127659574468085
Brunei,04/07/2020,437483,141,3,0.0322,2.127659574468085
Brunei,05/07/2020,437483,141,3,0.0322,2.127659574468085
Brunei,06/07/2020,437483,141,3,0.0322,2.127659574468085
Brunei,07/07/2020,437483,141,3,0.0322,2.127659574468085
Brunei,08/07/2020,437483,141,3,0.0322,2.127659574468085
Brunei,09/07/2020,437483,141,3,0.0322,2.127659574468085
Brunei,10/07/2020,437483,141,3,0.0322,2.127659574468085
Brunei,11/07/2020,437483,141,3,0.0322,2.127659574468085
Brunei,12/07/2020,437483,141,3,0.0322,2.127659574468085
Brunei,13/07/2020,437483,141,3,0.0322,2.127659574468085
Brunei,14/07/2020,437483,141,3,0.0322,2.127659574468085
Brunei,15/07/2020,437483,141,3,0.0322,2.127659574468085
Brunei,16/07/2020,437483,141,3,0.0322,2.127659574468085
Brunei,17/07/2020,437483,141,3,0.0322,2.127659574468085
Brunei,18/07/2020,437483,141,3,0.0322,2.127659574468085
Brunei,19/07/2020,437483,141,3,0.0322,2.127659574468085
Brunei,20/07/2020,437483,141,3,0.0322,2.127659574468085
Brunei,21/07/2020,437483,141,3,0.0322,2.127659574468085
Brunei,22/07/2020,437483,141,3,0.0322,2.127659574468085
Brunei,23/07/2020,437483,141,3,0.0322,2.127659574468085
Brunei,24/07/2020,437483,141,3,0.0322,2.127659574468085
Brunei,25/07/2020,437483,141,3,0.0322,2.127659574468085
Brunei,26/07/2020,437483,141,3,0.0322,2.127659574468085
Brunei,27/07/2020,437483,141,3,0.0322,2.127659574468085
Brunei,28/07/2020,437483,141,3,0.0322,2.127659574468085
Brunei,29/07/2020,437483,141,3,0.0322,2.127659574468085
Brunei,30/07/2020,437483,141,3,0.0322,2.127659574468085
Brunei,31/07/2020,437483,141,3,0.0322,2.127659574468085
Brunei,01/08/2020,437483,141,3,0.0322,2.127659574468085
Brunei,02/08/2020,437483,141,3,0.0322,2.127659574468085
Brunei,03/08/2020,437483,141,3,0.0322,2.127659574468085
Brunei,04/08/2020,437483,141,3,0.0322,2.127659574468085
Brunei,05/08/2020,437483,141,3,0.0322,2.127659574468085
Brunei,06/08/2020,437483,141,3,0.0322,2.127659574468085
Brunei,07/08/2020,437483,142,3,0.0325,2.112676056338028
Brunei,08/08/2020,437483,142,3,0.0325,2.112676056338028
Brunei,09/08/2020,437483,142,3,0.0325,2.112676056338028
Brunei,10/08/2020,437483,142,3,0.0325,2.112676056338028
Brunei,11/08/2020,437483,142,3,0.0325,2.112676056338028
Brunei,12/08/2020,437483,142,3,0.0325,2.112676056338028
Brunei,13/08/2020,437483,142,3,0.0325,2.112676056338028
Brunei,14/08/2020,437483,142,3,0.0325,2.112676056338028
Brunei,15/08/2020,437483,142,3,0.0325,2.112676056338028
Brunei,16/08/2020,437483,142,3,0.0325,2.112676056338028
Brunei,17/08/2020,437483,142,3,0.0325,2.112676056338028
Brunei,18/08/2020,437483,142,3,0.0325,2.112676056338028
Brunei,19/08/2020,437483,143,3,0.0327,2.097902097902098
Brunei,20/08/2020,437483,143,3,0.0327,2.097902097902098
Brunei,21/08/2020,437483,143,3,0.0327,2.097902097902098
Brunei,22/08/2020,437483,143,3,0.0327,2.097902097902098
Brunei,23/08/2020,437483,143,3,0.0327,2.097902097902098
Brunei,24/08/2020,437483,143,3,0.0327,2.097902097902098
Brunei,25/08/2020,437483,144,3,0.0329,2.083333333333333
Brunei,26/08/2020,437483,144,3,0.0329,2.083333333333333
Brunei,27/08/2020,437483,144,3,0.0329,2.083333333333333
Brunei,28/08/2020,437483,144,3,0.0329,2.083333333333333
Brunei,29/08/2020,437483,144,3,0.0329,2.083333333333333
Brunei,30/08/2020,437483,144,3,0.0329,2.083333333333333
Brunei,31/08/2020,437483,144,3,0.0329,2.083333333333333
Brunei,01/09/2020,437483,144,3,0.0329,2.083333333333333
Brunei,02/09/2020,437483,144,3,0.0329,2.083333333333333
Brunei,03/09/2020,437483,145,3,0.0331,2.0689655172413794
Brunei,04/09/2020,437483,145,3,0.0331,2.0689655172413794
Brunei,05/09/2020,437483,145,3,0.0331,2.0689655172413794
Brunei,06/09/2020,437483,145,3,0.0331,2.0689655172413794
Brunei,07/09/2020,437483,145,3,0.0331,2.0689655172413794
Brunei,08/09/2020,437483,145,3,0.0331,2.0689655172413794
Brunei,09/09/2020,437483,145,3,0.0331,2.0689655172413794
Brunei,10/09/2020,437483,145,3,0.0331,2.0689655172413794
Brunei,11/09/2020,437483,145,3,0.0331,2.0689655172413794
Brunei,12/09/2020,437483,145,3,0.0331,2.0689655172413794
Brunei,13/09/2020,437483,145,3,0.0331,2.0689655172413794
Brunei,14/09/2020,437483,145,3,0.0331,2.0689655172413794
Brunei,15/09/2020,437483,145,3,0.0331,2.0689655172413794
Brunei,16/09/2020,437483,145,3,0.0331,2.0689655172413794
Brunei,17/09/2020,437483,145,3,0.0331,2.0689655172413794
Brunei,18/09/2020,437483,145,3,0.0331,2.0689655172413794
Brunei,19/09/2020,437483,145,3,0.0331,2.0689655172413794
Brunei,20/09/2020,437483,145,3,0.0331,2.0689655172413794
Brunei,21/09/2020,437483,145,3,0.0331,2.0689655172413794
Brunei,22/09/2020,437483,145,3,0.0331,2.0689655172413794
Brunei,23/09/2020,437483,145,3,0.0331,2.0689655172413794
Brunei,24/09/2020,437483,146,3,0.0334,2.054794520547945
Brunei,25/09/2020,437483,146,3,0.0334,2.054794520547945
Brunei,26/09/2020,437483,146,3,0.0334,2.054794520547945
Brunei,27/09/2020,437483,146,3,0.0334,2.054794520547945
Brunei,28/09/2020,437483,146,3,0.0334,2.054794520547945
Brunei,29/09/2020,437483,146,3,0.0334,2.054794520547945
Brunei,30/09/2020,437483,146,3,0.0334,2.054794520547945
Brunei,01/10/2020,437483,146,3,0.0334,2.054794520547945
Brunei,02/10/2020,437483,146,3,0.0334,2.054794520547945
Brunei,03/10/2020,437483,146,3,0.0334,2.054794520547945
Brunei,04/10/2020,437483,146,3,0.0334,2.054794520547945
Brunei,05/10/2020,437483,146,3,0.0334,2.054794520547945
Brunei,06/10/2020,437483,146,3,0.0334,2.054794520547945
Brunei,07/10/2020,437483,146,3,0.0334,2.054794520547945
Brunei,08/10/2020,437483,146,3,0.0334,2.054794520547945
Brunei,09/10/2020,437483,146,3,0.0334,2.054794520547945
Brunei,10/10/2020,437483,146,3,0.0334,2.054794520547945
Brunei,11/10/2020,437483,146,3,0.0334,2.054794520547945
Brunei,12/10/2020,437483,146,3,0.0334,2.054794520547945
Brunei,13/10/2020,437483,146,3,0.0334,2.054794520547945
Brunei,14/10/2020,437483,147,3,0.0336,2.0408163265306123
Brunei,15/10/2020,437483,147,3,0.0336,2.0408163265306123
Brunei,16/10/2020,437483,147,3,0.0336,2.0408163265306123
Brunei,17/10/2020,437483,147,3,0.0336,2.0408163265306123
Brunei,18/10/2020,437483,147,3,0.0336,2.0408163265306123
Brunei,19/10/2020,437483,147,3,0.0336,2.0408163265306123
Brunei,20/10/2020,437483,147,3,0.0336,2.0408163265306123
Brunei,21/10/2020,437483,147,3,0.0336,2.0408163265306123
Brunei,22/10/2020,437483,148,3,0.0338,2.027027027027027
Brunei,23/10/2020,437483,148,3,0.0338,2.027027027027027
Brunei,24/10/2020,437483,148,3,0.0338,2.027027027027027
Brunei,25/10/2020,437483,148,3,0.0338,2.027027027027027
Brunei,26/10/2020,437483,148,3,0.0338,2.027027027027027
Brunei,27/10/2020,437483,148,3,0.0338,2.027027027027027
Brunei,28/10/2020,437483,148,3,0.0338,2.027027027027027
Brunei,29/10/2020,437483,148,3,0.0338,2.027027027027027
Brunei,30/10/2020,437483,148,3,0.0338,2.027027027027027
Brunei,31/10/2020,437483,148,3,0.0338,2.027027027027027
Brunei,01/11/2020,437483,148,3,0.0338,2.027027027027027
Brunei,02/11/2020,437483,148,3,0.0338,2.027027027027027
Brunei,03/11/2020,437483,148,3,0.0338,2.027027027027027
Brunei,04/11/2020,437483,148,3,0.0338,2.027027027027027
Brunei,05/11/2020,437483,148,3,0.0338,2.027027027027027
Brunei,06/11/2020,437483,148,3,0.0338,2.027027027027027
Brunei,07/11/2020,437483,148,3,0.0338,2.027027027027027
Brunei,08/11/2020,437483,148,3,0.0338,2.027027027027027
Brunei,09/11/2020,437483,148,3,0.0338,2.027027027027027
Brunei,10/11/2020,437483,148,3,0.0338,2.027027027027027
Brunei,11/11/2020,437483,148,3,0.0338,2.027027027027027
Brunei,12/11/2020,437483,148,3,0.0338,2.027027027027027
Brunei,13/11/2020,437483,148,3,0.0338,2.027027027027027
Brunei,14/11/2020,437483,148,3,0.0338,2.027027027027027
Brunei,15/11/2020,437483,148,3,0.0338,2.027027027027027
Brunei,16/11/2020,437483,148,3,0.0338,2.027027027027027
Brunei,17/11/2020,437483,148,3,0.0338,2.027027027027027
Brunei,18/11/2020,437483,148,3,0.0338,2.027027027027027
Brunei,19/11/2020,437483,148,3,0.0338,2.027027027027027
Brunei,20/11/2020,437483,148,3,0.0338,2.027027027027027
Brunei,21/11/2020,437483,148,3,0.0338,2.027027027027027
Brunei,22/11/2020,437483,148,3,0.0338,2.027027027027027
Brunei,23/11/2020,437483,149,3,0.0341,2.013422818791946
Brunei,24/11/2020,437483,150,3,0.0343,2
Brunei,25/11/2020,437483,150,3,0.0343,2
Brunei,26/11/2020,437483,150,3,0.0343,2
Brunei,27/11/2020,437483,150,3,0.0343,2
Brunei,28/11/2020,437483,150,3,0.0343,2
Brunei,29/11/2020,437483,150,3,0.0343,2
Brunei,30/11/2020,437483,150,3,0.0343,2
Brunei,01/12/2020,437483,151,3,0.0345,1.9867549668874174
Brunei,02/12/2020,437483,151,3,0.0345,1.9867549668874174
Brunei,03/12/2020,437483,151,3,0.0345,1.9867549668874174
Brunei,04/12/2020,437483,151,3,0.0345,1.9867549668874174
Brunei,05/12/2020,437483,151,3,0.0345,1.9867549668874174
Brunei,06/12/2020,437483,151,3,0.0345,1.9867549668874174
Brunei,07/12/2020,437483,151,3,0.0345,1.9867549668874174
Brunei,08/12/2020,437483,152,3,0.0347,1.9736842105263157
Brunei,09/12/2020,437483,152,3,0.0347,1.9736842105263157
Brunei,10/12/2020,437483,152,3,0.0347,1.9736842105263157
Brunei,11/12/2020,437483,152,3,0.0347,1.9736842105263157
Brunei,12/12/2020,437483,152,3,0.0347,1.9736842105263157
Brunei,13/12/2020,437483,152,3,0.0347,1.9736842105263157
Brunei,14/12/2020,437483,152,3,0.0347,1.9736842105263157
Brunei,15/12/2020,437483,152,3,0.0347,1.9736842105263157
Brunei,16/12/2020,437483,152,3,0.0347,1.9736842105263157
Brunei,17/12/2020,437483,152,3,0.0347,1.9736842105263157
Brunei,18/12/2020,437483,152,3,0.0347,1.9736842105263157
Brunei,19/12/2020,437483,152,3,0.0347,1.9736842105263157
Brunei,20/12/2020,437483,152,3,0.0347,1.9736842105263157
Brunei,21/12/2020,437483,152,3,0.0347,1.9736842105263157
Brunei,22/12/2020,437483,152,3,0.0347,1.9736842105263157
Brunei,23/12/2020,437483,152,3,0.0347,1.9736842105263157
Brunei,24/12/2020,437483,152,3,0.0347,1.9736842105263157
Brunei,25/12/2020,437483,152,3,0.0347,1.9736842105263157
Brunei,26/12/2020,437483,152,3,0.0347,1.9736842105263157
Brunei,27/12/2020,437483,152,3,0.0347,1.9736842105263157
Brunei,28/12/2020,437483,152,3,0.0347,1.9736842105263157
Brunei,29/12/2020,437483,152,3,0.0347,1.9736842105263157
Brunei,30/12/2020,437483,157,3,0.0359,1.910828025477707
Brunei,31/12/2020,437483,157,3,0.0359,1.910828025477707
Brunei,01/01/2021,437483,157,3,0.0359,1.910828025477707
Brunei,02/01/2021,437483,157,3,0.0359,1.910828025477707
Brunei,03/01/2021,437483,172,3,0.0393,1.744186046511628
Brunei,04/01/2021,437483,172,3,0.0393,1.744186046511628
Brunei,05/01/2021,437483,172,3,0.0393,1.744186046511628
Brunei,06/01/2021,437483,172,3,0.0393,1.744186046511628
Brunei,07/01/2021,437483,173,3,0.0395,1.7341040462427744
Brunei,08/01/2021,437483,173,3,0.0395,1.7341040462427744
Brunei,09/01/2021,437483,173,3,0.0395,1.7341040462427744
Brunei,10/01/2021,437483,173,3,0.0395,1.7341040462427744
Brunei,11/01/2021,437483,173,3,0.0395,1.7341040462427744
Brunei,12/01/2021,437483,174,3,0.0398,1.7241379310344827
Brunei,13/01/2021,437483,174,3,0.0398,1.7241379310344827
Brunei,14/01/2021,437483,174,3,0.0398,1.7241379310344827
Brunei,15/01/2021,437483,174,3,0.0398,1.7241379310344827
Brunei,16/01/2021,437483,174,3,0.0398,1.7241379310344827
Brunei,17/01/2021,437483,174,3,0.0398,1.7241379310344827
Brunei,18/01/2021,437483,174,3,0.0398,1.7241379310344827
Brunei,19/01/2021,437483,174,3,0.0398,1.7241379310344827
Brunei,20/01/2021,437483,174,3,0.0398,1.7241379310344827
Brunei,21/01/2021,437483,174,3,0.0398,1.7241379310344827
Brunei,22/01/2021,437483,175,3,0.0400,1.7142857142857144
Brunei,23/01/2021,437483,175,3,0.0400,1.7142857142857144
Brunei,24/01/2021,437483,175,3,0.0400,1.7142857142857144
Brunei,25/01/2021,437483,175,3,0.0400,1.7142857142857144
Brunei,26/01/2021,437483,176,3,0.0402,1.7045454545454544
Brunei,27/01/2021,437483,176,3,0.0402,1.7045454545454544
Brunei,28/01/2021,437483,180,3,0.0411,1.6666666666666667
Brunei,29/01/2021,437483,180,3,0.0411,1.6666666666666667
Brunei,30/01/2021,437483,180,3,0.0411,1.6666666666666667
Brunei,31/01/2021,437483,180,3,0.0411,1.6666666666666667
Brunei,01/02/2021,437483,180,3,0.0411,1.6666666666666667
Brunei,02/02/2021,437483,180,3,0.0411,1.6666666666666667
Brunei,03/02/2021,437483,180,3,0.0411,1.6666666666666667
Brunei,04/02/2021,437483,180,3,0.0411,1.6666666666666667
Brunei,05/02/2021,437483,180,3,0.0411,1.6666666666666667
Brunei,06/02/2021,437483,181,3,0.0414,1.6574585635359116
Brunei,07/02/2021,437483,181,3,0.0414,1.6574585635359116
Brunei,08/02/2021,437483,182,3,0.0416,1.6483516483516485
Brunei,09/02/2021,437483,182,3,0.0416,1.6483516483516485
Brunei,10/02/2021,437483,182,3,0.0416,1.6483516483516485
Brunei,11/02/2021,437483,183,3,0.0418,1.639344262295082
Brunei,12/02/2021,437483,184,3,0.0421,1.6304347826086956
Brunei,13/02/2021,437483,184,3,0.0421,1.6304347826086956
Brunei,14/02/2021,437483,184,3,0.0421,1.6304347826086956
Brunei,15/02/2021,437483,184,3,0.0421,1.6304347826086956
Brunei,16/02/2021,437483,184,3,0.0421,1.6304347826086956
Brunei,17/02/2021,437483,185,3,0.0423,1.6216216216216217
Brunei,18/02/2021,437483,185,3,0.0423,1.6216216216216217
Brunei,19/02/2021,437483,185,3,0.0423,1.6216216216216217
Brunei,20/02/2021,437483,185,3,0.0423,1.6216216216216217
Brunei,21/02/2021,437483,185,3,0.0423,1.6216216216216217
Brunei,22/02/2021,437483,185,3,0.0423,1.6216216216216217
Brunei,23/02/2021,437483,185,3,0.0423,1.6216216216216217
Brunei,24/02/2021,437483,185,3,0.0423,1.6216216216216217
Brunei,25/02/2021,437483,185,3,0.0423,1.6216216216216217
Brunei,26/02/2021,437483,185,3,0.0423,1.6216216216216217
Brunei,27/02/2021,437483,186,3,0.0425,1.6129032258064515
Brunei,28/02/2021,437483,186,3,0.0425,1.6129032258064515
Brunei,01/03/2021,437483,186,3,0.0425,1.6129032258064515
Brunei,02/03/2021,437483,187,3,0.0427,1.6042780748663104
Brunei,03/03/2021,437483,187,3,0.0427,1.6042780748663104
Brunei,04/03/2021,437483,188,3,0.0430,1.5957446808510638
Brunei,05/03/2021,437483,188,3,0.0430,1.5957446808510638
Brunei,06/03/2021,437483,189,3,0.0432,1.5873015873015872
Brunei,07/03/2021,437483,189,3,0.0432,1.5873015873015872
Brunei,08/03/2021,437483,190,3,0.0434,1.5789473684210527
Brunei,09/03/2021,437483,191,3,0.0437,1.5706806282722512
Brunei,10/03/2021,437483,192,3,0.0439,1.5625
Brunei,11/03/2021,437483,192,3,0.0439,1.5625
Brunei,12/03/2021,437483,192,3,0.0439,1.5625
Brunei,13/03/2021,437483,192,3,0.0439,1.5625
Brunei,14/03/2021,437483,199,3,0.0455,1.507537688442211
Brunei,15/03/2021,437483,199,3,0.0455,1.507537688442211
Brunei,16/03/2021,437483,202,3,0.0462,1.4851485148514851
Brunei,17/03/2021,437483,203,3,0.0464,1.477832512315271
Brunei,18/03/2021,437483,203,3,0.0464,1.477832512315271
Brunei,19/03/2021,437483,203,3,0.0464,1.477832512315271
Brunei,20/03/2021,437483,205,3,0.0469,1.4634146341463417
Brunei,21/03/2021,437483,206,3,0.0471,1.4563106796116505
Brunei,22/03/2021,437483,206,3,0.0471,1.4563106796116505
Brunei,23/03/2021,437483,206,3,0.0471,1.4563106796116505
Brunei,24/03/2021,437483,206,3,0.0471,1.4563106796116505
Brunei,25/03/2021,437483,206,3,0.0471,1.4563106796116505
Brunei,26/03/2021,437483,206,3,0.0471,1.4563106796116505
Brunei,27/03/2021,437483,206,3,0.0471,1.4563106796116505
Brunei,28/03/2021,437483,207,3,0.0473,1.4492753623188406
Brunei,29/03/2021,437483,207,3,0.0473,1.4492753623188406
Brunei,30/03/2021,437483,210,3,0.0480,1.4285714285714286
Brunei,31/03/2021,437483,212,3,0.0485,1.4150943396226416
Brunei,01/04/2021,437483,213,3,0.0487,1.4084507042253522
Brunei,02/04/2021,437483,213,3,0.0487,1.4084507042253522
Brunei,03/04/2021,437483,214,3,0.0489,1.4018691588785046
Brunei,04/04/2021,437483,214,3,0.0489,1.4018691588785046
Brunei,05/04/2021,437483,214,3,0.0489,1.4018691588785046
Brunei,06/04/2021,437483,214,3,0.0489,1.4018691588785046
Brunei,07/04/2021,437483,215,3,0.0491,1.3953488372093024
Brunei,08/04/2021,437483,216,3,0.0494,1.3888888888888888
Brunei,09/04/2021,437483,219,3,0.0501,1.36986301369863
Brunei,10/04/2021,437483,219,3,0.0501,1.36986301369863
Brunei,11/04/2021,437483,219,3,0.0501,1.36986301369863
Brunei,12/04/2021,437483,219,3,0.0501,1.36986301369863
Brunei,13/04/2021,437483,219,3,0.0501,1.36986301369863
Brunei,14/04/2021,437483,219,3,0.0501,1.36986301369863
Brunei,15/04/2021,437483,221,3,0.0505,1.3574660633484164
Brunei,16/04/2021,437483,221,3,0.0505,1.3574660633484164
Brunei,17/04/2021,437483,221,3,0.0505,1.3574660633484164
Brunei,18/04/2021,437483,221,3,0.0505,1.3574660633484164
Brunei,19/04/2021,437483,221,3,0.0505,1.3574660633484164
Brunei,20/04/2021,437483,223,3,0.0510,1.345291479820628
Brunei,21/04/2021,437483,223,3,0.0510,1.345291479820628
Brunei,22/04/2021,437483,223,3,0.0510,1.345291479820628
Brunei,23/04/2021,437483,223,3,0.0510,1.345291479820628
Brunei,24/04/2021,437483,223,3,0.0510,1.345291479820628
Brunei,25/04/2021,437483,223,3,0.0510,1.345291479820628
Brunei,26/04/2021,437483,223,3,0.0510,1.345291479820628
Brunei,27/04/2021,437483,223,3,0.0510,1.345291479820628
Brunei,28/04/2021,437483,224,3,0.0512,1.3392857142857142
Brunei,29/04/2021,437483,224,3,0.0512,1.3392857142857142
Brunei,30/04/2021,437483,224,3,0.0512,1.3392857142857142
Cambodia,27/01/2020,16718971,1,NULL,0.0000,NULL
Cambodia,28/01/2020,16718971,1,NULL,0.0000,NULL
Cambodia,29/01/2020,16718971,1,NULL,0.0000,NULL
Cambodia,30/01/2020,16718971,1,NULL,0.0000,NULL
Cambodia,31/01/2020,16718971,1,NULL,0.0000,NULL
Cambodia,01/02/2020,16718971,1,NULL,0.0000,NULL
Cambodia,02/02/2020,16718971,1,NULL,0.0000,NULL
Cambodia,03/02/2020,16718971,1,NULL,0.0000,NULL
Cambodia,04/02/2020,16718971,1,NULL,0.0000,NULL
Cambodia,05/02/2020,16718971,1,NULL,0.0000,NULL
Cambodia,06/02/2020,16718971,1,NULL,0.0000,NULL
Cambodia,07/02/2020,16718971,1,NULL,0.0000,NULL
Cambodia,08/02/2020,16718971,1,NULL,0.0000,NULL
Cambodia,09/02/2020,16718971,1,NULL,0.0000,NULL
Cambodia,10/02/2020,16718971,1,NULL,0.0000,NULL
Cambodia,11/02/2020,16718971,1,NULL,0.0000,NULL
Cambodia,12/02/2020,16718971,1,NULL,0.0000,NULL
Cambodia,13/02/2020,16718971,1,NULL,0.0000,NULL
Cambodia,14/02/2020,16718971,1,NULL,0.0000,NULL
Cambodia,15/02/2020,16718971,1,NULL,0.0000,NULL
Cambodia,16/02/2020,16718971,1,NULL,0.0000,NULL
Cambodia,17/02/2020,16718971,1,NULL,0.0000,NULL
Cambodia,18/02/2020,16718971,1,NULL,0.0000,NULL
Cambodia,19/02/2020,16718971,1,NULL,0.0000,NULL
Cambodia,20/02/2020,16718971,1,NULL,0.0000,NULL
Cambodia,21/02/2020,16718971,1,NULL,0.0000,NULL
Cambodia,22/02/2020,16718971,1,NULL,0.0000,NULL
Cambodia,23/02/2020,16718971,1,NULL,0.0000,NULL
Cambodia,24/02/2020,16718971,1,NULL,0.0000,NULL
Cambodia,25/02/2020,16718971,1,NULL,0.0000,NULL
Cambodia,26/02/2020,16718971,1,NULL,0.0000,NULL
Cambodia,27/02/2020,16718971,1,NULL,0.0000,NULL
Cambodia,28/02/2020,16718971,1,NULL,0.0000,NULL
Cambodia,29/02/2020,16718971,1,NULL,0.0000,NULL
Cambodia,01/03/2020,16718971,1,NULL,0.0000,NULL
Cambodia,02/03/2020,16718971,1,NULL,0.0000,NULL
Cambodia,03/03/2020,16718971,1,NULL,0.0000,NULL
Cambodia,04/03/2020,16718971,1,NULL,0.0000,NULL
Cambodia,05/03/2020,16718971,1,NULL,0.0000,NULL
Cambodia,06/03/2020,16718971,1,NULL,0.0000,NULL
Cambodia,07/03/2020,16718971,1,NULL,0.0000,NULL
Cambodia,08/03/2020,16718971,2,NULL,0.0000,NULL
Cambodia,09/03/2020,16718971,2,NULL,0.0000,NULL
Cambodia,10/03/2020,16718971,2,NULL,0.0000,NULL
Cambodia,11/03/2020,16718971,3,NULL,0.0000,NULL
Cambodia,12/03/2020,16718971,3,NULL,0.0000,NULL
Cambodia,13/03/2020,16718971,5,NULL,0.0000,NULL
Cambodia,14/03/2020,16718971,7,NULL,0.0000,NULL
Cambodia,15/03/2020,16718971,7,NULL,0.0000,NULL
Cambodia,16/03/2020,16718971,7,NULL,0.0000,NULL
Cambodia,17/03/2020,16718971,33,NULL,0.0002,NULL
Cambodia,18/03/2020,16718971,35,NULL,0.0002,NULL
Cambodia,19/03/2020,16718971,37,NULL,0.0002,NULL
Cambodia,20/03/2020,16718971,51,NULL,0.0003,NULL
Cambodia,21/03/2020,16718971,53,NULL,0.0003,NULL
Cambodia,22/03/2020,16718971,84,NULL,0.0005,NULL
Cambodia,23/03/2020,16718971,87,NULL,0.0005,NULL
Cambodia,24/03/2020,16718971,91,NULL,0.0005,NULL
Cambodia,25/03/2020,16718971,96,NULL,0.0006,NULL
Cambodia,26/03/2020,16718971,96,NULL,0.0006,NULL
Cambodia,27/03/2020,16718971,99,NULL,0.0006,NULL
Cambodia,28/03/2020,16718971,99,NULL,0.0006,NULL
Cambodia,29/03/2020,16718971,103,NULL,0.0006,NULL
Cambodia,30/03/2020,16718971,107,NULL,0.0006,NULL
Cambodia,31/03/2020,16718971,109,NULL,0.0007,NULL
Cambodia,01/04/2020,16718971,109,NULL,0.0007,NULL
Cambodia,02/04/2020,16718971,110,NULL,0.0007,NULL
Cambodia,03/04/2020,16718971,114,NULL,0.0007,NULL
Cambodia,04/04/2020,16718971,114,NULL,0.0007,NULL
Cambodia,05/04/2020,16718971,114,NULL,0.0007,NULL
Cambodia,06/04/2020,16718971,114,NULL,0.0007,NULL
Cambodia,07/04/2020,16718971,115,NULL,0.0007,NULL
Cambodia,08/04/2020,16718971,117,NULL,0.0007,NULL
Cambodia,09/04/2020,16718971,119,NULL,0.0007,NULL
Cambodia,10/04/2020,16718971,119,NULL,0.0007,NULL
Cambodia,11/04/2020,16718971,120,NULL,0.0007,NULL
Cambodia,12/04/2020,16718971,122,NULL,0.0007,NULL
Cambodia,13/04/2020,16718971,122,NULL,0.0007,NULL
Cambodia,14/04/2020,16718971,122,NULL,0.0007,NULL
Cambodia,15/04/2020,16718971,122,NULL,0.0007,NULL
Cambodia,16/04/2020,16718971,122,NULL,0.0007,NULL
Cambodia,17/04/2020,16718971,122,NULL,0.0007,NULL
Cambodia,18/04/2020,16718971,122,NULL,0.0007,NULL
Cambodia,19/04/2020,16718971,122,NULL,0.0007,NULL
Cambodia,20/04/2020,16718971,122,NULL,0.0007,NULL
Cambodia,21/04/2020,16718971,122,NULL,0.0007,NULL
Cambodia,22/04/2020,16718971,122,NULL,0.0007,NULL
Cambodia,23/04/2020,16718971,122,NULL,0.0007,NULL
Cambodia,24/04/2020,16718971,122,NULL,0.0007,NULL
Cambodia,25/04/2020,16718971,122,NULL,0.0007,NULL
Cambodia,26/04/2020,16718971,122,NULL,0.0007,NULL
Cambodia,27/04/2020,16718971,122,NULL,0.0007,NULL
Cambodia,28/04/2020,16718971,122,NULL,0.0007,NULL
Cambodia,29/04/2020,16718971,122,NULL,0.0007,NULL
Cambodia,30/04/2020,16718971,122,NULL,0.0007,NULL
Cambodia,01/05/2020,16718971,122,NULL,0.0007,NULL
Cambodia,02/05/2020,16718971,122,NULL,0.0007,NULL
Cambodia,03/05/2020,16718971,122,NULL,0.0007,NULL
Cambodia,04/05/2020,16718971,122,NULL,0.0007,NULL
Cambodia,05/05/2020,16718971,122,NULL,0.0007,NULL
Cambodia,06/05/2020,16718971,122,NULL,0.0007,NULL
Cambodia,07/05/2020,16718971,122,NULL,0.0007,NULL
Cambodia,08/05/2020,16718971,122,NULL,0.0007,NULL
Cambodia,09/05/2020,16718971,122,NULL,0.0007,NULL
Cambodia,10/05/2020,16718971,122,NULL,0.0007,NULL
Cambodia,11/05/2020,16718971,122,NULL,0.0007,NULL
Cambodia,12/05/2020,16718971,122,NULL,0.0007,NULL
Cambodia,13/05/2020,16718971,122,NULL,0.0007,NULL
Cambodia,14/05/2020,16718971,122,NULL,0.0007,NULL
Cambodia,15/05/2020,16718971,122,NULL,0.0007,NULL
Cambodia,16/05/2020,16718971,122,NULL,0.0007,NULL
Cambodia,17/05/2020,16718971,122,NULL,0.0007,NULL
Cambodia,18/05/2020,16718971,122,NULL,0.0007,NULL
Cambodia,19/05/2020,16718971,122,NULL,0.0007,NULL
Cambodia,20/05/2020,16718971,122,NULL,0.0007,NULL
Cambodia,21/05/2020,16718971,123,NULL,0.0007,NULL
Cambodia,22/05/2020,16718971,123,NULL,0.0007,NULL
Cambodia,23/05/2020,16718971,124,NULL,0.0007,NULL
Cambodia,24/05/2020,16718971,124,NULL,0.0007,NULL
Cambodia,25/05/2020,16718971,124,NULL,0.0007,NULL
Cambodia,26/05/2020,16718971,124,NULL,0.0007,NULL
Cambodia,27/05/2020,16718971,124,NULL,0.0007,NULL
Cambodia,28/05/2020,16718971,124,NULL,0.0007,NULL
Cambodia,29/05/2020,16718971,124,NULL,0.0007,NULL
Cambodia,30/05/2020,16718971,125,NULL,0.0007,NULL
Cambodia,31/05/2020,16718971,125,NULL,0.0007,NULL
Cambodia,01/06/2020,16718971,125,NULL,0.0007,NULL
Cambodia,02/06/2020,16718971,125,NULL,0.0007,NULL
Cambodia,03/06/2020,16718971,125,NULL,0.0007,NULL
Cambodia,04/06/2020,16718971,125,NULL,0.0007,NULL
Cambodia,05/06/2020,16718971,125,NULL,0.0007,NULL
Cambodia,06/06/2020,16718971,125,NULL,0.0007,NULL
Cambodia,07/06/2020,16718971,126,NULL,0.0008,NULL
Cambodia,08/06/2020,16718971,126,NULL,0.0008,NULL
Cambodia,09/06/2020,16718971,126,NULL,0.0008,NULL
Cambodia,10/06/2020,16718971,126,NULL,0.0008,NULL
Cambodia,11/06/2020,16718971,126,NULL,0.0008,NULL
Cambodia,12/06/2020,16718971,126,NULL,0.0008,NULL
Cambodia,13/06/2020,16718971,128,NULL,0.0008,NULL
Cambodia,14/06/2020,16718971,128,NULL,0.0008,NULL
Cambodia,15/06/2020,16718971,128,NULL,0.0008,NULL
Cambodia,16/06/2020,16718971,128,NULL,0.0008,NULL
Cambodia,17/06/2020,16718971,128,NULL,0.0008,NULL
Cambodia,18/06/2020,16718971,129,NULL,0.0008,NULL
Cambodia,19/06/2020,16718971,129,NULL,0.0008,NULL
Cambodia,20/06/2020,16718971,129,NULL,0.0008,NULL
Cambodia,21/06/2020,16718971,129,NULL,0.0008,NULL
Cambodia,22/06/2020,16718971,130,NULL,0.0008,NULL
Cambodia,23/06/2020,16718971,130,NULL,0.0008,NULL
Cambodia,24/06/2020,16718971,130,NULL,0.0008,NULL
Cambodia,25/06/2020,16718971,130,NULL,0.0008,NULL
Cambodia,26/06/2020,16718971,139,NULL,0.0008,NULL
Cambodia,27/06/2020,16718971,141,NULL,0.0008,NULL
Cambodia,28/06/2020,16718971,141,NULL,0.0008,NULL
Cambodia,29/06/2020,16718971,141,NULL,0.0008,NULL
Cambodia,30/06/2020,16718971,141,NULL,0.0008,NULL
Cambodia,01/07/2020,16718971,141,NULL,0.0008,NULL
Cambodia,02/07/2020,16718971,141,NULL,0.0008,NULL
Cambodia,03/07/2020,16718971,141,NULL,0.0008,NULL
Cambodia,04/07/2020,16718971,141,NULL,0.0008,NULL
Cambodia,05/07/2020,16718971,141,NULL,0.0008,NULL
Cambodia,06/07/2020,16718971,141,NULL,0.0008,NULL
Cambodia,07/07/2020,16718971,141,NULL,0.0008,NULL
Cambodia,08/07/2020,16718971,141,NULL,0.0008,NULL
Cambodia,09/07/2020,16718971,141,NULL,0.0008,NULL
Cambodia,10/07/2020,16718971,141,NULL,0.0008,NULL
Cambodia,11/07/2020,16718971,156,NULL,0.0009,NULL
Cambodia,12/07/2020,16718971,156,NULL,0.0009,NULL
Cambodia,13/07/2020,16718971,165,NULL,0.0010,NULL
Cambodia,14/07/2020,16718971,165,NULL,0.0010,NULL
Cambodia,15/07/2020,16718971,166,NULL,0.0010,NULL
Cambodia,16/07/2020,16718971,171,NULL,0.0010,NULL
Cambodia,17/07/2020,16718971,171,NULL,0.0010,NULL
Cambodia,18/07/2020,16718971,171,NULL,0.0010,NULL
Cambodia,19/07/2020,16718971,171,NULL,0.0010,NULL
Cambodia,20/07/2020,16718971,171,NULL,0.0010,NULL
Cambodia,21/07/2020,16718971,197,NULL,0.0012,NULL
Cambodia,22/07/2020,16718971,198,NULL,0.0012,NULL
Cambodia,23/07/2020,16718971,202,NULL,0.0012,NULL
Cambodia,24/07/2020,16718971,202,NULL,0.0012,NULL
Cambodia,25/07/2020,16718971,225,NULL,0.0013,NULL
Cambodia,26/07/2020,16718971,225,NULL,0.0013,NULL
Cambodia,27/07/2020,16718971,226,NULL,0.0014,NULL
Cambodia,28/07/2020,16718971,226,NULL,0.0014,NULL
Cambodia,29/07/2020,16718971,226,NULL,0.0014,NULL
Cambodia,30/07/2020,16718971,234,NULL,0.0014,NULL
Cambodia,31/07/2020,16718971,239,NULL,0.0014,NULL
Cambodia,01/08/2020,16718971,240,NULL,0.0014,NULL
Cambodia,02/08/2020,16718971,240,NULL,0.0014,NULL
Cambodia,03/08/2020,16718971,240,NULL,0.0014,NULL
Cambodia,04/08/2020,16718971,243,NULL,0.0015,NULL
Cambodia,05/08/2020,16718971,243,NULL,0.0015,NULL
Cambodia,06/08/2020,16718971,243,NULL,0.0015,NULL
Cambodia,07/08/2020,16718971,246,NULL,0.0015,NULL
Cambodia,08/08/2020,16718971,248,NULL,0.0015,NULL
Cambodia,09/08/2020,16718971,251,NULL,0.0015,NULL
Cambodia,10/08/2020,16718971,251,NULL,0.0015,NULL
Cambodia,11/08/2020,16718971,268,NULL,0.0016,NULL
Cambodia,12/08/2020,16718971,272,NULL,0.0016,NULL
Cambodia,13/08/2020,16718971,273,NULL,0.0016,NULL
Cambodia,14/08/2020,16718971,273,NULL,0.0016,NULL
Cambodia,15/08/2020,16718971,273,NULL,0.0016,NULL
Cambodia,16/08/2020,16718971,273,NULL,0.0016,NULL
Cambodia,17/08/2020,16718971,273,NULL,0.0016,NULL
Cambodia,18/08/2020,16718971,273,NULL,0.0016,NULL
Cambodia,19/08/2020,16718971,273,NULL,0.0016,NULL
Cambodia,20/08/2020,16718971,273,NULL,0.0016,NULL
Cambodia,21/08/2020,16718971,273,NULL,0.0016,NULL
Cambodia,22/08/2020,16718971,273,NULL,0.0016,NULL
Cambodia,23/08/2020,16718971,273,NULL,0.0016,NULL
Cambodia,24/08/2020,16718971,273,NULL,0.0016,NULL
Cambodia,25/08/2020,16718971,273,NULL,0.0016,NULL
Cambodia,26/08/2020,16718971,273,NULL,0.0016,NULL
Cambodia,27/08/2020,16718971,273,NULL,0.0016,NULL
Cambodia,28/08/2020,16718971,273,NULL,0.0016,NULL
Cambodia,29/08/2020,16718971,273,NULL,0.0016,NULL
Cambodia,30/08/2020,16718971,273,NULL,0.0016,NULL
Cambodia,31/08/2020,16718971,274,NULL,0.0016,NULL
Cambodia,01/09/2020,16718971,274,NULL,0.0016,NULL
Cambodia,02/09/2020,16718971,274,NULL,0.0016,NULL
Cambodia,03/09/2020,16718971,274,NULL,0.0016,NULL
Cambodia,04/09/2020,16718971,274,NULL,0.0016,NULL
Cambodia,05/09/2020,16718971,274,NULL,0.0016,NULL
Cambodia,06/09/2020,16718971,274,NULL,0.0016,NULL
Cambodia,07/09/2020,16718971,274,NULL,0.0016,NULL
Cambodia,08/09/2020,16718971,274,NULL,0.0016,NULL
Cambodia,09/09/2020,16718971,274,NULL,0.0016,NULL
Cambodia,10/09/2020,16718971,274,NULL,0.0016,NULL
Cambodia,11/09/2020,16718971,274,NULL,0.0016,NULL
Cambodia,12/09/2020,16718971,275,NULL,0.0016,NULL
Cambodia,13/09/2020,16718971,275,NULL,0.0016,NULL
Cambodia,14/09/2020,16718971,275,NULL,0.0016,NULL
Cambodia,15/09/2020,16718971,275,NULL,0.0016,NULL
Cambodia,16/09/2020,16718971,275,NULL,0.0016,NULL
Cambodia,17/09/2020,16718971,275,NULL,0.0016,NULL
Cambodia,18/09/2020,16718971,275,NULL,0.0016,NULL
Cambodia,19/09/2020,16718971,275,NULL,0.0016,NULL
Cambodia,20/09/2020,16718971,275,NULL,0.0016,NULL
Cambodia,21/09/2020,16718971,275,NULL,0.0016,NULL
Cambodia,22/09/2020,16718971,275,NULL,0.0016,NULL
Cambodia,23/09/2020,16718971,275,NULL,0.0016,NULL
Cambodia,24/09/2020,16718971,275,NULL,0.0016,NULL
Cambodia,25/09/2020,16718971,275,NULL,0.0016,NULL
Cambodia,26/09/2020,16718971,276,NULL,0.0017,NULL
Cambodia,27/09/2020,16718971,276,NULL,0.0017,NULL
Cambodia,28/09/2020,16718971,277,NULL,0.0017,NULL
Cambodia,29/09/2020,16718971,277,NULL,0.0017,NULL
Cambodia,30/09/2020,16718971,277,NULL,0.0017,NULL
Cambodia,01/10/2020,16718971,278,NULL,0.0017,NULL
Cambodia,02/10/2020,16718971,278,NULL,0.0017,NULL
Cambodia,03/10/2020,16718971,278,NULL,0.0017,NULL
Cambodia,04/10/2020,16718971,278,NULL,0.0017,NULL
Cambodia,05/10/2020,16718971,280,NULL,0.0017,NULL
Cambodia,06/10/2020,16718971,280,NULL,0.0017,NULL
Cambodia,07/10/2020,16718971,281,NULL,0.0017,NULL
Cambodia,08/10/2020,16718971,281,NULL,0.0017,NULL
Cambodia,09/10/2020,16718971,283,NULL,0.0017,NULL
Cambodia,10/10/2020,16718971,283,NULL,0.0017,NULL
Cambodia,11/10/2020,16718971,283,NULL,0.0017,NULL
Cambodia,12/10/2020,16718971,283,NULL,0.0017,NULL
Cambodia,13/10/2020,16718971,283,NULL,0.0017,NULL
Cambodia,14/10/2020,16718971,283,NULL,0.0017,NULL
Cambodia,15/10/2020,16718971,283,NULL,0.0017,NULL
Cambodia,16/10/2020,16718971,283,NULL,0.0017,NULL
Cambodia,17/10/2020,16718971,283,NULL,0.0017,NULL
Cambodia,18/10/2020,16718971,283,NULL,0.0017,NULL
Cambodia,19/10/2020,16718971,285,NULL,0.0017,NULL
Cambodia,20/10/2020,16718971,286,NULL,0.0017,NULL
Cambodia,21/10/2020,16718971,286,NULL,0.0017,NULL
Cambodia,22/10/2020,16718971,286,NULL,0.0017,NULL
Cambodia,23/10/2020,16718971,287,NULL,0.0017,NULL
Cambodia,24/10/2020,16718971,287,NULL,0.0017,NULL
Cambodia,25/10/2020,16718971,287,NULL,0.0017,NULL
Cambodia,26/10/2020,16718971,288,NULL,0.0017,NULL
Cambodia,27/10/2020,16718971,290,NULL,0.0017,NULL
Cambodia,28/10/2020,16718971,290,NULL,0.0017,NULL
Cambodia,29/10/2020,16718971,291,NULL,0.0017,NULL
Cambodia,30/10/2020,16718971,291,NULL,0.0017,NULL
Cambodia,31/10/2020,16718971,291,NULL,0.0017,NULL
Cambodia,01/11/2020,16718971,292,NULL,0.0017,NULL
Cambodia,02/11/2020,16718971,292,NULL,0.0017,NULL
Cambodia,03/11/2020,16718971,292,NULL,0.0017,NULL
Cambodia,04/11/2020,16718971,292,NULL,0.0017,NULL
Cambodia,05/11/2020,16718971,292,NULL,0.0017,NULL
Cambodia,06/11/2020,16718971,294,NULL,0.0018,NULL
Cambodia,07/11/2020,16718971,295,NULL,0.0018,NULL
Cambodia,08/11/2020,16718971,297,NULL,0.0018,NULL
Cambodia,09/11/2020,16718971,300,NULL,0.0018,NULL
Cambodia,10/11/2020,16718971,300,NULL,0.0018,NULL
Cambodia,11/11/2020,16718971,301,NULL,0.0018,NULL
Cambodia,12/11/2020,16718971,301,NULL,0.0018,NULL
Cambodia,13/11/2020,16718971,302,NULL,0.0018,NULL
Cambodia,14/11/2020,16718971,302,NULL,0.0018,NULL
Cambodia,15/11/2020,16718971,302,NULL,0.0018,NULL
Cambodia,16/11/2020,16718971,303,NULL,0.0018,NULL
Cambodia,17/11/2020,16718971,304,NULL,0.0018,NULL
Cambodia,18/11/2020,16718971,304,NULL,0.0018,NULL
Cambodia,19/11/2020,16718971,304,NULL,0.0018,NULL
Cambodia,20/11/2020,16718971,305,NULL,0.0018,NULL
Cambodia,21/11/2020,16718971,306,NULL,0.0018,NULL
Cambodia,22/11/2020,16718971,306,NULL,0.0018,NULL
Cambodia,23/11/2020,16718971,306,NULL,0.0018,NULL
Cambodia,24/11/2020,16718971,307,NULL,0.0018,NULL
Cambodia,25/11/2020,16718971,307,NULL,0.0018,NULL
Cambodia,26/11/2020,16718971,307,NULL,0.0018,NULL
Cambodia,27/11/2020,16718971,308,NULL,0.0018,NULL
Cambodia,28/11/2020,16718971,315,NULL,0.0019,NULL
Cambodia,29/11/2020,16718971,323,NULL,0.0019,NULL
Cambodia,30/11/2020,16718971,326,NULL,0.0019,NULL
Cambodia,01/12/2020,16718971,329,NULL,0.0020,NULL
Cambodia,02/12/2020,16718971,331,NULL,0.0020,NULL
Cambodia,03/12/2020,16718971,335,NULL,0.0020,NULL
Cambodia,04/12/2020,16718971,345,NULL,0.0021,NULL
Cambodia,05/12/2020,16718971,346,NULL,0.0021,NULL
Cambodia,06/12/2020,16718971,348,NULL,0.0021,NULL
Cambodia,07/12/2020,16718971,350,NULL,0.0021,NULL
Cambodia,08/12/2020,16718971,354,NULL,0.0021,NULL
Cambodia,09/12/2020,16718971,356,NULL,0.0021,NULL
Cambodia,10/12/2020,16718971,357,NULL,0.0021,NULL
Cambodia,11/12/2020,16718971,357,NULL,0.0021,NULL
Cambodia,12/12/2020,16718971,359,NULL,0.0021,NULL
Cambodia,13/12/2020,16718971,359,NULL,0.0021,NULL
Cambodia,14/12/2020,16718971,362,NULL,0.0022,NULL
Cambodia,15/12/2020,16718971,362,NULL,0.0022,NULL
Cambodia,16/12/2020,16718971,362,NULL,0.0022,NULL
Cambodia,17/12/2020,16718971,362,NULL,0.0022,NULL
Cambodia,18/12/2020,16718971,362,NULL,0.0022,NULL
Cambodia,19/12/2020,16718971,362,NULL,0.0022,NULL
Cambodia,20/12/2020,16718971,363,NULL,0.0022,NULL
Cambodia,21/12/2020,16718971,363,NULL,0.0022,NULL
Cambodia,22/12/2020,16718971,363,NULL,0.0022,NULL
Cambodia,23/12/2020,16718971,363,NULL,0.0022,NULL
Cambodia,24/12/2020,16718971,363,NULL,0.0022,NULL
Cambodia,25/12/2020,16718971,363,NULL,0.0022,NULL
Cambodia,26/12/2020,16718971,364,NULL,0.0022,NULL
Cambodia,27/12/2020,16718971,364,NULL,0.0022,NULL
Cambodia,28/12/2020,16718971,364,NULL,0.0022,NULL
Cambodia,29/12/2020,16718971,364,NULL,0.0022,NULL
Cambodia,30/12/2020,16718971,366,NULL,0.0022,NULL
Cambodia,31/12/2020,16718971,378,NULL,0.0023,NULL
Cambodia,01/01/2021,16718971,379,NULL,0.0023,NULL
Cambodia,02/01/2021,16718971,381,NULL,0.0023,NULL
Cambodia,03/01/2021,16718971,382,NULL,0.0023,NULL
Cambodia,04/01/2021,16718971,382,NULL,0.0023,NULL
Cambodia,05/01/2021,16718971,383,NULL,0.0023,NULL
Cambodia,06/01/2021,16718971,385,NULL,0.0023,NULL
Cambodia,07/01/2021,16718971,386,NULL,0.0023,NULL
Cambodia,08/01/2021,16718971,387,NULL,0.0023,NULL
Cambodia,09/01/2021,16718971,391,NULL,0.0023,NULL
Cambodia,10/01/2021,16718971,391,NULL,0.0023,NULL
Cambodia,11/01/2021,16718971,392,NULL,0.0023,NULL
Cambodia,12/01/2021,16718971,398,NULL,0.0024,NULL
Cambodia,13/01/2021,16718971,411,NULL,0.0025,NULL
Cambodia,14/01/2021,16718971,426,NULL,0.0025,NULL
Cambodia,15/01/2021,16718971,436,NULL,0.0026,NULL
Cambodia,16/01/2021,16718971,439,NULL,0.0026,NULL
Cambodia,17/01/2021,16718971,439,NULL,0.0026,NULL
Cambodia,18/01/2021,16718971,441,NULL,0.0026,NULL
Cambodia,19/01/2021,16718971,448,NULL,0.0027,NULL
Cambodia,20/01/2021,16718971,453,NULL,0.0027,NULL
Cambodia,21/01/2021,16718971,456,NULL,0.0027,NULL
Cambodia,22/01/2021,16718971,456,NULL,0.0027,NULL
Cambodia,23/01/2021,16718971,458,NULL,0.0027,NULL
Cambodia,24/01/2021,16718971,458,NULL,0.0027,NULL
Cambodia,25/01/2021,16718971,460,NULL,0.0028,NULL
Cambodia,26/01/2021,16718971,460,NULL,0.0028,NULL
Cambodia,27/01/2021,16718971,460,NULL,0.0028,NULL
Cambodia,28/01/2021,16718971,463,NULL,0.0028,NULL
Cambodia,29/01/2021,16718971,463,NULL,0.0028,NULL
Cambodia,30/01/2021,16718971,465,NULL,0.0028,NULL
Cambodia,31/01/2021,16718971,466,NULL,0.0028,NULL
Cambodia,01/02/2021,16718971,466,NULL,0.0028,NULL
Cambodia,02/02/2021,16718971,466,NULL,0.0028,NULL
Cambodia,03/02/2021,16718971,467,NULL,0.0028,NULL
Cambodia,04/02/2021,16718971,470,NULL,0.0028,NULL
Cambodia,05/02/2021,16718971,472,NULL,0.0028,NULL
Cambodia,06/02/2021,16718971,474,NULL,0.0028,NULL
Cambodia,07/02/2021,16718971,474,NULL,0.0028,NULL
Cambodia,08/02/2021,16718971,476,NULL,0.0028,NULL
Cambodia,09/02/2021,16718971,476,NULL,0.0028,NULL
Cambodia,10/02/2021,16718971,478,NULL,0.0029,NULL
Cambodia,11/02/2021,16718971,479,NULL,0.0029,NULL
Cambodia,12/02/2021,16718971,479,NULL,0.0029,NULL
Cambodia,13/02/2021,16718971,479,NULL,0.0029,NULL
Cambodia,14/02/2021,16718971,479,NULL,0.0029,NULL
Cambodia,15/02/2021,16718971,479,NULL,0.0029,NULL
Cambodia,16/02/2021,16718971,479,NULL,0.0029,NULL
Cambodia,17/02/2021,16718971,483,NULL,0.0029,NULL
Cambodia,18/02/2021,16718971,484,NULL,0.0029,NULL
Cambodia,19/02/2021,16718971,484,NULL,0.0029,NULL
Cambodia,20/02/2021,16718971,533,NULL,0.0032,NULL
Cambodia,21/02/2021,16718971,568,NULL,0.0034,NULL
Cambodia,22/02/2021,16718971,593,NULL,0.0035,NULL
Cambodia,23/02/2021,16718971,633,NULL,0.0038,NULL
Cambodia,24/02/2021,16718971,697,NULL,0.0042,NULL
Cambodia,25/02/2021,16718971,741,NULL,0.0044,NULL
Cambodia,26/02/2021,16718971,767,NULL,0.0046,NULL
Cambodia,27/02/2021,16718971,805,NULL,0.0048,NULL
Cambodia,28/02/2021,16718971,820,NULL,0.0049,NULL
Cambodia,01/03/2021,16718971,844,NULL,0.0050,NULL
Cambodia,02/03/2021,16718971,878,NULL,0.0053,NULL
Cambodia,03/03/2021,16718971,909,NULL,0.0054,NULL
Cambodia,04/03/2021,16718971,932,NULL,0.0056,NULL
Cambodia,05/03/2021,16718971,953,NULL,0.0057,NULL
Cambodia,06/03/2021,16718971,987,NULL,0.0059,NULL
Cambodia,07/03/2021,16718971,1011,NULL,0.0060,NULL
Cambodia,08/03/2021,16718971,1011,NULL,0.0060,NULL
Cambodia,09/03/2021,16718971,1124,NULL,0.0067,NULL
Cambodia,10/03/2021,16718971,1163,NULL,0.0070,NULL
Cambodia,11/03/2021,16718971,1225,1,0.0073,0.0816326530612245
Cambodia,12/03/2021,16718971,1264,1,0.0076,0.07911392405063292
Cambodia,13/03/2021,16718971,1305,1,0.0078,0.07662835249042146
Cambodia,14/03/2021,16718971,1325,1,0.0079,0.07547169811320754
Cambodia,15/03/2021,16718971,1325,1,0.0079,0.07547169811320754
Cambodia,16/03/2021,16718971,1505,1,0.0090,0.0664451827242525
Cambodia,17/03/2021,16718971,1541,1,0.0092,0.06489292667099286
Cambodia,18/03/2021,16718971,1578,1,0.0094,0.06337135614702154
Cambodia,19/03/2021,16718971,1578,2,0.0094,0.12674271229404308
Cambodia,20/03/2021,16718971,1578,2,0.0094,0.12674271229404308
Cambodia,21/03/2021,16718971,1753,3,0.0105,0.17113519680547634
Cambodia,22/03/2021,16718971,1788,4,0.0107,0.22371364653243847
Cambodia,23/03/2021,16718971,1817,5,0.0109,0.27517886626307103
Cambodia,24/03/2021,16718971,1872,5,0.0112,0.2670940170940171
Cambodia,25/03/2021,16718971,1872,5,0.0112,0.2670940170940171
Cambodia,26/03/2021,16718971,1968,8,0.0118,0.40650406504065045
Cambodia,27/03/2021,16718971,2147,8,0.0128,0.37261294829995345
Cambodia,28/03/2021,16718971,2233,10,0.0134,0.44782803403493054
Cambodia,29/03/2021,16718971,2378,11,0.0142,0.4625735912531539
Cambodia,30/03/2021,16718971,2440,11,0.0146,0.4508196721311476
Cambodia,31/03/2021,16718971,2440,11,0.0146,0.4508196721311476
Cambodia,01/04/2021,16718971,2477,14,0.0148,0.5651998385143319
Cambodia,02/04/2021,16718971,2546,16,0.0152,0.6284367635506678
Cambodia,03/04/2021,16718971,2689,19,0.0161,0.7065823726292302
Cambodia,04/04/2021,16718971,2689,19,0.0161,0.7065823726292302
Cambodia,05/04/2021,16718971,2752,21,0.0165,0.7630813953488371
Cambodia,06/04/2021,16718971,2915,22,0.0174,0.7547169811320755
Cambodia,07/04/2021,16718971,2915,22,0.0174,0.7547169811320755
Cambodia,08/04/2021,16718971,3028,24,0.0181,0.7926023778071334
Cambodia,09/04/2021,16718971,3604,24,0.0216,0.6659267480577136
Cambodia,10/04/2021,16718971,4081,26,0.0244,0.6370987503062975
Cambodia,11/04/2021,16718971,4515,30,0.0270,0.6644518272425249
Cambodia,12/04/2021,16718971,4515,30,0.0270,0.6644518272425249
Cambodia,13/04/2021,16718971,4696,33,0.0281,0.702725724020443
Cambodia,14/04/2021,16718971,4874,35,0.0292,0.718096019696348
Cambodia,15/04/2021,16718971,5218,36,0.0312,0.6899195093905711
Cambodia,16/04/2021,16718971,5480,38,0.0328,0.6934306569343066
Cambodia,17/04/2021,16718971,5771,39,0.0345,0.6757927568878878
Cambodia,18/04/2021,16718971,6389,43,0.0382,0.6730317733604633
Cambodia,19/04/2021,16718971,7013,45,0.0419,0.6416654783972622
Cambodia,20/04/2021,16718971,7444,49,0.0445,0.6582482536270822
Cambodia,21/04/2021,16718971,7747,54,0.0463,0.6970440170388537
Cambodia,22/04/2021,16718971,8193,59,0.0490,0.7201269376296839
Cambodia,23/04/2021,16718971,8848,61,0.0529,0.6894213381555153
Cambodia,24/04/2021,16718971,9359,71,0.0560,0.7586280585532642
Cambodia,25/04/2021,16718971,9975,74,0.0597,0.7418546365914787
Cambodia,26/04/2021,16718971,10555,79,0.0631,0.7484604452865941
Cambodia,27/04/2021,16718971,11063,82,0.0662,0.7412094368616108
Cambodia,28/04/2021,16718971,11761,88,0.0703,0.7482356942436869
Cambodia,29/04/2021,16718971,12641,91,0.0756,0.7198797563483902
Cambodia,30/04/2021,16718971,13402,93,0.0802,0.6939262796597523
Indonesia,02/03/2020,273523621,2,NULL,0.0000,NULL
Indonesia,03/03/2020,273523621,2,NULL,0.0000,NULL
Indonesia,04/03/2020,273523621,2,NULL,0.0000,NULL
Indonesia,05/03/2020,273523621,2,NULL,0.0000,NULL
Indonesia,06/03/2020,273523621,4,NULL,0.0000,NULL
Indonesia,07/03/2020,273523621,4,NULL,0.0000,NULL
Indonesia,08/03/2020,273523621,6,NULL,0.0000,NULL
Indonesia,09/03/2020,273523621,19,NULL,0.0000,NULL
Indonesia,10/03/2020,273523621,27,NULL,0.0000,NULL
Indonesia,11/03/2020,273523621,34,1,0.0000,2.941176470588235
Indonesia,12/03/2020,273523621,34,1,0.0000,2.941176470588235
Indonesia,13/03/2020,273523621,69,4,0.0000,5.797101449275362
Indonesia,14/03/2020,273523621,96,5,0.0000,5.208333333333334
Indonesia,15/03/2020,273523621,117,5,0.0000,4.273504273504273
Indonesia,16/03/2020,273523621,134,5,0.0000,3.731343283582089
Indonesia,17/03/2020,273523621,172,5,0.0001,2.9069767441860463
Indonesia,18/03/2020,273523621,227,19,0.0001,8.370044052863436
Indonesia,19/03/2020,273523621,311,25,0.0001,8.038585209003216
Indonesia,20/03/2020,273523621,369,32,0.0001,8.672086720867208
Indonesia,21/03/2020,273523621,450,38,0.0002,8.444444444444445
Indonesia,22/03/2020,273523621,514,48,0.0002,9.33852140077821
Indonesia,23/03/2020,273523621,579,49,0.0002,8.46286701208981
Indonesia,24/03/2020,273523621,686,55,0.0003,8.017492711370263
Indonesia,25/03/2020,273523621,790,58,0.0003,7.341772151898734
Indonesia,26/03/2020,273523621,893,78,0.0003,8.734602463605823
Indonesia,27/03/2020,273523621,1046,87,0.0004,8.317399617590821
Indonesia,28/03/2020,273523621,1155,102,0.0004,8.831168831168831
Indonesia,29/03/2020,273523621,1285,114,0.0005,8.8715953307393
Indonesia,30/03/2020,273523621,1414,122,0.0005,8.628005657708627
Indonesia,31/03/2020,273523621,1528,136,0.0006,8.900523560209423
Indonesia,01/04/2020,273523621,1677,157,0.0006,9.36195587358378
Indonesia,02/04/2020,273523621,1790,170,0.0007,9.497206703910614
Indonesia,03/04/2020,273523621,1986,181,0.0007,9.113796576032225
Indonesia,04/04/2020,273523621,2092,191,0.0008,9.13001912045889
Indonesia,05/04/2020,273523621,2273,198,0.0008,8.710954685437748
Indonesia,06/04/2020,273523621,2491,209,0.0009,8.390204737053391
Indonesia,07/04/2020,273523621,2738,221,0.0010,8.071585098612125
Indonesia,08/04/2020,273523621,2956,240,0.0011,8.119079837618404
Indonesia,09/04/2020,273523621,3293,280,0.0012,8.50288490737929
Indonesia,10/04/2020,273523621,3512,306,0.0013,8.712984054669704
Indonesia,11/04/2020,273523621,3842,327,0.0014,8.511192087454452
Indonesia,12/04/2020,273523621,4241,373,0.0016,8.795095496345201
Indonesia,13/04/2020,273523621,4557,399,0.0017,8.755760368663594
Indonesia,14/04/2020,273523621,4839,459,0.0018,9.485430874147552
Indonesia,15/04/2020,273523621,5136,469,0.0019,9.131619937694705
Indonesia,16/04/2020,273523621,5516,496,0.0020,8.992023205221175
Indonesia,17/04/2020,273523621,5923,520,0.0022,8.7793347965558
Indonesia,18/04/2020,273523621,6248,535,0.0023,8.562740076824584
Indonesia,19/04/2020,273523621,6575,582,0.0024,8.85171102661597
Indonesia,20/04/2020,273523621,6760,590,0.0025,8.727810650887575
Indonesia,21/04/2020,273523621,7135,616,0.0026,8.633496846531184
Indonesia,22/04/2020,273523621,7418,635,0.0027,8.56025882987328
Indonesia,23/04/2020,273523621,7775,647,0.0028,8.321543408360128
Indonesia,24/04/2020,273523621,8211,689,0.0030,8.391182559980514
Indonesia,25/04/2020,273523621,8607,720,0.0031,8.365284071104915
Indonesia,26/04/2020,273523621,8882,743,0.0032,8.365233055618104
Indonesia,27/04/2020,273523621,9096,765,0.0033,8.410290237467018
Indonesia,28/04/2020,273523621,9511,773,0.0035,8.12743139522658
Indonesia,29/04/2020,273523621,9771,784,0.0036,8.02374373145021
Indonesia,30/04/2020,273523621,10118,792,0.0037,7.827633919746986
Indonesia,01/05/2020,273523621,10551,800,0.0039,7.582219694815658
Indonesia,02/05/2020,273523621,10843,831,0.0040,7.663930646500046
Indonesia,03/05/2020,273523621,11192,845,0.0041,7.550035739814152
Indonesia,04/05/2020,273523621,11587,864,0.0042,7.456632432898938
Indonesia,05/05/2020,273523621,12071,872,0.0044,7.223925109767211
Indonesia,06/05/2020,273523621,12438,895,0.0045,7.1956906255024915
Indonesia,07/05/2020,273523621,12776,930,0.0047,7.279273638071383
Indonesia,08/05/2020,273523621,13112,943,0.0048,7.191885295912141
Indonesia,09/05/2020,273523621,13645,959,0.0050,7.028215463539758
Indonesia,10/05/2020,273523621,14032,973,0.0051,6.934150513112884
Indonesia,11/05/2020,273523621,14265,991,0.0052,6.947073256221521
Indonesia,12/05/2020,273523621,14749,1007,0.0054,6.82758153095125
Indonesia,13/05/2020,273523621,15438,1028,0.0056,6.658893639072419
Indonesia,14/05/2020,273523621,16006,1043,0.0059,6.516306385105586
Indonesia,15/05/2020,273523621,16496,1076,0.0060,6.522793404461688
Indonesia,16/05/2020,273523621,17025,1089,0.0062,6.39647577092511
Indonesia,17/05/2020,273523621,17514,1148,0.0064,6.554756195043964
Indonesia,18/05/2020,273523621,18010,1191,0.0066,6.612992781787895
Indonesia,19/05/2020,273523621,18496,1221,0.0068,6.601427335640138
Indonesia,20/05/2020,273523621,19189,1242,0.0070,6.472458179165147
Indonesia,21/05/2020,273523621,20162,1278,0.0074,6.33865687927785
Indonesia,22/05/2020,273523621,20796,1326,0.0076,6.376226197345643
Indonesia,23/05/2020,273523621,21745,1351,0.0079,6.212922510922051
Indonesia,24/05/2020,273523621,22271,1372,0.0081,6.160477751335818
Indonesia,25/05/2020,273523621,22750,1391,0.0083,6.114285714285715
Indonesia,26/05/2020,273523621,23165,1418,0.0085,6.121303690913015
Indonesia,27/05/2020,273523621,23851,1473,0.0087,6.175841683786843
Indonesia,28/05/2020,273523621,24538,1496,0.0090,6.0966663949792155
Indonesia,29/05/2020,273523621,25216,1520,0.0092,6.027918781725888
Indonesia,30/05/2020,273523621,25773,1573,0.0094,6.103286384976526
Indonesia,31/05/2020,273523621,26473,1613,0.0097,6.0930004155176976
Indonesia,01/06/2020,273523621,26940,1641,0.0098,6.091314031180401
Indonesia,02/06/2020,273523621,27549,1663,0.0101,6.036516751969218
Indonesia,03/06/2020,273523621,28233,1698,0.0103,6.014238656890872
Indonesia,04/06/2020,273523621,28818,1721,0.0105,5.971961968214311
Indonesia,05/06/2020,273523621,29521,1770,0.0108,5.995731851902035
Indonesia,06/06/2020,273523621,30514,1801,0.0112,5.902208822179983
Indonesia,07/06/2020,273523621,31186,1851,0.0114,5.93535560828577
Indonesia,08/06/2020,273523621,32033,1883,0.0117,5.878312989729341
Indonesia,09/06/2020,273523621,33076,1923,0.0121,5.813883178135204
Indonesia,10/06/2020,273523621,34316,1959,0.0125,5.708707308544119
Indonesia,11/06/2020,273523621,35295,2000,0.0129,5.666525003541578
Indonesia,12/06/2020,273523621,36406,2048,0.0133,5.62544635499643
Indonesia,13/06/2020,273523621,37420,2091,0.0137,5.587920897915553
Indonesia,14/06/2020,273523621,38277,2134,0.0140,5.575149567625467
Indonesia,15/06/2020,273523621,39294,2198,0.0144,5.593729322542882
Indonesia,16/06/2020,273523621,40400,2231,0.0148,5.522277227722772
Indonesia,17/06/2020,273523621,41431,2276,0.0151,5.493471072385412
Indonesia,18/06/2020,273523621,42762,2339,0.0156,5.469809644076516
Indonesia,19/06/2020,273523621,43803,2373,0.0160,5.41743716183823
Indonesia,20/06/2020,273523621,45029,2429,0.0165,5.3943014501765525
Indonesia,21/06/2020,273523621,45891,2465,0.0168,5.3714235906822685
Indonesia,22/06/2020,273523621,46845,2500,0.0171,5.336748852598997
Indonesia,23/06/2020,273523621,47896,2535,0.0175,5.292717554701854
Indonesia,24/06/2020,273523621,49009,2573,0.0179,5.250056112142667
Indonesia,25/06/2020,273523621,50187,2620,0.0183,5.2204754219220115
Indonesia,26/06/2020,273523621,51427,2683,0.0188,5.217103855951153
Indonesia,27/06/2020,273523621,52812,2720,0.0193,5.150344618647277
Indonesia,28/06/2020,273523621,54010,2754,0.0197,5.099055730420292
Indonesia,29/06/2020,273523621,55092,2805,0.0201,5.091483336963624
Indonesia,30/06/2020,273523621,56385,2876,0.0206,5.100647335284206
Indonesia,01/07/2020,273523621,57770,2934,0.0211,5.078760602388783
Indonesia,02/07/2020,273523621,59394,2987,0.0217,5.029127521298447
Indonesia,03/07/2020,273523621,60695,3036,0.0222,5.00205947771645
Indonesia,04/07/2020,273523621,62142,3089,0.0227,4.9708731614688935
Indonesia,05/07/2020,273523621,63749,3171,0.0233,4.9741956736576265
Indonesia,06/07/2020,273523621,64958,3241,0.0237,4.989377751778072
Indonesia,07/07/2020,273523621,66226,3309,0.0242,4.996527043759249
Indonesia,08/07/2020,273523621,68079,3359,0.0249,4.933973765772118
Indonesia,09/07/2020,273523621,70736,3417,0.0259,4.8306378647364845
Indonesia,10/07/2020,273523621,72347,3469,0.0265,4.79494657691404
Indonesia,11/07/2020,273523621,74018,3535,0.0271,4.7758653300548515
Indonesia,12/07/2020,273523621,75699,3606,0.0277,4.763603218008164
Indonesia,13/07/2020,273523621,76981,3656,0.0281,4.749223834452657
Indonesia,14/07/2020,273523621,78572,3710,0.0287,4.721783841572061
Indonesia,15/07/2020,273523621,80094,3797,0.0293,4.7406797013509125
Indonesia,16/07/2020,273523621,81668,3873,0.0299,4.7423715531175
Indonesia,17/07/2020,273523621,83130,3957,0.0304,4.760014435221942
Indonesia,18/07/2020,273523621,84882,4016,0.0310,4.731274003911312
Indonesia,19/07/2020,273523621,86521,4143,0.0316,4.788432866009408
Indonesia,20/07/2020,273523621,88214,4239,0.0323,4.805359693472691
Indonesia,21/07/2020,273523621,89869,4320,0.0329,4.80699685097197
Indonesia,22/07/2020,273523621,91751,4459,0.0335,4.859892535231223
Indonesia,23/07/2020,273523621,93657,4576,0.0342,4.885913492851576
Indonesia,24/07/2020,273523621,95418,4665,0.0349,4.88901465132365
Indonesia,25/07/2020,273523621,97286,4714,0.0356,4.84550706165327
Indonesia,26/07/2020,273523621,98778,4781,0.0361,4.840146591346251
Indonesia,27/07/2020,273523621,100303,4838,0.0367,4.82338514301666
Indonesia,28/07/2020,273523621,102051,4901,0.0373,4.8025007104291
Indonesia,29/07/2020,273523621,104432,4975,0.0382,4.763865481844645
Indonesia,30/07/2020,273523621,106336,5058,0.0389,4.756620523623232
Indonesia,31/07/2020,273523621,108376,5131,0.0396,4.734443050121798
Indonesia,01/08/2020,273523621,109936,5193,0.0402,4.72365740066948
Indonesia,02/08/2020,273523621,111455,5236,0.0407,4.697860122919564
Indonesia,03/08/2020,273523621,113134,5302,0.0414,4.686477981862216
Indonesia,04/08/2020,273523621,115056,5388,0.0421,4.6829370045890695
Indonesia,05/08/2020,273523621,116871,5452,0.0427,4.664972491037126
Indonesia,06/08/2020,273523621,118753,5521,0.0434,4.649145705792695
Indonesia,07/08/2020,273523621,121226,5593,0.0443,4.613696731724218
Indonesia,08/08/2020,273523621,123503,5658,0.0452,4.581265232423504
Indonesia,09/08/2020,273523621,125396,5723,0.0458,4.56394143353855
Indonesia,10/08/2020,273523621,127083,5765,0.0465,4.53640534139106
Indonesia,11/08/2020,273523621,128776,5824,0.0471,4.522581847549232
Indonesia,12/08/2020,273523621,130718,5903,0.0478,4.5158279655441484
Indonesia,13/08/2020,273523621,132816,5968,0.0486,4.493434525960727
Indonesia,14/08/2020,273523621,135123,6021,0.0494,4.455940143424879
Indonesia,15/08/2020,273523621,137468,6071,0.0503,4.4163005208484885
Indonesia,16/08/2020,273523621,139549,6150,0.0510,4.4070541530215195
Indonesia,17/08/2020,273523621,141370,6207,0.0517,4.390606210652897
Indonesia,18/08/2020,273523621,143043,6277,0.0523,4.388190963556413
Indonesia,19/08/2020,273523621,144945,6346,0.0530,4.378212425402738
Indonesia,20/08/2020,273523621,147211,6418,0.0538,4.359728552893466
Indonesia,21/08/2020,273523621,149408,6500,0.0546,4.350503319768687
Indonesia,22/08/2020,273523621,151498,6594,0.0554,4.352532706702399
Indonesia,23/08/2020,273523621,153535,6680,0.0561,4.350799491972515
Indonesia,24/08/2020,273523621,155412,6759,0.0568,4.349085012740328
Indonesia,25/08/2020,273523621,157859,6858,0.0577,4.344383278748757
Indonesia,26/08/2020,273523621,160165,6944,0.0586,4.335528985733463
Indonesia,27/08/2020,273523621,162884,7064,0.0596,4.336828663343238
Indonesia,28/08/2020,273523621,165887,7169,0.0606,4.321616522090339
Indonesia,29/08/2020,273523621,169195,7261,0.0619,4.291497975708502
Indonesia,30/08/2020,273523621,172053,7343,0.0629,4.267870946743154
Indonesia,31/08/2020,273523621,174796,7417,0.0639,4.243232110574613
Indonesia,01/09/2020,273523621,177571,7505,0.0649,4.226478422715421
Indonesia,02/09/2020,273523621,180646,7616,0.0660,4.215980425805165
Indonesia,03/09/2020,273523621,184268,7750,0.0674,4.205830637983806
Indonesia,04/09/2020,273523621,187537,7832,0.0686,4.176242554802519
Indonesia,05/09/2020,273523621,190665,7940,0.0697,4.164372066189389
Indonesia,06/09/2020,273523621,194109,8025,0.0710,4.134275072253218
Indonesia,07/09/2020,273523621,196989,8130,0.0720,4.127134002406225
Indonesia,08/09/2020,273523621,200035,8230,0.0731,4.114280000999825
Indonesia,09/09/2020,273523621,203342,8336,0.0743,4.099497398471541
Indonesia,10/09/2020,273523621,207203,8456,0.0758,4.081021992924813
Indonesia,11/09/2020,273523621,210940,8544,0.0771,4.050440883663601
Indonesia,12/09/2020,273523621,214746,8650,0.0785,4.028014491538841
Indonesia,13/09/2020,273523621,218382,8723,0.0798,3.9943768259288768
Indonesia,14/09/2020,273523621,221523,8841,0.0810,3.99100770574613
Indonesia,15/09/2020,273523621,225030,8965,0.0823,3.9839132560103097
Indonesia,16/09/2020,273523621,228993,9100,0.0837,3.973920600193019
Indonesia,17/09/2020,273523621,232628,9222,0.0850,3.964269133552281
Indonesia,18/09/2020,273523621,236519,9336,0.0865,3.94725159500928
Indonesia,19/09/2020,273523621,240687,9448,0.0880,3.9254301229397512
Indonesia,20/09/2020,273523621,244676,9553,0.0895,3.904346973139989
Indonesia,21/09/2020,273523621,248852,9677,0.0910,3.8886567116197575
Indonesia,22/09/2020,273523621,252923,9837,0.0925,3.889326000403285
Indonesia,23/09/2020,273523621,257388,9977,0.0941,3.8762490869815225
Indonesia,24/09/2020,273523621,262022,10105,0.0958,3.8565463968674383
Indonesia,25/09/2020,273523621,266845,10218,0.0976,3.8291892297026364
Indonesia,26/09/2020,273523621,271339,10308,0.0992,3.7989378600201227
Indonesia,27/09/2020,273523621,275213,10386,0.1006,3.7738042897682886
Indonesia,28/09/2020,273523621,278722,10473,0.1019,3.7575074805720394
Indonesia,29/09/2020,273523621,282724,10601,0.1034,3.749593242879982
Indonesia,30/09/2020,273523621,287008,10740,0.1049,3.7420559705652807
Indonesia,01/10/2020,273523621,291182,10856,0.1065,3.7282524331861175
Indonesia,02/10/2020,273523621,295499,10972,0.1080,3.7130413300891036
Indonesia,03/10/2020,273523621,299506,11055,0.1095,3.691077975065608
Indonesia,04/10/2020,273523621,303498,11151,0.1110,3.674159302532471
Indonesia,05/10/2020,273523621,307120,11253,0.1123,3.6640401146131802
Indonesia,06/10/2020,273523621,311176,11374,0.1138,3.655166208190863
Indonesia,07/10/2020,273523621,315714,11472,0.1154,3.6336684467587754
Indonesia,08/10/2020,273523621,320564,11580,0.1172,3.6123831746546706
Indonesia,09/10/2020,273523621,324658,11677,0.1187,3.596707920334629
Indonesia,10/10/2020,273523621,328952,11765,0.1203,3.57650964274423
Indonesia,11/10/2020,273523621,333449,11844,0.1219,3.551967467288851
Indonesia,12/10/2020,273523621,336716,11935,0.1231,3.544530108459355
Indonesia,13/10/2020,273523621,340622,12027,0.1245,3.5308934830985668
Indonesia,14/10/2020,273523621,344749,12156,0.1260,3.5260435853330976
Indonesia,15/10/2020,273523621,349160,12268,0.1277,3.5135754381945237
Indonesia,16/10/2020,273523621,353461,12347,0.1292,3.4931718067905653
Indonesia,17/10/2020,273523621,357762,12431,0.1308,3.474656335776298
Indonesia,18/10/2020,273523621,361867,12511,0.1323,3.4573475890313294
Indonesia,19/10/2020,273523621,365240,12617,0.1335,3.45444091556237
Indonesia,20/10/2020,273523621,368842,12734,0.1348,3.4524267843683747
Indonesia,21/10/2020,273523621,373109,12857,0.1364,3.44590990836458
Indonesia,22/10/2020,273523621,377541,12959,0.1380,3.432474883522584
Indonesia,23/10/2020,273523621,381910,13077,0.1396,3.424105155664947
Indonesia,24/10/2020,273523621,385980,13205,0.1411,3.421161718223742
Indonesia,25/10/2020,273523621,389712,13299,0.1425,3.4125200147801453
Indonesia,26/10/2020,273523621,392934,13411,0.1437,3.413041375905369
Indonesia,27/10/2020,273523621,396454,13512,0.1449,3.408213815474179
Indonesia,28/10/2020,273523621,400483,13612,0.1464,3.3988958332813133
Indonesia,29/10/2020,273523621,404048,13701,0.1477,3.3909337504454915
Indonesia,30/10/2020,273523621,406945,13782,0.1488,3.3866984481932447
Indonesia,31/10/2020,273523621,410088,13869,0.1499,3.3819570433663015
Indonesia,01/11/2020,273523621,412784,13943,0.1509,3.3777956509942246
Indonesia,02/11/2020,273523621,415402,14044,0.1519,3.3808214693236915
Indonesia,03/11/2020,273523621,418375,14146,0.1530,3.381177173588288
Indonesia,04/11/2020,273523621,421731,14259,0.1542,3.381065181359682
Indonesia,05/11/2020,273523621,425796,14348,0.1557,3.3696887711486254
Indonesia,06/11/2020,273523621,429574,14442,0.1571,3.361935312658587
Indonesia,07/11/2020,273523621,433836,14540,0.1586,3.3514968790049697
Indonesia,08/11/2020,273523621,437716,14614,0.1600,3.338694495974559
Indonesia,09/11/2020,273523621,440569,14689,0.1611,3.334097496646382
Indonesia,10/11/2020,273523621,444348,14761,0.1625,3.3219458622521083
Indonesia,11/11/2020,273523621,448118,14836,0.1638,3.310735118874939
Indonesia,12/11/2020,273523621,452291,14933,0.1654,3.3016354515124116
Indonesia,13/11/2020,273523621,457735,15037,0.1673,3.2850885337586155
Indonesia,14/11/2020,273523621,463007,15148,0.1693,3.2716568000051836
Indonesia,15/11/2020,273523621,467113,15211,0.1708,3.2563854998683404
Indonesia,16/11/2020,273523621,470648,15296,0.1721,3.2499872516190442
Indonesia,17/11/2020,273523621,474455,15393,0.1735,3.2443540483291358
Indonesia,18/11/2020,273523621,478720,15503,0.1750,3.2384274732620324
Indonesia,19/11/2020,273523621,483518,15600,0.1768,3.2263535173457862
Indonesia,20/11/2020,273523621,488310,15678,0.1785,3.2106653560238376
Indonesia,21/11/2020,273523621,493308,15774,0.1804,3.197596633340631
Indonesia,22/11/2020,273523621,497668,15884,0.1819,3.1916860236141362
Indonesia,23/11/2020,273523621,502110,16002,0.1836,3.1869510664993723
Indonesia,24/11/2020,273523621,506302,16111,0.1851,3.1820929010748524
Indonesia,25/11/2020,273523621,511836,16225,0.1871,3.169960690533687
Indonesia,26/11/2020,273523621,516753,16352,0.1889,3.1643744690403346
Indonesia,27/11/2020,273523621,522581,16521,0.1911,3.1614237792801503
Indonesia,28/11/2020,273523621,527999,16646,0.1930,3.152657486093724
Indonesia,29/11/2020,273523621,534266,16815,0.1953,3.147308644008789
Indonesia,30/11/2020,273523621,538883,16945,0.1970,3.1444673519112682
Indonesia,01/12/2020,273523621,543975,17081,0.1989,3.1400340089158507
Indonesia,02/12/2020,273523621,549508,17199,0.2009,3.1298907386243697
Indonesia,03/12/2020,273523621,557877,17355,0.2040,3.1109007899590773
Indonesia,04/12/2020,273523621,563680,17479,0.2061,3.1008728356514337
Indonesia,05/12/2020,273523621,569707,17589,0.2083,3.0873764935308854
Indonesia,06/12/2020,273523621,575796,17740,0.2105,3.080952281710884
Indonesia,07/12/2020,273523621,581550,17867,0.2126,3.0723067664001373
Indonesia,08/12/2020,273523621,586842,18000,0.2145,3.0672651241731166
Indonesia,09/12/2020,273523621,592900,18171,0.2168,3.06476640242874
Indonesia,10/12/2020,273523621,598933,18336,0.2190,3.061444268390621
Indonesia,11/12/2020,273523621,605243,18511,0.2213,3.058440989817313
Indonesia,12/12/2020,273523621,611631,18653,0.2236,3.04971461551164
Indonesia,13/12/2020,273523621,617820,18819,0.2259,3.0460328250946875
Indonesia,14/12/2020,273523621,623309,18956,0.2279,3.041188238899166
Indonesia,15/12/2020,273523621,629429,19111,0.2301,3.0362439607962135
Indonesia,16/12/2020,273523621,636154,19248,0.2326,3.0256824605362853
Indonesia,17/12/2020,273523621,643508,19390,0.2353,3.013171553422801
Indonesia,18/12/2020,273523621,650197,19514,0.2377,3.0012442382847047
Indonesia,19/12/2020,273523621,657948,19659,0.2405,2.9879260975031463
Indonesia,20/12/2020,273523621,664930,19880,0.2431,2.9897883987788187
Indonesia,21/12/2020,273523621,671778,20085,0.2456,2.9898269964184596
Indonesia,22/12/2020,273523621,678125,20257,0.2479,2.9872073732718896
Indonesia,23/12/2020,273523621,685639,20408,0.2507,2.976493460844555
Indonesia,24/12/2020,273523621,692838,20589,0.2533,2.971690351857144
Indonesia,25/12/2020,273523621,700097,20847,0.2560,2.9777302288111507
Indonesia,26/12/2020,273523621,706837,20994,0.2584,2.9701331424359507
Indonesia,27/12/2020,273523621,713365,21237,0.2608,2.9770173753968865
Indonesia,28/12/2020,273523621,719219,21452,0.2629,2.9826798235308023
Indonesia,29/12/2020,273523621,727122,21703,0.2658,2.9847810958821217
Indonesia,30/12/2020,273523621,735124,21944,0.2688,2.9850746268656714
Indonesia,31/12/2020,273523621,743198,22138,0.2717,2.978748597278249
Indonesia,01/01/2021,273523621,751270,22329,0.2747,2.9721671303259813
Indonesia,02/01/2021,273523621,758473,22555,0.2773,2.9737380236343287
Indonesia,03/01/2021,273523621,765350,22734,0.2798,2.9704056967400536
Indonesia,04/01/2021,273523621,772103,22911,0.2823,2.9673502110469716
Indonesia,05/01/2021,273523621,779548,23109,0.2850,2.964410145366289
Indonesia,06/01/2021,273523621,788402,23296,0.2882,2.954837760431861
Indonesia,07/01/2021,273523621,797723,23520,0.2916,2.9483918603324715
Indonesia,08/01/2021,273523621,808340,23753,0.2955,2.938491228938318
Indonesia,09/01/2021,273523621,818386,23947,0.2992,2.9261253247245187
Indonesia,10/01/2021,273523621,828026,24129,0.3027,2.9140389311446744
Indonesia,11/01/2021,273523621,836718,24343,0.3059,2.909343410802684
Indonesia,12/01/2021,273523621,846765,24645,0.3096,2.910488742449204
Indonesia,13/01/2021,273523621,858043,24951,0.3137,2.9078962243150985
Indonesia,14/01/2021,273523621,869600,25246,0.3179,2.9031738730450782
Indonesia,15/01/2021,273523621,882418,25484,0.3226,2.887973726737215
Indonesia,16/01/2021,273523621,896642,25767,0.3278,2.873722176743896
Indonesia,17/01/2021,273523621,907929,25987,0.3319,2.8622282138801602
Indonesia,18/01/2021,273523621,917015,26282,0.3353,2.8660381782195494
Indonesia,19/01/2021,273523621,927380,26590,0.3390,2.8672173219176607
Indonesia,20/01/2021,273523621,939948,26857,0.3436,2.857285722188887
Indonesia,21/01/2021,273523621,951651,27203,0.3479,2.8585059018484715
Indonesia,22/01/2021,273523621,965283,27453,0.3529,2.8440364121195545
Indonesia,23/01/2021,273523621,977474,27664,0.3574,2.8301520040430743
Indonesia,24/01/2021,273523621,989262,27835,0.3617,2.8137136572515673
Indonesia,25/01/2021,273523621,999256,28132,0.3653,2.8152945791669004
Indonesia,26/01/2021,273523621,1012350,28468,0.3701,2.8120709240875192
Indonesia,27/01/2021,273523621,1024298,28855,0.3745,2.817051287808821
Indonesia,28/01/2021,273523621,1037993,29331,0.3795,2.8257415994134836
Indonesia,29/01/2021,273523621,1051795,29518,0.3845,2.806440418522621
Indonesia,30/01/2021,273523621,1066313,29728,0.3898,2.787924371174318
Indonesia,31/01/2021,273523621,1078314,29998,0.3942,2.7819355030167467
Indonesia,01/02/2021,273523621,1089308,30277,0.3983,2.779471003609631
Indonesia,02/02/2021,273523621,1099687,30581,0.4020,2.780882196479544
Indonesia,03/02/2021,273523621,1111671,30770,0.4064,2.7679052525432435
Indonesia,04/02/2021,273523621,1123105,31001,0.4106,2.7602940063484716
Indonesia,05/02/2021,273523621,1134854,31202,0.4149,2.7494285608545237
Indonesia,06/02/2021,273523621,1147010,31393,0.4193,2.7369421365114515
Indonesia,07/02/2021,273523621,1157837,31556,0.4233,2.7254268087822378
Indonesia,08/02/2021,273523621,1166079,31763,0.4263,2.7239149320071796
Indonesia,09/02/2021,273523621,1174779,31976,0.4295,2.7218736460219324
Indonesia,10/02/2021,273523621,1183555,32167,0.4327,2.717828913738694
Indonesia,11/02/2021,273523621,1191990,32381,0.4358,2.7165496354835192
Indonesia,12/02/2021,273523621,1201859,32656,0.4394,2.7171240553176372
Indonesia,13/02/2021,273523621,1210703,32936,0.4426,2.720402939449229
Indonesia,14/02/2021,273523621,1217468,33183,0.4451,2.7255747173642346
Indonesia,15/02/2021,273523621,1223930,33367,0.4475,2.726218002663551
Indonesia,16/02/2021,273523621,1233959,33596,0.4511,2.7226188228296078
Indonesia,17/02/2021,273523621,1243646,33788,0.4547,2.7168502934114693
Indonesia,18/02/2021,273523621,1252685,33969,0.4580,2.7116952785416926
Indonesia,19/02/2021,273523621,1263299,34152,0.4619,2.7033980079141995
Indonesia,20/02/2021,273523621,1271353,34316,0.4648,2.6991716698666695
Indonesia,21/02/2021,273523621,1278653,34489,0.4675,2.697291602960303
Indonesia,22/02/2021,273523621,1288833,34691,0.4712,2.6916598193869956
Indonesia,23/02/2021,273523621,1298608,35014,0.4748,2.6962717001589396
Indonesia,24/02/2021,273523621,1306141,35254,0.4775,2.6990960394015655
Indonesia,25/02/2021,273523621,1314634,35518,0.4806,2.7017405604906006
Indonesia,26/02/2021,273523621,1322866,35786,0.4836,2.7051870711016837
Indonesia,27/02/2021,273523621,1329074,35981,0.4859,2.707223224590956
Indonesia,28/02/2021,273523621,1334634,36166,0.4879,2.7098065836776226
Indonesia,01/03/2021,273523621,1341314,36325,0.4904,2.708165276736096
Indonesia,02/03/2021,273523621,1347026,36518,0.4925,2.7110092900953657
Indonesia,03/03/2021,273523621,1353834,36721,0.4950,2.712370940602762
Indonesia,04/03/2021,273523621,1361098,36897,0.4976,2.7108261124474504
Indonesia,05/03/2021,273523621,1368069,37026,0.5002,2.7064424382103534
Indonesia,06/03/2021,273523621,1373836,37154,0.5023,2.704398487155672
Indonesia,07/03/2021,273523621,1379662,37266,0.5044,2.7010963554841694
Indonesia,08/03/2021,273523621,1386556,37547,0.5069,2.7079324599944035
Indonesia,09/03/2021,273523621,1392945,37757,0.5093,2.7105879988082804
Indonesia,10/03/2021,273523621,1398578,37932,0.5113,2.7121833748278608
Indonesia,11/03/2021,273523621,1403722,38049,0.5132,2.7105794452177854
Indonesia,12/03/2021,273523621,1410134,38229,0.5155,2.71101895280874
Indonesia,13/03/2021,273523621,1414741,38329,0.5172,2.7092591506148476
Indonesia,14/03/2021,273523621,1419455,38426,0.5190,2.7070953288409987
Indonesia,15/03/2021,273523621,1425044,38573,0.5210,2.706793614793648
Indonesia,16/03/2021,273523621,1430458,38753,0.5230,2.7091323198583948
Indonesia,17/03/2021,273523621,1437283,38915,0.5255,2.7075391554759918
Indonesia,18/03/2021,273523621,1443853,39142,0.5279,2.7109407952194577
Indonesia,19/03/2021,273523621,1450132,39339,0.5302,2.7127875255493983
Indonesia,20/03/2021,273523621,1455788,39447,0.5322,2.70966651737753
Indonesia,21/03/2021,273523621,1460184,39550,0.5338,2.7085627564745267
Indonesia,22/03/2021,273523621,1465928,39711,0.5359,2.7089324987311794
Indonesia,23/03/2021,273523621,1471225,39865,0.5379,2.7096467229689543
Indonesia,24/03/2021,273523621,1476452,39983,0.5398,2.7080460455199358
Indonesia,25/03/2021,273523621,1482559,40081,0.5420,2.7035011760071606
Indonesia,26/03/2021,273523621,1487541,40166,0.5438,2.7001608695155292
Indonesia,27/03/2021,273523621,1492002,40364,0.5455,2.7053583038092444
Indonesia,28/03/2021,273523621,1496085,40449,0.5470,2.7036565435787403
Indonesia,29/03/2021,273523621,1501093,40581,0.5488,2.7034301006000296
Indonesia,30/03/2021,273523621,1505775,40754,0.5505,2.706513257292756
Indonesia,31/03/2021,273523621,1511712,40858,0.5527,2.7027634893418853
Indonesia,01/04/2021,273523621,1517854,41054,0.5549,2.7047397180492987
Indonesia,02/04/2021,273523621,1523179,41151,0.5569,2.7016522680525403
Indonesia,03/04/2021,273523621,1527524,41242,0.5585,2.6999248456980056
Indonesia,04/04/2021,273523621,1534255,41669,0.5609,2.71591097959596
Indonesia,05/04/2021,273523621,1537967,41815,0.5623,2.718848974002693
Indonesia,06/04/2021,273523621,1542516,41977,0.5639,2.721333198488703
Indonesia,07/04/2021,273523621,1547376,42064,0.5657,2.7184084540538307
Indonesia,08/04/2021,273523621,1552880,42227,0.5677,2.7192700015455156
Indonesia,09/04/2021,273523621,1558145,42348,0.5697,2.717847183670326
Indonesia,10/04/2021,273523621,1562868,42443,0.5714,2.7157123954166313
Indonesia,11/04/2021,273523621,1566995,42530,0.5729,2.7141120424762044
Indonesia,12/04/2021,273523621,1571824,42656,0.5747,2.7137898390659516
Indonesia,13/04/2021,273523621,1577526,42782,0.5767,2.711967980242481
Indonesia,14/04/2021,273523621,1583182,42906,0.5788,2.7101116611987757
Indonesia,15/04/2021,273523621,1589359,43073,0.5811,2.710086267482677
Indonesia,16/04/2021,273523621,1594722,43196,0.5830,2.7086852755527295
Indonesia,17/04/2021,273523621,1599763,43328,0.5849,2.7084011819250726
Indonesia,18/04/2021,273523621,1604348,43424,0.5865,2.7066446930466457
Indonesia,19/04/2021,273523621,1609300,43567,0.5884,2.707201889020071
Indonesia,20/04/2021,273523621,1614849,43777,0.5904,2.7109036200907948
Indonesia,21/04/2021,273523621,1620569,44007,0.5925,2.7155276942851554
Indonesia,22/04/2021,273523621,1626812,44172,0.5948,2.715249211340954
Indonesia,23/04/2021,273523621,1632248,44346,0.5967,2.7168665545921944
Indonesia,24/04/2021,273523621,1636792,44500,0.5984,2.718732740629231
Indonesia,25/04/2021,273523621,1641194,44594,0.6000,2.71716811053416
Indonesia,26/04/2021,273523621,1647138,44771,0.6022,2.718108622349797
Indonesia,27/04/2021,273523621,1651794,44939,0.6039,2.7206177041447055
Indonesia,28/04/2021,273523621,1657035,45116,0.6058,2.7226944512336795
Indonesia,29/04/2021,273523621,1662868,45334,0.6079,2.7262536773814876
Indonesia,30/04/2021,273523621,1668368,45521,0.6100,2.728474772951771
Laos,24/03/2020,7275556,2,NULL,0.0000,NULL
Laos,25/03/2020,7275556,3,NULL,0.0000,NULL
Laos,26/03/2020,7275556,6,NULL,0.0001,NULL
Laos,27/03/2020,7275556,6,NULL,0.0001,NULL
Laos,28/03/2020,7275556,8,NULL,0.0001,NULL
Laos,29/03/2020,7275556,8,NULL,0.0001,NULL
Laos,30/03/2020,7275556,8,NULL,0.0001,NULL
Laos,31/03/2020,7275556,9,NULL,0.0001,NULL
Laos,01/04/2020,7275556,10,NULL,0.0001,NULL
Laos,02/04/2020,7275556,10,NULL,0.0001,NULL
Laos,03/04/2020,7275556,10,NULL,0.0001,NULL
Laos,04/04/2020,7275556,10,NULL,0.0001,NULL
Laos,05/04/2020,7275556,11,NULL,0.0002,NULL
Laos,06/04/2020,7275556,12,NULL,0.0002,NULL
Laos,07/04/2020,7275556,14,NULL,0.0002,NULL
Laos,08/04/2020,7275556,15,NULL,0.0002,NULL
Laos,09/04/2020,7275556,16,NULL,0.0002,NULL
Laos,10/04/2020,7275556,16,NULL,0.0002,NULL
Laos,11/04/2020,7275556,18,NULL,0.0002,NULL
Laos,12/04/2020,7275556,19,NULL,0.0003,NULL
Laos,13/04/2020,7275556,19,NULL,0.0003,NULL
Laos,14/04/2020,7275556,19,NULL,0.0003,NULL
Laos,15/04/2020,7275556,19,NULL,0.0003,NULL
Laos,16/04/2020,7275556,19,NULL,0.0003,NULL
Laos,17/04/2020,7275556,19,NULL,0.0003,NULL
Laos,18/04/2020,7275556,19,NULL,0.0003,NULL
Laos,19/04/2020,7275556,19,NULL,0.0003,NULL
Laos,20/04/2020,7275556,19,NULL,0.0003,NULL
Laos,21/04/2020,7275556,19,NULL,0.0003,NULL
Laos,22/04/2020,7275556,19,NULL,0.0003,NULL
Laos,23/04/2020,7275556,19,NULL,0.0003,NULL
Laos,24/04/2020,7275556,19,NULL,0.0003,NULL
Laos,25/04/2020,7275556,19,NULL,0.0003,NULL
Laos,26/04/2020,7275556,19,NULL,0.0003,NULL
Laos,27/04/2020,7275556,19,NULL,0.0003,NULL
Laos,28/04/2020,7275556,19,NULL,0.0003,NULL
Laos,29/04/2020,7275556,19,NULL,0.0003,NULL
Laos,30/04/2020,7275556,19,NULL,0.0003,NULL
Laos,01/05/2020,7275556,19,NULL,0.0003,NULL
Laos,02/05/2020,7275556,19,NULL,0.0003,NULL
Laos,03/05/2020,7275556,19,NULL,0.0003,NULL
Laos,04/05/2020,7275556,19,NULL,0.0003,NULL
Laos,05/05/2020,7275556,19,NULL,0.0003,NULL
Laos,06/05/2020,7275556,19,NULL,0.0003,NULL
Laos,07/05/2020,7275556,19,NULL,0.0003,NULL
Laos,08/05/2020,7275556,19,NULL,0.0003,NULL
Laos,09/05/2020,7275556,19,NULL,0.0003,NULL
Laos,10/05/2020,7275556,19,NULL,0.0003,NULL
Laos,11/05/2020,7275556,19,NULL,0.0003,NULL
Laos,12/05/2020,7275556,19,NULL,0.0003,NULL
Laos,13/05/2020,7275556,19,NULL,0.0003,NULL
Laos,14/05/2020,7275556,19,NULL,0.0003,NULL
Laos,15/05/2020,7275556,19,NULL,0.0003,NULL
Laos,16/05/2020,7275556,19,NULL,0.0003,NULL
Laos,17/05/2020,7275556,19,NULL,0.0003,NULL
Laos,18/05/2020,7275556,19,NULL,0.0003,NULL
Laos,19/05/2020,7275556,19,NULL,0.0003,NULL
Laos,20/05/2020,7275556,19,NULL,0.0003,NULL
Laos,21/05/2020,7275556,19,NULL,0.0003,NULL
Laos,22/05/2020,7275556,19,NULL,0.0003,NULL
Laos,23/05/2020,7275556,19,NULL,0.0003,NULL
Laos,24/05/2020,7275556,19,NULL,0.0003,NULL
Laos,25/05/2020,7275556,19,NULL,0.0003,NULL
Laos,26/05/2020,7275556,19,NULL,0.0003,NULL
Laos,27/05/2020,7275556,19,NULL,0.0003,NULL
Laos,28/05/2020,7275556,19,NULL,0.0003,NULL
Laos,29/05/2020,7275556,19,NULL,0.0003,NULL
Laos,30/05/2020,7275556,19,NULL,0.0003,NULL
Laos,31/05/2020,7275556,19,NULL,0.0003,NULL
Laos,01/06/2020,7275556,19,NULL,0.0003,NULL
Laos,02/06/2020,7275556,19,NULL,0.0003,NULL
Laos,03/06/2020,7275556,19,NULL,0.0003,NULL
Laos,04/06/2020,7275556,19,NULL,0.0003,NULL
Laos,05/06/2020,7275556,19,NULL,0.0003,NULL
Laos,06/06/2020,7275556,19,NULL,0.0003,NULL
Laos,07/06/2020,7275556,19,NULL,0.0003,NULL
Laos,08/06/2020,7275556,19,NULL,0.0003,NULL
Laos,09/06/2020,7275556,19,NULL,0.0003,NULL
Laos,10/06/2020,7275556,19,NULL,0.0003,NULL
Laos,11/06/2020,7275556,19,NULL,0.0003,NULL
Laos,12/06/2020,7275556,19,NULL,0.0003,NULL
Laos,13/06/2020,7275556,19,NULL,0.0003,NULL
Laos,14/06/2020,7275556,19,NULL,0.0003,NULL
Laos,15/06/2020,7275556,19,NULL,0.0003,NULL
Laos,16/06/2020,7275556,19,NULL,0.0003,NULL
Laos,17/06/2020,7275556,19,NULL,0.0003,NULL
Laos,18/06/2020,7275556,19,NULL,0.0003,NULL
Laos,19/06/2020,7275556,19,NULL,0.0003,NULL
Laos,20/06/2020,7275556,19,NULL,0.0003,NULL
Laos,21/06/2020,7275556,19,NULL,0.0003,NULL
Laos,22/06/2020,7275556,19,NULL,0.0003,NULL
Laos,23/06/2020,7275556,19,NULL,0.0003,NULL
Laos,24/06/2020,7275556,19,NULL,0.0003,NULL
Laos,25/06/2020,7275556,19,NULL,0.0003,NULL
Laos,26/06/2020,7275556,19,NULL,0.0003,NULL
Laos,27/06/2020,7275556,19,NULL,0.0003,NULL
Laos,28/06/2020,7275556,19,NULL,0.0003,NULL
Laos,29/06/2020,7275556,19,NULL,0.0003,NULL
Laos,30/06/2020,7275556,19,NULL,0.0003,NULL
Laos,01/07/2020,7275556,19,NULL,0.0003,NULL
Laos,02/07/2020,7275556,19,NULL,0.0003,NULL
Laos,03/07/2020,7275556,19,NULL,0.0003,NULL
Laos,04/07/2020,7275556,19,NULL,0.0003,NULL
Laos,05/07/2020,7275556,19,NULL,0.0003,NULL
Laos,06/07/2020,7275556,19,NULL,0.0003,NULL
Laos,07/07/2020,7275556,19,NULL,0.0003,NULL
Laos,08/07/2020,7275556,19,NULL,0.0003,NULL
Laos,09/07/2020,7275556,19,NULL,0.0003,NULL
Laos,10/07/2020,7275556,19,NULL,0.0003,NULL
Laos,11/07/2020,7275556,19,NULL,0.0003,NULL
Laos,12/07/2020,7275556,19,NULL,0.0003,NULL
Laos,13/07/2020,7275556,19,NULL,0.0003,NULL
Laos,14/07/2020,7275556,19,NULL,0.0003,NULL
Laos,15/07/2020,7275556,19,NULL,0.0003,NULL
Laos,16/07/2020,7275556,19,NULL,0.0003,NULL
Laos,17/07/2020,7275556,19,NULL,0.0003,NULL
Laos,18/07/2020,7275556,19,NULL,0.0003,NULL
Laos,19/07/2020,7275556,19,NULL,0.0003,NULL
Laos,20/07/2020,7275556,19,NULL,0.0003,NULL
Laos,21/07/2020,7275556,19,NULL,0.0003,NULL
Laos,22/07/2020,7275556,19,NULL,0.0003,NULL
Laos,23/07/2020,7275556,19,NULL,0.0003,NULL
Laos,24/07/2020,7275556,20,NULL,0.0003,NULL
Laos,25/07/2020,7275556,20,NULL,0.0003,NULL
Laos,26/07/2020,7275556,20,NULL,0.0003,NULL
Laos,27/07/2020,7275556,20,NULL,0.0003,NULL
Laos,28/07/2020,7275556,20,NULL,0.0003,NULL
Laos,29/07/2020,7275556,20,NULL,0.0003,NULL
Laos,30/07/2020,7275556,20,NULL,0.0003,NULL
Laos,31/07/2020,7275556,20,NULL,0.0003,NULL
Laos,01/08/2020,7275556,20,NULL,0.0003,NULL
Laos,02/08/2020,7275556,20,NULL,0.0003,NULL
Laos,03/08/2020,7275556,20,NULL,0.0003,NULL
Laos,04/08/2020,7275556,20,NULL,0.0003,NULL
Laos,05/08/2020,7275556,20,NULL,0.0003,NULL
Laos,06/08/2020,7275556,20,NULL,0.0003,NULL
Laos,07/08/2020,7275556,20,NULL,0.0003,NULL
Laos,08/08/2020,7275556,20,NULL,0.0003,NULL
Laos,09/08/2020,7275556,20,NULL,0.0003,NULL
Laos,10/08/2020,7275556,20,NULL,0.0003,NULL
Laos,11/08/2020,7275556,20,NULL,0.0003,NULL
Laos,12/08/2020,7275556,20,NULL,0.0003,NULL
Laos,13/08/2020,7275556,20,NULL,0.0003,NULL
Laos,14/08/2020,7275556,22,NULL,0.0003,NULL
Laos,15/08/2020,7275556,22,NULL,0.0003,NULL
Laos,16/08/2020,7275556,22,NULL,0.0003,NULL
Laos,17/08/2020,7275556,22,NULL,0.0003,NULL
Laos,18/08/2020,7275556,22,NULL,0.0003,NULL
Laos,19/08/2020,7275556,22,NULL,0.0003,NULL
Laos,20/08/2020,7275556,22,NULL,0.0003,NULL
Laos,21/08/2020,7275556,22,NULL,0.0003,NULL
Laos,22/08/2020,7275556,22,NULL,0.0003,NULL
Laos,23/08/2020,7275556,22,NULL,0.0003,NULL
Laos,24/08/2020,7275556,22,NULL,0.0003,NULL
Laos,25/08/2020,7275556,22,NULL,0.0003,NULL
Laos,26/08/2020,7275556,22,NULL,0.0003,NULL
Laos,27/08/2020,7275556,22,NULL,0.0003,NULL
Laos,28/08/2020,7275556,22,NULL,0.0003,NULL
Laos,29/08/2020,7275556,22,NULL,0.0003,NULL
Laos,30/08/2020,7275556,22,NULL,0.0003,NULL
Laos,31/08/2020,7275556,22,NULL,0.0003,NULL
Laos,01/09/2020,7275556,22,NULL,0.0003,NULL
Laos,02/09/2020,7275556,22,NULL,0.0003,NULL
Laos,03/09/2020,7275556,22,NULL,0.0003,NULL
Laos,04/09/2020,7275556,22,NULL,0.0003,NULL
Laos,05/09/2020,7275556,22,NULL,0.0003,NULL
Laos,06/09/2020,7275556,22,NULL,0.0003,NULL
Laos,07/09/2020,7275556,22,NULL,0.0003,NULL
Laos,08/09/2020,7275556,22,NULL,0.0003,NULL
Laos,09/09/2020,7275556,22,NULL,0.0003,NULL
Laos,10/09/2020,7275556,22,NULL,0.0003,NULL
Laos,11/09/2020,7275556,23,NULL,0.0003,NULL
Laos,12/09/2020,7275556,23,NULL,0.0003,NULL
Laos,13/09/2020,7275556,23,NULL,0.0003,NULL
Laos,14/09/2020,7275556,23,NULL,0.0003,NULL
Laos,15/09/2020,7275556,23,NULL,0.0003,NULL
Laos,16/09/2020,7275556,23,NULL,0.0003,NULL
Laos,17/09/2020,7275556,23,NULL,0.0003,NULL
Laos,18/09/2020,7275556,23,NULL,0.0003,NULL
Laos,19/09/2020,7275556,23,NULL,0.0003,NULL
Laos,20/09/2020,7275556,23,NULL,0.0003,NULL
Laos,21/09/2020,7275556,23,NULL,0.0003,NULL
Laos,22/09/2020,7275556,23,NULL,0.0003,NULL
Laos,23/09/2020,7275556,23,NULL,0.0003,NULL
Laos,24/09/2020,7275556,23,NULL,0.0003,NULL
Laos,25/09/2020,7275556,23,NULL,0.0003,NULL
Laos,26/09/2020,7275556,23,NULL,0.0003,NULL
Laos,27/09/2020,7275556,23,NULL,0.0003,NULL
Laos,28/09/2020,7275556,23,NULL,0.0003,NULL
Laos,29/09/2020,7275556,23,NULL,0.0003,NULL
Laos,30/09/2020,7275556,23,NULL,0.0003,NULL
Laos,01/10/2020,7275556,23,NULL,0.0003,NULL
Laos,02/10/2020,7275556,23,NULL,0.0003,NULL
Laos,03/10/2020,7275556,23,NULL,0.0003,NULL
Laos,04/10/2020,7275556,23,NULL,0.0003,NULL
Laos,05/10/2020,7275556,23,NULL,0.0003,NULL
Laos,06/10/2020,7275556,23,NULL,0.0003,NULL
Laos,07/10/2020,7275556,23,NULL,0.0003,NULL
Laos,08/10/2020,7275556,23,NULL,0.0003,NULL
Laos,09/10/2020,7275556,23,NULL,0.0003,NULL
Laos,10/10/2020,7275556,23,NULL,0.0003,NULL
Laos,11/10/2020,7275556,23,NULL,0.0003,NULL
Laos,12/10/2020,7275556,23,NULL,0.0003,NULL
Laos,13/10/2020,7275556,23,NULL,0.0003,NULL
Laos,14/10/2020,7275556,23,NULL,0.0003,NULL
Laos,15/10/2020,7275556,23,NULL,0.0003,NULL
Laos,16/10/2020,7275556,23,NULL,0.0003,NULL
Laos,17/10/2020,7275556,23,NULL,0.0003,NULL
Laos,18/10/2020,7275556,23,NULL,0.0003,NULL
Laos,19/10/2020,7275556,23,NULL,0.0003,NULL
Laos,20/10/2020,7275556,23,NULL,0.0003,NULL
Laos,21/10/2020,7275556,24,NULL,0.0003,NULL
Laos,22/10/2020,7275556,24,NULL,0.0003,NULL
Laos,23/10/2020,7275556,24,NULL,0.0003,NULL
Laos,24/10/2020,7275556,24,NULL,0.0003,NULL
Laos,25/10/2020,7275556,24,NULL,0.0003,NULL
Laos,26/10/2020,7275556,24,NULL,0.0003,NULL
Laos,27/10/2020,7275556,24,NULL,0.0003,NULL
Laos,28/10/2020,7275556,24,NULL,0.0003,NULL
Laos,29/10/2020,7275556,24,NULL,0.0003,NULL
Laos,30/10/2020,7275556,24,NULL,0.0003,NULL
Laos,31/10/2020,7275556,24,NULL,0.0003,NULL
Laos,01/11/2020,7275556,24,NULL,0.0003,NULL
Laos,02/11/2020,7275556,24,NULL,0.0003,NULL
Laos,03/11/2020,7275556,24,NULL,0.0003,NULL
Laos,04/11/2020,7275556,24,NULL,0.0003,NULL
Laos,05/11/2020,7275556,24,NULL,0.0003,NULL
Laos,06/11/2020,7275556,24,NULL,0.0003,NULL
Laos,07/11/2020,7275556,24,NULL,0.0003,NULL
Laos,08/11/2020,7275556,24,NULL,0.0003,NULL
Laos,09/11/2020,7275556,24,NULL,0.0003,NULL
Laos,10/11/2020,7275556,24,NULL,0.0003,NULL
Laos,11/11/2020,7275556,24,NULL,0.0003,NULL
Laos,12/11/2020,7275556,24,NULL,0.0003,NULL
Laos,13/11/2020,7275556,24,NULL,0.0003,NULL
Laos,14/11/2020,7275556,24,NULL,0.0003,NULL
Laos,15/11/2020,7275556,24,NULL,0.0003,NULL
Laos,16/11/2020,7275556,24,NULL,0.0003,NULL
Laos,17/11/2020,7275556,25,NULL,0.0003,NULL
Laos,18/11/2020,7275556,25,NULL,0.0003,NULL
Laos,19/11/2020,7275556,25,NULL,0.0003,NULL
Laos,20/11/2020,7275556,25,NULL,0.0003,NULL
Laos,21/11/2020,7275556,25,NULL,0.0003,NULL
Laos,22/11/2020,7275556,25,NULL,0.0003,NULL
Laos,23/11/2020,7275556,39,NULL,0.0005,NULL
Laos,24/11/2020,7275556,39,NULL,0.0005,NULL
Laos,25/11/2020,7275556,39,NULL,0.0005,NULL
Laos,26/11/2020,7275556,39,NULL,0.0005,NULL
Laos,27/11/2020,7275556,39,NULL,0.0005,NULL
Laos,28/11/2020,7275556,39,NULL,0.0005,NULL
Laos,29/11/2020,7275556,39,NULL,0.0005,NULL
Laos,30/11/2020,7275556,39,NULL,0.0005,NULL
Laos,01/12/2020,7275556,39,NULL,0.0005,NULL
Laos,02/12/2020,7275556,39,NULL,0.0005,NULL
Laos,03/12/2020,7275556,39,NULL,0.0005,NULL
Laos,04/12/2020,7275556,39,NULL,0.0005,NULL
Laos,05/12/2020,7275556,39,NULL,0.0005,NULL
Laos,06/12/2020,7275556,39,NULL,0.0005,NULL
Laos,07/12/2020,7275556,41,NULL,0.0006,NULL
Laos,08/12/2020,7275556,41,NULL,0.0006,NULL
Laos,09/12/2020,7275556,41,NULL,0.0006,NULL
Laos,10/12/2020,7275556,41,NULL,0.0006,NULL
Laos,11/12/2020,7275556,41,NULL,0.0006,NULL
Laos,12/12/2020,7275556,41,NULL,0.0006,NULL
Laos,13/12/2020,7275556,41,NULL,0.0006,NULL
Laos,14/12/2020,7275556,41,NULL,0.0006,NULL
Laos,15/12/2020,7275556,41,NULL,0.0006,NULL
Laos,16/12/2020,7275556,41,NULL,0.0006,NULL
Laos,17/12/2020,7275556,41,NULL,0.0006,NULL
Laos,18/12/2020,7275556,41,NULL,0.0006,NULL
Laos,19/12/2020,7275556,41,NULL,0.0006,NULL
Laos,20/12/2020,7275556,41,NULL,0.0006,NULL
Laos,21/12/2020,7275556,41,NULL,0.0006,NULL
Laos,22/12/2020,7275556,41,NULL,0.0006,NULL
Laos,23/12/2020,7275556,41,NULL,0.0006,NULL
Laos,24/12/2020,7275556,41,NULL,0.0006,NULL
Laos,25/12/2020,7275556,41,NULL,0.0006,NULL
Laos,26/12/2020,7275556,41,NULL,0.0006,NULL
Laos,27/12/2020,7275556,41,NULL,0.0006,NULL
Laos,28/12/2020,7275556,41,NULL,0.0006,NULL
Laos,29/12/2020,7275556,41,NULL,0.0006,NULL
Laos,30/12/2020,7275556,41,NULL,0.0006,NULL
Laos,31/12/2020,7275556,41,NULL,0.0006,NULL
Laos,01/01/2021,7275556,41,NULL,0.0006,NULL
Laos,02/01/2021,7275556,41,NULL,0.0006,NULL
Laos,03/01/2021,7275556,41,NULL,0.0006,NULL
Laos,04/01/2021,7275556,41,NULL,0.0006,NULL
Laos,05/01/2021,7275556,41,NULL,0.0006,NULL
Laos,06/01/2021,7275556,41,NULL,0.0006,NULL
Laos,07/01/2021,7275556,41,NULL,0.0006,NULL
Laos,08/01/2021,7275556,41,NULL,0.0006,NULL
Laos,09/01/2021,7275556,41,NULL,0.0006,NULL
Laos,10/01/2021,7275556,41,NULL,0.0006,NULL
Laos,11/01/2021,7275556,41,NULL,0.0006,NULL
Laos,12/01/2021,7275556,41,NULL,0.0006,NULL
Laos,13/01/2021,7275556,41,NULL,0.0006,NULL
Laos,14/01/2021,7275556,41,NULL,0.0006,NULL
Laos,15/01/2021,7275556,41,NULL,0.0006,NULL
Laos,16/01/2021,7275556,41,NULL,0.0006,NULL
Laos,17/01/2021,7275556,41,NULL,0.0006,NULL
Laos,18/01/2021,7275556,41,NULL,0.0006,NULL
Laos,19/01/2021,7275556,41,NULL,0.0006,NULL
Laos,20/01/2021,7275556,41,NULL,0.0006,NULL
Laos,21/01/2021,7275556,41,NULL,0.0006,NULL
Laos,22/01/2021,7275556,41,NULL,0.0006,NULL
Laos,23/01/2021,7275556,41,NULL,0.0006,NULL
Laos,24/01/2021,7275556,41,NULL,0.0006,NULL
Laos,25/01/2021,7275556,44,NULL,0.0006,NULL
Laos,26/01/2021,7275556,44,NULL,0.0006,NULL
Laos,27/01/2021,7275556,44,NULL,0.0006,NULL
Laos,28/01/2021,7275556,44,NULL,0.0006,NULL
Laos,29/01/2021,7275556,44,NULL,0.0006,NULL
Laos,30/01/2021,7275556,44,NULL,0.0006,NULL
Laos,31/01/2021,7275556,44,NULL,0.0006,NULL
Laos,01/02/2021,7275556,44,NULL,0.0006,NULL
Laos,02/02/2021,7275556,44,NULL,0.0006,NULL
Laos,03/02/2021,7275556,45,NULL,0.0006,NULL
Laos,04/02/2021,7275556,45,NULL,0.0006,NULL
Laos,05/02/2021,7275556,45,NULL,0.0006,NULL
Laos,06/02/2021,7275556,45,NULL,0.0006,NULL
Laos,07/02/2021,7275556,45,NULL,0.0006,NULL
Laos,08/02/2021,7275556,45,NULL,0.0006,NULL
Laos,09/02/2021,7275556,45,NULL,0.0006,NULL
Laos,10/02/2021,7275556,45,NULL,0.0006,NULL
Laos,11/02/2021,7275556,45,NULL,0.0006,NULL
Laos,12/02/2021,7275556,45,NULL,0.0006,NULL
Laos,13/02/2021,7275556,45,NULL,0.0006,NULL
Laos,14/02/2021,7275556,45,NULL,0.0006,NULL
Laos,15/02/2021,7275556,45,NULL,0.0006,NULL
Laos,16/02/2021,7275556,45,NULL,0.0006,NULL
Laos,17/02/2021,7275556,45,NULL,0.0006,NULL
Laos,18/02/2021,7275556,45,NULL,0.0006,NULL
Laos,19/02/2021,7275556,45,NULL,0.0006,NULL
Laos,20/02/2021,7275556,45,NULL,0.0006,NULL
Laos,21/02/2021,7275556,45,NULL,0.0006,NULL
Laos,22/02/2021,7275556,45,NULL,0.0006,NULL
Laos,23/02/2021,7275556,45,NULL,0.0006,NULL
Laos,24/02/2021,7275556,45,NULL,0.0006,NULL
Laos,25/02/2021,7275556,45,NULL,0.0006,NULL
Laos,26/02/2021,7275556,45,NULL,0.0006,NULL
Laos,27/02/2021,7275556,45,NULL,0.0006,NULL
Laos,28/02/2021,7275556,45,NULL,0.0006,NULL
Laos,01/03/2021,7275556,45,NULL,0.0006,NULL
Laos,02/03/2021,7275556,45,NULL,0.0006,NULL
Laos,03/03/2021,7275556,45,NULL,0.0006,NULL
Laos,04/03/2021,7275556,45,NULL,0.0006,NULL
Laos,05/03/2021,7275556,47,NULL,0.0006,NULL
Laos,06/03/2021,7275556,47,NULL,0.0006,NULL
Laos,07/03/2021,7275556,47,NULL,0.0006,NULL
Laos,08/03/2021,7275556,47,NULL,0.0006,NULL
Laos,09/03/2021,7275556,47,NULL,0.0006,NULL
Laos,10/03/2021,7275556,47,NULL,0.0006,NULL
Laos,11/03/2021,7275556,48,NULL,0.0007,NULL
Laos,12/03/2021,7275556,48,NULL,0.0007,NULL
Laos,13/03/2021,7275556,48,NULL,0.0007,NULL
Laos,14/03/2021,7275556,48,NULL,0.0007,NULL
Laos,15/03/2021,7275556,48,NULL,0.0007,NULL
Laos,16/03/2021,7275556,48,NULL,0.0007,NULL
Laos,17/03/2021,7275556,49,NULL,0.0007,NULL
Laos,18/03/2021,7275556,49,NULL,0.0007,NULL
Laos,19/03/2021,7275556,49,NULL,0.0007,NULL
Laos,20/03/2021,7275556,49,NULL,0.0007,NULL
Laos,21/03/2021,7275556,49,NULL,0.0007,NULL
Laos,22/03/2021,7275556,49,NULL,0.0007,NULL
Laos,23/03/2021,7275556,49,NULL,0.0007,NULL
Laos,24/03/2021,7275556,49,NULL,0.0007,NULL
Laos,25/03/2021,7275556,49,NULL,0.0007,NULL
Laos,26/03/2021,7275556,49,NULL,0.0007,NULL
Laos,27/03/2021,7275556,49,NULL,0.0007,NULL
Laos,28/03/2021,7275556,49,NULL,0.0007,NULL
Laos,29/03/2021,7275556,49,NULL,0.0007,NULL
Laos,30/03/2021,7275556,49,NULL,0.0007,NULL
Laos,31/03/2021,7275556,49,NULL,0.0007,NULL
Laos,01/04/2021,7275556,49,NULL,0.0007,NULL
Laos,02/04/2021,7275556,49,NULL,0.0007,NULL
Laos,03/04/2021,7275556,49,NULL,0.0007,NULL
Laos,04/04/2021,7275556,49,NULL,0.0007,NULL
Laos,05/04/2021,7275556,49,NULL,0.0007,NULL
Laos,06/04/2021,7275556,49,NULL,0.0007,NULL
Laos,07/04/2021,7275556,49,NULL,0.0007,NULL
Laos,08/04/2021,7275556,49,NULL,0.0007,NULL
Laos,09/04/2021,7275556,49,NULL,0.0007,NULL
Laos,10/04/2021,7275556,49,NULL,0.0007,NULL
Laos,11/04/2021,7275556,51,NULL,0.0007,NULL
Laos,12/04/2021,7275556,52,NULL,0.0007,NULL
Laos,13/04/2021,7275556,52,NULL,0.0007,NULL
Laos,14/04/2021,7275556,53,NULL,0.0007,NULL
Laos,15/04/2021,7275556,53,NULL,0.0007,NULL
Laos,16/04/2021,7275556,54,NULL,0.0007,NULL
Laos,17/04/2021,7275556,58,NULL,0.0008,NULL
Laos,18/04/2021,7275556,58,NULL,0.0008,NULL
Laos,19/04/2021,7275556,58,NULL,0.0008,NULL
Laos,20/04/2021,7275556,60,NULL,0.0008,NULL
Laos,21/04/2021,7275556,88,NULL,0.0012,NULL
Laos,22/04/2021,7275556,94,NULL,0.0013,NULL
Laos,23/04/2021,7275556,159,NULL,0.0022,NULL
Laos,24/04/2021,7275556,247,NULL,0.0034,NULL
Laos,25/04/2021,7275556,323,NULL,0.0044,NULL
Laos,26/04/2021,7275556,436,NULL,0.0060,NULL
Laos,27/04/2021,7275556,511,NULL,0.0070,NULL
Laos,28/04/2021,7275556,604,NULL,0.0083,NULL
Laos,29/04/2021,7275556,672,NULL,0.0092,NULL
Laos,30/04/2021,7275556,757,NULL,0.0104,NULL
Malaysia,25/01/2020,32365998,3,NULL,0.0000,NULL
Malaysia,26/01/2020,32365998,4,NULL,0.0000,NULL
Malaysia,27/01/2020,32365998,4,NULL,0.0000,NULL
Malaysia,28/01/2020,32365998,4,NULL,0.0000,NULL
Malaysia,29/01/2020,32365998,7,NULL,0.0000,NULL
Malaysia,30/01/2020,32365998,8,NULL,0.0000,NULL
Malaysia,31/01/2020,32365998,8,NULL,0.0000,NULL
Malaysia,01/02/2020,32365998,8,NULL,0.0000,NULL
Malaysia,02/02/2020,32365998,8,NULL,0.0000,NULL
Malaysia,03/02/2020,32365998,8,NULL,0.0000,NULL
Malaysia,04/02/2020,32365998,10,NULL,0.0000,NULL
Malaysia,05/02/2020,32365998,12,NULL,0.0000,NULL
Malaysia,06/02/2020,32365998,12,NULL,0.0000,NULL
Malaysia,07/02/2020,32365998,12,NULL,0.0000,NULL
Malaysia,08/02/2020,32365998,16,NULL,0.0000,NULL
Malaysia,09/02/2020,32365998,16,NULL,0.0000,NULL
Malaysia,10/02/2020,32365998,18,NULL,0.0001,NULL
Malaysia,11/02/2020,32365998,18,NULL,0.0001,NULL
Malaysia,12/02/2020,32365998,18,NULL,0.0001,NULL
Malaysia,13/02/2020,32365998,19,NULL,0.0001,NULL
Malaysia,14/02/2020,32365998,19,NULL,0.0001,NULL
Malaysia,15/02/2020,32365998,22,NULL,0.0001,NULL
Malaysia,16/02/2020,32365998,22,NULL,0.0001,NULL
Malaysia,17/02/2020,32365998,22,NULL,0.0001,NULL
Malaysia,18/02/2020,32365998,22,NULL,0.0001,NULL
Malaysia,19/02/2020,32365998,22,NULL,0.0001,NULL
Malaysia,20/02/2020,32365998,22,NULL,0.0001,NULL
Malaysia,21/02/2020,32365998,22,NULL,0.0001,NULL
Malaysia,22/02/2020,32365998,22,NULL,0.0001,NULL
Malaysia,23/02/2020,32365998,22,NULL,0.0001,NULL
Malaysia,24/02/2020,32365998,22,NULL,0.0001,NULL
Malaysia,25/02/2020,32365998,22,NULL,0.0001,NULL
Malaysia,26/02/2020,32365998,22,NULL,0.0001,NULL
Malaysia,27/02/2020,32365998,23,NULL,0.0001,NULL
Malaysia,28/02/2020,32365998,23,NULL,0.0001,NULL
Malaysia,29/02/2020,32365998,25,NULL,0.0001,NULL
Malaysia,01/03/2020,32365998,29,NULL,0.0001,NULL
Malaysia,02/03/2020,32365998,29,NULL,0.0001,NULL
Malaysia,03/03/2020,32365998,36,NULL,0.0001,NULL
Malaysia,04/03/2020,32365998,50,NULL,0.0002,NULL
Malaysia,05/03/2020,32365998,50,NULL,0.0002,NULL
Malaysia,06/03/2020,32365998,83,NULL,0.0003,NULL
Malaysia,07/03/2020,32365998,93,NULL,0.0003,NULL
Malaysia,08/03/2020,32365998,99,NULL,0.0003,NULL
Malaysia,09/03/2020,32365998,117,NULL,0.0004,NULL
Malaysia,10/03/2020,32365998,129,NULL,0.0004,NULL
Malaysia,11/03/2020,32365998,149,NULL,0.0005,NULL
Malaysia,12/03/2020,32365998,149,NULL,0.0005,NULL
Malaysia,13/03/2020,32365998,197,NULL,0.0006,NULL
Malaysia,14/03/2020,32365998,238,NULL,0.0007,NULL
Malaysia,15/03/2020,32365998,428,NULL,0.0013,NULL
Malaysia,16/03/2020,32365998,566,NULL,0.0017,NULL
Malaysia,17/03/2020,32365998,673,2,0.0021,0.2971768202080238
Malaysia,18/03/2020,32365998,790,2,0.0024,0.25316455696202533
Malaysia,19/03/2020,32365998,900,2,0.0028,0.2222222222222222
Malaysia,20/03/2020,32365998,1030,3,0.0032,0.2912621359223301
Malaysia,21/03/2020,32365998,1183,4,0.0037,0.33812341504649196
Malaysia,22/03/2020,32365998,1306,10,0.0040,0.7656967840735069
Malaysia,23/03/2020,32365998,1518,14,0.0047,0.922266139657444
Malaysia,24/03/2020,32365998,1624,16,0.0050,0.9852216748768473
Malaysia,25/03/2020,32365998,1796,20,0.0055,1.1135857461024499
Malaysia,26/03/2020,32365998,2031,23,0.0063,1.1324470704086658
Malaysia,27/03/2020,32365998,2161,26,0.0067,1.203146691346599
Malaysia,28/03/2020,32365998,2320,27,0.0072,1.163793103448276
Malaysia,29/03/2020,32365998,2470,35,0.0076,1.417004048582996
Malaysia,30/03/2020,32365998,2626,37,0.0081,1.408987052551409
Malaysia,31/03/2020,32365998,2766,43,0.0085,1.554591467823572
Malaysia,01/04/2020,32365998,2908,45,0.0090,1.547455295735901
Malaysia,02/04/2020,32365998,3116,50,0.0096,1.6046213093709885
Malaysia,03/04/2020,32365998,3333,53,0.0103,1.5901590159015901
Malaysia,04/04/2020,32365998,3483,57,0.0108,1.636520241171404
Malaysia,05/04/2020,32365998,3662,61,0.0113,1.6657564172583288
Malaysia,06/04/2020,32365998,3793,62,0.0117,1.6345900342736621
Malaysia,07/04/2020,32365998,3963,63,0.0122,1.5897047691143074
Malaysia,08/04/2020,32365998,4119,65,0.0127,1.5780529254673463
Malaysia,09/04/2020,32365998,4228,67,0.0131,1.5846736045411542
Malaysia,10/04/2020,32365998,4346,70,0.0134,1.6106764841233319
Malaysia,11/04/2020,32365998,4530,73,0.0140,1.6114790286975718
Malaysia,12/04/2020,32365998,4683,76,0.0145,1.6228913089899637
Malaysia,13/04/2020,32365998,4817,77,0.0149,1.5985052937512976
Malaysia,14/04/2020,32365998,4987,82,0.0154,1.6442751152997794
Malaysia,15/04/2020,32365998,5072,83,0.0157,1.6364353312302837
Malaysia,16/04/2020,32365998,5182,84,0.0160,1.6209957545349287
Malaysia,17/04/2020,32365998,5251,86,0.0162,1.6377832793753573
Malaysia,18/04/2020,32365998,5305,88,0.0164,1.6588124410933083
Malaysia,19/04/2020,32365998,5389,89,0.0167,1.6515123399517537
Malaysia,20/04/2020,32365998,5425,89,0.0168,1.640552995391705
Malaysia,21/04/2020,32365998,5482,92,0.0169,1.6782196278730388
Malaysia,22/04/2020,32365998,5532,93,0.0171,1.6811279826464207
Malaysia,23/04/2020,32365998,5603,95,0.0173,1.695520257005176
Malaysia,24/04/2020,32365998,5691,96,0.0176,1.686874011597259
Malaysia,25/04/2020,32365998,5742,98,0.0177,1.7067223963775686
Malaysia,26/04/2020,32365998,5780,98,0.0179,1.6955017301038062
Malaysia,27/04/2020,32365998,5820,99,0.0180,1.7010309278350515
Malaysia,28/04/2020,32365998,5851,100,0.0181,1.7091095539224066
Malaysia,29/04/2020,32365998,5945,100,0.0184,1.682085786375105
Malaysia,30/04/2020,32365998,6002,102,0.0185,1.6994335221592802
Malaysia,01/05/2020,32365998,6071,103,0.0188,1.696590347553945
Malaysia,02/05/2020,32365998,6176,103,0.0191,1.6677461139896372
Malaysia,03/05/2020,32365998,6298,105,0.0195,1.6671959352175292
Malaysia,04/05/2020,32365998,6353,105,0.0196,1.6527624744215332
Malaysia,05/05/2020,32365998,6383,106,0.0197,1.660661131129563
Malaysia,06/05/2020,32365998,6428,107,0.0199,1.6645924082140633
Malaysia,07/05/2020,32365998,6467,107,0.0200,1.654553888974795
Malaysia,08/05/2020,32365998,6535,107,0.0202,1.6373374139250192
Malaysia,09/05/2020,32365998,6589,108,0.0204,1.6390954621338594
Malaysia,10/05/2020,32365998,6656,108,0.0206,1.622596153846154
Malaysia,11/05/2020,32365998,6726,109,0.0208,1.6205768658935475
Malaysia,12/05/2020,32365998,6742,109,0.0208,1.6167309403737764
Malaysia,13/05/2020,32365998,6779,111,0.0209,1.6374096474406254
Malaysia,14/05/2020,32365998,6819,112,0.0211,1.6424695703182286
Malaysia,15/05/2020,32365998,6855,112,0.0212,1.6338439095550692
Malaysia,16/05/2020,32365998,6872,113,0.0212,1.6443538998835856
Malaysia,17/05/2020,32365998,6894,113,0.0213,1.6391064693936757
Malaysia,18/05/2020,32365998,6941,113,0.0214,1.6280074917158909
Malaysia,19/05/2020,32365998,6978,114,0.0216,1.633705932932072
Malaysia,20/05/2020,32365998,7009,114,0.0217,1.6264802396918248
Malaysia,21/05/2020,32365998,7059,114,0.0218,1.6149596260093497
Malaysia,22/05/2020,32365998,7137,115,0.0221,1.6113212834524309
Malaysia,23/05/2020,32365998,7185,115,0.0222,1.6005567153792624
Malaysia,24/05/2020,32365998,7245,115,0.0224,1.5873015873015872
Malaysia,25/05/2020,32365998,7417,115,0.0229,1.5504921127140354
Malaysia,26/05/2020,32365998,7604,115,0.0235,1.5123619147816938
Malaysia,27/05/2020,32365998,7619,115,0.0235,1.5093844336527102
Malaysia,28/05/2020,32365998,7629,115,0.0236,1.507405950976537
Malaysia,29/05/2020,32365998,7732,115,0.0239,1.4873254009311951
Malaysia,30/05/2020,32365998,7762,115,0.0240,1.4815769131667096
Malaysia,31/05/2020,32365998,7819,115,0.0242,1.4707763141066632
Malaysia,01/06/2020,32365998,7857,115,0.0243,1.463662975690467
Malaysia,02/06/2020,32365998,7877,115,0.0243,1.459946680208201
Malaysia,03/06/2020,32365998,7970,115,0.0246,1.4429109159347553
Malaysia,04/06/2020,32365998,8247,115,0.0255,1.3944464653813509
Malaysia,05/06/2020,32365998,8266,116,0.0255,1.4033389789499153
Malaysia,06/06/2020,32365998,8303,117,0.0257,1.4091292303986511
Malaysia,07/06/2020,32365998,8322,117,0.0257,1.40591204037491
Malaysia,08/06/2020,32365998,8329,117,0.0257,1.4047304598391164
Malaysia,09/06/2020,32365998,8336,117,0.0258,1.4035508637236083
Malaysia,10/06/2020,32365998,8338,118,0.0258,1.415207483809067
Malaysia,11/06/2020,32365998,8369,118,0.0259,1.4099653483092365
Malaysia,12/06/2020,32365998,8402,119,0.0260,1.41632944537015
Malaysia,13/06/2020,32365998,8445,120,0.0261,1.4209591474245116
Malaysia,14/06/2020,32365998,8453,121,0.0261,1.4314444575890217
Malaysia,15/06/2020,32365998,8494,121,0.0262,1.424534965858253
Malaysia,16/06/2020,32365998,8505,121,0.0263,1.422692533803645
Malaysia,17/06/2020,32365998,8515,121,0.0263,1.4210217263652378
Malaysia,18/06/2020,32365998,8529,121,0.0264,1.4186891780982531
Malaysia,19/06/2020,32365998,8535,121,0.0264,1.4176918570591681
Malaysia,20/06/2020,32365998,8556,121,0.0264,1.4142122487143525
Malaysia,21/06/2020,32365998,8572,121,0.0265,1.4115725618292114
Malaysia,22/06/2020,32365998,8587,121,0.0265,1.4091067893327123
Malaysia,23/06/2020,32365998,8590,121,0.0265,1.4086146682188592
Malaysia,24/06/2020,32365998,8596,121,0.0266,1.4076314564913914
Malaysia,25/06/2020,32365998,8600,121,0.0266,1.4069767441860466
Malaysia,26/06/2020,32365998,8606,121,0.0266,1.4059958168719497
Malaysia,27/06/2020,32365998,8616,121,0.0266,1.404363974001857
Malaysia,28/06/2020,32365998,8634,121,0.0267,1.4014361825341672
Malaysia,29/06/2020,32365998,8637,121,0.0267,1.4009494037281462
Malaysia,30/06/2020,32365998,8639,121,0.0267,1.4006250723463363
Malaysia,01/07/2020,32365998,8640,121,0.0267,1.4004629629629628
Malaysia,02/07/2020,32365998,8643,121,0.0267,1.3999768598866136
Malaysia,03/07/2020,32365998,8648,121,0.0267,1.399167437557817
Malaysia,04/07/2020,32365998,8658,121,0.0268,1.3975513975513976
Malaysia,05/07/2020,32365998,8663,121,0.0268,1.396744776636269
Malaysia,06/07/2020,32365998,8668,121,0.0268,1.3959390862944163
Malaysia,07/07/2020,32365998,8674,121,0.0268,1.394973483975098
Malaysia,08/07/2020,32365998,8677,121,0.0268,1.3944911835887979
Malaysia,09/07/2020,32365998,8683,121,0.0268,1.3935275826327305
Malaysia,10/07/2020,32365998,8696,121,0.0269,1.391444342226311
Malaysia,11/07/2020,32365998,8704,122,0.0269,1.4016544117647058
Malaysia,12/07/2020,32365998,8718,122,0.0269,1.3994035329203947
Malaysia,13/07/2020,32365998,8725,122,0.0270,1.3982808022922635
Malaysia,14/07/2020,32365998,8729,122,0.0270,1.3976400504066904
Malaysia,15/07/2020,32365998,8734,122,0.0270,1.396839935882757
Malaysia,16/07/2020,32365998,8737,122,0.0270,1.3963603067414443
Malaysia,17/07/2020,32365998,8755,122,0.0270,1.393489434608795
Malaysia,18/07/2020,32365998,8764,122,0.0271,1.3920584208124145
Malaysia,19/07/2020,32365998,8779,123,0.0271,1.4010707369859894
Malaysia,20/07/2020,32365998,8800,123,0.0272,1.3977272727272727
Malaysia,21/07/2020,32365998,8815,123,0.0272,1.3953488372093024
Malaysia,22/07/2020,32365998,8831,123,0.0273,1.3928207451024799
Malaysia,23/07/2020,32365998,8840,123,0.0273,1.3914027149321266
Malaysia,24/07/2020,32365998,8861,123,0.0274,1.388105180002257
Malaysia,25/07/2020,32365998,8884,123,0.0274,1.384511481314723
Malaysia,26/07/2020,32365998,8897,124,0.0275,1.3937282229965158
Malaysia,27/07/2020,32365998,8904,124,0.0275,1.3926325247079965
Malaysia,28/07/2020,32365998,8943,124,0.0276,1.386559320138656
Malaysia,29/07/2020,32365998,8956,124,0.0277,1.3845466726217062
Malaysia,30/07/2020,32365998,8964,124,0.0277,1.3833110218652387
Malaysia,31/07/2020,32365998,8976,125,0.0277,1.392602495543672
Malaysia,01/08/2020,32365998,8985,125,0.0278,1.3912075681691707
Malaysia,02/08/2020,32365998,8999,125,0.0278,1.389043227025225
Malaysia,03/08/2020,32365998,9001,125,0.0278,1.388734585046106
Malaysia,04/08/2020,32365998,9002,125,0.0278,1.3885803154854477
Malaysia,05/08/2020,32365998,9023,125,0.0279,1.3853485536961099
Malaysia,06/08/2020,32365998,9038,125,0.0279,1.3830493472007082
Malaysia,07/08/2020,32365998,9063,125,0.0280,1.3792342491448748
Malaysia,08/08/2020,32365998,9070,125,0.0280,1.3781697905181918
Malaysia,09/08/2020,32365998,9083,125,0.0281,1.37619729164373
Malaysia,10/08/2020,32365998,9094,125,0.0281,1.3745326588959752
Malaysia,11/08/2020,32365998,9103,125,0.0281,1.3731736790069207
Malaysia,12/08/2020,32365998,9114,125,0.0282,1.3715163484748738
Malaysia,13/08/2020,32365998,9129,125,0.0282,1.3692627889144484
Malaysia,14/08/2020,32365998,9149,125,0.0283,1.3662695376543885
Malaysia,15/08/2020,32365998,9175,125,0.0283,1.3623978201634876
Malaysia,16/08/2020,32365998,9200,125,0.0284,1.358695652173913
Malaysia,17/08/2020,32365998,9212,125,0.0285,1.3569257490230133
Malaysia,18/08/2020,32365998,9219,125,0.0285,1.3558954333441806
Malaysia,19/08/2020,32365998,9235,125,0.0285,1.353546291283162
Malaysia,20/08/2020,32365998,9240,125,0.0285,1.3528138528138527
Malaysia,21/08/2020,32365998,9249,125,0.0286,1.3514974591847768
Malaysia,22/08/2020,32365998,9257,125,0.0286,1.350329480393216
Malaysia,23/08/2020,32365998,9267,125,0.0286,1.3488723427214848
Malaysia,24/08/2020,32365998,9274,125,0.0287,1.3478542160879878
Malaysia,25/08/2020,32365998,9285,125,0.0287,1.3462574044157243
Malaysia,26/08/2020,32365998,9291,125,0.0287,1.3453880099020556
Malaysia,27/08/2020,32365998,9296,125,0.0287,1.3446643717728055
Malaysia,28/08/2020,32365998,9306,125,0.0288,1.3432194283258112
Malaysia,29/08/2020,32365998,9317,125,0.0288,1.3416335730385318
Malaysia,30/08/2020,32365998,9334,126,0.0288,1.3499035783158344
Malaysia,31/08/2020,32365998,9340,127,0.0289,1.359743040685225
Malaysia,01/09/2020,32365998,9354,128,0.0289,1.3683985460765447
Malaysia,02/09/2020,32365998,9360,128,0.0289,1.3675213675213675
Malaysia,03/09/2020,32365998,9374,128,0.0290,1.3654789844250055
Malaysia,04/09/2020,32365998,9385,128,0.0290,1.3638785295684603
Malaysia,05/09/2020,32365998,9391,128,0.0290,1.3630071344904695
Malaysia,06/09/2020,32365998,9397,128,0.0290,1.3621368521868682
Malaysia,07/09/2020,32365998,9459,128,0.0292,1.3532085844169575
Malaysia,08/09/2020,32365998,9559,128,0.0295,1.3390522021131916
Malaysia,09/09/2020,32365998,9583,128,0.0296,1.3356986329959302
Malaysia,10/09/2020,32365998,9628,128,0.0297,1.3294557540506855
Malaysia,11/09/2020,32365998,9810,128,0.0303,1.3047910295616718
Malaysia,12/09/2020,32365998,9868,128,0.0305,1.2971220105391164
Malaysia,13/09/2020,32365998,9915,128,0.0306,1.2909732728189611
Malaysia,14/09/2020,32365998,9946,128,0.0307,1.2869495274482203
Malaysia,15/09/2020,32365998,9969,128,0.0308,1.2839803390510582
Malaysia,16/09/2020,32365998,10031,128,0.0310,1.2760442627853652
Malaysia,17/09/2020,32365998,10052,128,0.0311,1.2733784321528054
Malaysia,18/09/2020,32365998,10147,129,0.0314,1.2713117177490885
Malaysia,19/09/2020,32365998,10167,130,0.0314,1.2786466017507623
Malaysia,20/09/2020,32365998,10219,130,0.0316,1.2721401311282905
Malaysia,21/09/2020,32365998,10276,130,0.0317,1.26508369015181
Malaysia,22/09/2020,32365998,10358,130,0.0320,1.2550685460513613
Malaysia,23/09/2020,32365998,10505,133,0.0325,1.2660637791527845
Malaysia,24/09/2020,32365998,10576,133,0.0327,1.2575642965204237
Malaysia,25/09/2020,32365998,10687,133,0.0330,1.2445026667914287
Malaysia,26/09/2020,32365998,10769,133,0.0333,1.2350264648528182
Malaysia,27/09/2020,32365998,10919,134,0.0337,1.2272186097627988
Malaysia,28/09/2020,32365998,11034,134,0.0341,1.2144281312307414
Malaysia,29/09/2020,32365998,11135,134,0.0344,1.2034126627750337
Malaysia,30/09/2020,32365998,11224,136,0.0347,1.2116892373485388
Malaysia,01/10/2020,32365998,11484,136,0.0355,1.1842563566701496
Malaysia,02/10/2020,32365998,11771,136,0.0364,1.1553818706991759
Malaysia,03/10/2020,32365998,12088,137,0.0373,1.1333553937789544
Malaysia,04/10/2020,32365998,12381,137,0.0383,1.1065342056376706
Malaysia,05/10/2020,32365998,12813,137,0.0396,1.069226566768126
Malaysia,06/10/2020,32365998,13504,141,0.0417,1.0441350710900474
Malaysia,07/10/2020,32365998,13993,141,0.0432,1.0076466804830988
Malaysia,08/10/2020,32365998,14368,146,0.0444,1.0161469933184855
Malaysia,09/10/2020,32365998,14722,152,0.0455,1.032468414617579
Malaysia,10/10/2020,32365998,15096,155,0.0466,1.0267620561738209
Malaysia,11/10/2020,32365998,15657,157,0.0484,1.0027463754231334
Malaysia,12/10/2020,32365998,16220,159,0.0501,0.9802712700369913
Malaysia,13/10/2020,32365998,16880,163,0.0522,0.9656398104265403
Malaysia,14/10/2020,32365998,17540,167,0.0542,0.9521094640820981
Malaysia,15/10/2020,32365998,18129,170,0.0560,0.9377240884770257
Malaysia,16/10/2020,32365998,18758,176,0.0580,0.9382663396950635
Malaysia,17/10/2020,32365998,19627,180,0.0606,0.9171039894023539
Malaysia,18/10/2020,32365998,20498,187,0.0633,0.9122841252805152
Malaysia,19/10/2020,32365998,21363,190,0.0660,0.8893881945419652
Malaysia,20/10/2020,32365998,22225,193,0.0687,0.8683914510686165
Malaysia,21/10/2020,32365998,22957,199,0.0709,0.8668380014810297
Malaysia,22/10/2020,32365998,23804,204,0.0735,0.8569988237271047
Malaysia,23/10/2020,32365998,24514,214,0.0757,0.872970547442278
Malaysia,24/10/2020,32365998,25742,221,0.0795,0.8585191515810737
Malaysia,25/10/2020,32365998,26565,229,0.0821,0.8620365142104273
Malaysia,26/10/2020,32365998,27805,236,0.0859,0.8487682071569861
Malaysia,27/10/2020,32365998,28640,238,0.0885,0.8310055865921787
Malaysia,28/10/2020,32365998,29441,246,0.0910,0.8355694439726912
Malaysia,29/10/2020,32365998,30090,246,0.0930,0.8175473579262214
Malaysia,30/10/2020,32365998,30889,249,0.0954,0.8061122082294668
Malaysia,31/10/2020,32365998,31548,249,0.0975,0.7892734880182578
Malaysia,01/11/2020,32365998,32505,249,0.1004,0.7660359944623903
Malaysia,02/11/2020,32365998,33339,251,0.1030,0.7528720117580012
Malaysia,03/11/2020,32365998,34393,263,0.1063,0.7646904893437618
Malaysia,04/11/2020,32365998,35425,271,0.1095,0.7649964714184897
Malaysia,05/11/2020,32365998,36434,277,0.1126,0.760278860405116
Malaysia,06/11/2020,32365998,38189,279,0.1180,0.7305768676844117
Malaysia,07/11/2020,32365998,39357,282,0.1216,0.7165180272886653
Malaysia,08/11/2020,32365998,40209,286,0.1242,0.7112835434852893
Malaysia,09/11/2020,32365998,41181,294,0.1272,0.7139214686384497
Malaysia,10/11/2020,32365998,42050,300,0.1299,0.713436385255648
Malaysia,11/11/2020,32365998,42872,302,0.1325,0.7044224668781489
Malaysia,12/11/2020,32365998,43791,303,0.1353,0.6919229978762759
Malaysia,13/11/2020,32365998,45095,304,0.1393,0.6741323871826145
Malaysia,14/11/2020,32365998,46209,306,0.1428,0.6622086606505226
Malaysia,15/11/2020,32365998,47417,309,0.1465,0.6516650146571904
Malaysia,16/11/2020,32365998,48520,313,0.1499,0.6450948062654576
Malaysia,17/11/2020,32365998,49730,318,0.1536,0.6394530464508345
Malaysia,18/11/2020,32365998,50390,322,0.1557,0.639015677713832
Malaysia,19/11/2020,32365998,51680,326,0.1597,0.6308049535603716
Malaysia,20/11/2020,32365998,52638,329,0.1626,0.6250237471028535
Malaysia,21/11/2020,32365998,53679,332,0.1658,0.6184914025969187
Malaysia,22/11/2020,32365998,54775,335,0.1692,0.611592879963487
Malaysia,23/11/2020,32365998,56659,337,0.1751,0.5947863534478194
Malaysia,24/11/2020,32365998,58847,341,0.1818,0.5794687919520112
Malaysia,25/11/2020,32365998,59817,345,0.1848,0.5767591153016701
Malaysia,26/11/2020,32365998,60752,348,0.1877,0.5728206478799052
Malaysia,27/11/2020,32365998,61861,350,0.1911,0.5657845815618887
Malaysia,28/11/2020,32365998,63176,354,0.1952,0.5603393693807776
Malaysia,29/11/2020,32365998,64485,357,0.1992,0.5536171202605257
Malaysia,30/11/2020,32365998,65697,360,0.2030,0.5479702269510023
Malaysia,01/12/2020,32365998,67169,363,0.2075,0.5404278759546814
Malaysia,02/12/2020,32365998,68020,365,0.2102,0.5366068803293149
Malaysia,03/12/2020,32365998,69095,376,0.2135,0.5441783052319271
Malaysia,04/12/2020,32365998,70236,376,0.2170,0.5353380033031494
Malaysia,05/12/2020,32365998,71359,380,0.2205,0.5325186731876849
Malaysia,06/12/2020,32365998,72694,382,0.2246,0.5254904118634276
Malaysia,07/12/2020,32365998,74294,384,0.2295,0.5168654265485773
Malaysia,08/12/2020,32365998,75306,388,0.2327,0.5152311900778158
Malaysia,09/12/2020,32365998,76265,393,0.2356,0.5153084639087393
Malaysia,10/12/2020,32365998,78499,396,0.2425,0.5044650250321661
Malaysia,11/12/2020,32365998,80309,402,0.2481,0.5005665616556052
Malaysia,12/12/2020,32365998,82246,411,0.2541,0.49972035114169683
Malaysia,13/12/2020,32365998,83475,415,0.2579,0.4971548367774783
Malaysia,14/12/2020,32365998,84846,419,0.2621,0.49383589090823377
Malaysia,15/12/2020,32365998,86618,422,0.2676,0.4871966565840818
Malaysia,16/12/2020,32365998,87913,429,0.2716,0.48798243718221423
Malaysia,17/12/2020,32365998,89133,432,0.2754,0.4846689778196627
Malaysia,18/12/2020,32365998,90816,432,0.2806,0.47568710359408034
Malaysia,19/12/2020,32365998,91969,433,0.2842,0.4708108166882319
Malaysia,20/12/2020,32365998,93309,437,0.2883,0.4683363877010792
Malaysia,21/12/2020,32365998,95327,438,0.2945,0.45947108374332557
Malaysia,22/12/2020,32365998,97389,439,0.3009,0.4507695941020033
Malaysia,23/12/2020,32365998,98737,444,0.3051,0.4496794514720925
Malaysia,24/12/2020,32365998,100318,446,0.3099,0.444586215833649
Malaysia,25/12/2020,32365998,101565,449,0.3138,0.44208142568798303
Malaysia,26/12/2020,32365998,103900,451,0.3210,0.4340712223291627
Malaysia,27/12/2020,32365998,105096,452,0.3247,0.43008297175915355
Malaysia,28/12/2020,32365998,106690,455,0.3296,0.42646920986034303
Malaysia,29/12/2020,32365998,108615,457,0.3356,0.42075219813101317
Malaysia,30/12/2020,32365998,110485,463,0.3414,0.4190614110512739
Malaysia,31/12/2020,32365998,113010,471,0.3492,0.41677727634722594
Malaysia,01/01/2021,32365998,115078,474,0.3556,0.41189454109386675
Malaysia,02/01/2021,32365998,117373,483,0.3626,0.4115086093053769
Malaysia,03/01/2021,32365998,119077,494,0.3679,0.4148576131410768
Malaysia,04/01/2021,32365998,120818,501,0.3733,0.41467331026833754
Malaysia,05/01/2021,32365998,122845,509,0.3795,0.4143432781146974
Malaysia,06/01/2021,32365998,125438,513,0.3876,0.4089669797031203
Malaysia,07/01/2021,32365998,128465,521,0.3969,0.4055579340676449
Malaysia,08/01/2021,32365998,131108,537,0.4051,0.4095859901760381
Malaysia,09/01/2021,32365998,133559,542,0.4127,0.4058131612246273
Malaysia,10/01/2021,32365998,135992,551,0.4202,0.4051708924054356
Malaysia,11/01/2021,32365998,138224,555,0.4271,0.40152216691746734
Malaysia,12/01/2021,32365998,141533,559,0.4373,0.3949608925127002
Malaysia,13/01/2021,32365998,144518,563,0.4465,0.3895708493059688
Malaysia,14/01/2021,32365998,147855,578,0.4568,0.3909235399546854
Malaysia,15/01/2021,32365998,151066,586,0.4667,0.38790992016734405
Malaysia,16/01/2021,32365998,155095,594,0.4792,0.3829910699893614
Malaysia,17/01/2021,32365998,158434,601,0.4895,0.3793377684082962
Malaysia,18/01/2021,32365998,161740,605,0.4997,0.3740571287251144
Malaysia,19/01/2021,32365998,165371,619,0.5109,0.3743098850463503
Malaysia,20/01/2021,32365998,169379,630,0.5233,0.37194693557052527
Malaysia,21/01/2021,32365998,172549,642,0.5331,0.3720682240986618
Malaysia,22/01/2021,32365998,176180,660,0.5443,0.37461686911113634
Malaysia,23/01/2021,32365998,180455,667,0.5575,0.36962123521099444
Malaysia,24/01/2021,32365998,183801,678,0.5679,0.36887720959080744
Malaysia,25/01/2021,32365998,186849,689,0.5773,0.36874695609823976
Malaysia,26/01/2021,32365998,190434,700,0.5884,0.3675814192843715
Malaysia,27/01/2021,32365998,194114,707,0.5997,0.3642189641138712
Malaysia,28/01/2021,32365998,198208,717,0.6124,0.36174120116241526
Malaysia,29/01/2021,32365998,203933,733,0.6301,0.35943177416112154
Malaysia,30/01/2021,32365998,209661,746,0.6478,0.3558124782386805
Malaysia,31/01/2021,32365998,214959,760,0.6642,0.35355579436078505
Malaysia,01/02/2021,32365998,219173,770,0.6772,0.3513206462474849
Malaysia,02/02/2021,32365998,222628,791,0.6878,0.3553012199723305
Malaysia,03/02/2021,32365998,226912,809,0.7011,0.3565258778733606
Malaysia,04/02/2021,32365998,231483,826,0.7152,0.35682965919743564
Malaysia,05/02/2021,32365998,234874,845,0.7257,0.35976736462954606
Malaysia,06/02/2021,32365998,238721,857,0.7376,0.35899648543697454
Malaysia,07/02/2021,32365998,242452,872,0.7491,0.359658819065217
Malaysia,08/02/2021,32365998,245552,896,0.7587,0.36489216133446273
Malaysia,09/02/2021,32365998,248316,909,0.7672,0.36606581935920357
Malaysia,10/02/2021,32365998,251604,923,0.7774,0.3668463140490612
Malaysia,11/02/2021,32365998,254988,936,0.7878,0.36707609769871524
Malaysia,12/02/2021,32365998,258306,953,0.7981,0.36894226227807325
Malaysia,13/02/2021,32365998,261805,958,0.8089,0.365921200893795
Malaysia,14/02/2021,32365998,264269,965,0.8165,0.36515822892582933
Malaysia,15/02/2021,32365998,266445,975,0.8232,0.36592917862973595
Malaysia,16/02/2021,32365998,269165,983,0.8316,0.3652034997120725
Malaysia,17/02/2021,32365998,272163,1005,0.8409,0.36926400723096087
Malaysia,18/02/2021,32365998,274875,1030,0.8493,0.3747157798999545
Malaysia,19/02/2021,32365998,277811,1043,0.8583,0.37543509796228375
Malaysia,20/02/2021,32365998,280272,1051,0.8659,0.3749928640748987
Malaysia,21/02/2021,32365998,283569,1056,0.8761,0.37239613639008495
Malaysia,22/02/2021,32365998,285761,1062,0.8829,0.371639236984753
Malaysia,23/02/2021,32365998,288229,1076,0.8905,0.37331427441374737
Malaysia,24/02/2021,32365998,291774,1088,0.9015,0.37289134741272356
Malaysia,25/02/2021,32365998,293698,1100,0.9074,0.3745343856614618
Malaysia,26/02/2021,32365998,295951,1111,0.9144,0.37539998175373623
Malaysia,27/02/2021,32365998,298315,1121,0.9217,0.3757772824028292
Malaysia,28/02/2021,32365998,300752,1130,0.9292,0.3757248497100601
Malaysia,01/03/2021,32365998,302580,1135,0.9349,0.3751074096106815
Malaysia,02/03/2021,32365998,304135,1141,0.9397,0.3751623456688642
Malaysia,03/03/2021,32365998,305880,1148,0.9451,0.37531057931214856
Malaysia,04/03/2021,32365998,307943,1153,0.9514,0.3744199413527828
Malaysia,05/03/2021,32365998,310097,1159,0.9581,0.37375401890376236
Malaysia,06/03/2021,32365998,311777,1166,0.9633,0.3739852522796743
Malaysia,07/03/2021,32365998,313460,1169,0.9685,0.3729343456900402
Malaysia,08/03/2021,32365998,314989,1177,0.9732,0.3736638422294112
Malaysia,09/03/2021,32365998,316269,1186,0.9772,0.37499723336779767
Malaysia,10/03/2021,32365998,317717,1191,0.9816,0.37486190540638364
Malaysia,11/03/2021,32365998,319364,1200,0.9867,0.37574679675855766
Malaysia,12/03/2021,32365998,320939,1203,0.9916,0.3748375859587024
Malaysia,13/03/2021,32365998,322409,1206,0.9961,0.37405903681348845
Malaysia,14/03/2021,32365998,323763,1210,1.0003,0.3737301668195563
Malaysia,15/03/2021,32365998,324971,1213,1.0041,0.37326407587138544
Malaysia,16/03/2021,32365998,326034,1218,1.0073,0.37358066950072694
Malaysia,17/03/2021,32365998,327253,1220,1.0111,0.3728002493483635
Malaysia,18/03/2021,32365998,328466,1223,1.0148,0.37233686287165185
Malaysia,19/03/2021,32365998,330042,1225,1.0197,0.37116488204531545
Malaysia,20/03/2021,32365998,331713,1229,1.0249,0.3705010053871871
Malaysia,21/03/2021,32365998,333040,1233,1.0290,0.37022579870285854
Malaysia,22/03/2021,32365998,334156,1238,1.0324,0.37048564143693363
Malaysia,23/03/2021,32365998,335540,1244,1.0367,0.37074566370626455
Malaysia,24/03/2021,32365998,336808,1246,1.0406,0.3699437068003135
Malaysia,25/03/2021,32365998,338168,1248,1.0448,0.36904733741808804
Malaysia,26/03/2021,32365998,339443,1249,1.0488,0.3679557392551916
Malaysia,27/03/2021,32365998,340642,1251,1.0525,0.3672477263520059
Malaysia,28/03/2021,32365998,341944,1255,1.0565,0.3670191610322158
Malaysia,29/03/2021,32365998,342885,1260,1.0594,0.3674701430508771
Malaysia,30/03/2021,32365998,344018,1265,1.0629,0.367713317326419
Malaysia,31/03/2021,32365998,345500,1272,1.0675,0.36816208393632416
Malaysia,01/04/2021,32365998,346678,1278,1.0711,0.36864179440287526
Malaysia,02/04/2021,32365998,347972,1283,1.0751,0.3687078270665456
Malaysia,03/04/2021,32365998,349610,1286,1.0802,0.36783844855696346
Malaysia,04/04/2021,32365998,350959,1288,1.0843,0.36699443524742204
Malaysia,05/04/2021,32365998,352029,1295,1.0877,0.36786742001369205
Malaysia,06/04/2021,32365998,353329,1300,1.0917,0.36792904063917764
Malaysia,07/04/2021,32365998,354468,1304,1.0952,0.36787523838541136
Malaysia,08/04/2021,32365998,355753,1308,1.0992,0.36767082779344096
Malaysia,09/04/2021,32365998,357607,1313,1.1049,0.36716283517940085
Malaysia,10/04/2021,32365998,359117,1321,1.1096,0.3678466906328578
Malaysia,11/04/2021,32365998,360856,1329,1.1149,0.36829095262376127
Malaysia,12/04/2021,32365998,362173,1333,1.1190,0.3680561499614825
Malaysia,13/04/2021,32365998,363940,1345,1.1245,0.36956641204594165
Malaysia,14/04/2021,32365998,365829,1353,1.1303,0.3698449275481167
Malaysia,15/04/2021,32365998,367977,1363,1.1369,0.37040358500667164
Malaysia,16/04/2021,32365998,370528,1365,1.1448,0.368393211849037
Malaysia,17/04/2021,32365998,372859,1370,1.1520,0.3674311200748809
Malaysia,18/04/2021,32365998,375054,1378,1.1588,0.36741375908535834
Malaysia,19/04/2021,32365998,377132,1386,1.1652,0.367510579850026
Malaysia,20/04/2021,32365998,379473,1389,1.1724,0.36603394707923886
Malaysia,21/04/2021,32365998,381813,1400,1.1797,0.3666716429246778
Malaysia,22/04/2021,32365998,384688,1407,1.1886,0.3657509462213534
Malaysia,23/04/2021,32365998,387535,1415,1.1974,0.3651283109912653
Malaysia,24/04/2021,32365998,390252,1426,1.2057,0.36540491784795465
Malaysia,25/04/2021,32365998,392942,1436,1.2141,0.3654483358867212
Malaysia,26/04/2021,32365998,395718,1449,1.2226,0.36616984822525134
Malaysia,27/04/2021,32365998,398451,1462,1.2311,0.3669209011898577
Malaysia,28/04/2021,32365998,401593,1477,1.2408,0.3677852950624139
Malaysia,29/04/2021,32365998,404925,1492,1.2511,0.368463295672038
Malaysia,30/04/2021,32365998,408713,1506,1.2628,0.368473721168644
Myanmar,27/03/2020,54409794,8,NULL,0.0000,NULL
Myanmar,28/03/2020,54409794,8,NULL,0.0000,NULL
Myanmar,29/03/2020,54409794,10,NULL,0.0000,NULL
Myanmar,30/03/2020,54409794,14,NULL,0.0000,NULL
Myanmar,31/03/2020,54409794,15,1,0.0000,6.666666666666667
Myanmar,01/04/2020,54409794,15,1,0.0000,6.666666666666667
Myanmar,02/04/2020,54409794,20,1,0.0000,5
Myanmar,03/04/2020,54409794,20,1,0.0000,5
Myanmar,04/04/2020,54409794,21,1,0.0000,4.761904761904762
Myanmar,05/04/2020,54409794,21,1,0.0000,4.761904761904762
Myanmar,06/04/2020,54409794,22,1,0.0000,4.545454545454546
Myanmar,07/04/2020,54409794,22,1,0.0000,4.545454545454546
Myanmar,08/04/2020,54409794,22,3,0.0000,13.636363636363635
Myanmar,09/04/2020,54409794,23,3,0.0000,13.043478260869565
Myanmar,10/04/2020,54409794,27,3,0.0000,11.11111111111111
Myanmar,11/04/2020,54409794,38,3,0.0001,7.894736842105263
Myanmar,12/04/2020,54409794,41,4,0.0001,9.75609756097561
Myanmar,13/04/2020,54409794,62,4,0.0001,6.451612903225806
Myanmar,14/04/2020,54409794,63,4,0.0001,6.349206349206349
Myanmar,15/04/2020,54409794,74,4,0.0001,5.405405405405405
Myanmar,16/04/2020,54409794,85,4,0.0002,4.705882352941177
Myanmar,17/04/2020,54409794,88,4,0.0002,4.545454545454546
Myanmar,18/04/2020,54409794,98,5,0.0002,5.1020408163265305
Myanmar,19/04/2020,54409794,111,5,0.0002,4.504504504504505
Myanmar,20/04/2020,54409794,119,5,0.0002,4.201680672268908
Myanmar,21/04/2020,54409794,121,5,0.0002,4.132231404958678
Myanmar,22/04/2020,54409794,123,5,0.0002,4.0650406504065035
Myanmar,23/04/2020,54409794,139,5,0.0003,3.597122302158273
Myanmar,24/04/2020,54409794,144,5,0.0003,3.4722222222222223
Myanmar,25/04/2020,54409794,146,5,0.0003,3.4246575342465753
Myanmar,26/04/2020,54409794,146,5,0.0003,3.4246575342465753
Myanmar,27/04/2020,54409794,146,5,0.0003,3.4246575342465753
Myanmar,28/04/2020,54409794,150,5,0.0003,3.3333333333333335
Myanmar,29/04/2020,54409794,150,6,0.0003,4
Myanmar,30/04/2020,54409794,151,6,0.0003,3.9735099337748347
Myanmar,01/05/2020,54409794,151,6,0.0003,3.9735099337748347
Myanmar,02/05/2020,54409794,151,6,0.0003,3.9735099337748347
Myanmar,03/05/2020,54409794,155,6,0.0003,3.870967741935484
Myanmar,04/05/2020,54409794,161,6,0.0003,3.7267080745341614
Myanmar,05/05/2020,54409794,161,6,0.0003,3.7267080745341614
Myanmar,06/05/2020,54409794,161,6,0.0003,3.7267080745341614
Myanmar,07/05/2020,54409794,176,6,0.0003,3.4090909090909087
Myanmar,08/05/2020,54409794,177,6,0.0003,3.389830508474576
Myanmar,09/05/2020,54409794,178,6,0.0003,3.3707865168539324
Myanmar,10/05/2020,54409794,180,6,0.0003,3.3333333333333335
Myanmar,11/05/2020,54409794,180,6,0.0003,3.3333333333333335
Myanmar,12/05/2020,54409794,180,6,0.0003,3.3333333333333335
Myanmar,13/05/2020,54409794,181,6,0.0003,3.314917127071823
Myanmar,14/05/2020,54409794,181,6,0.0003,3.314917127071823
Myanmar,15/05/2020,54409794,182,6,0.0003,3.296703296703297
Myanmar,16/05/2020,54409794,182,6,0.0003,3.296703296703297
Myanmar,17/05/2020,54409794,184,6,0.0003,3.260869565217391
Myanmar,18/05/2020,54409794,191,6,0.0004,3.1413612565445024
Myanmar,19/05/2020,54409794,193,6,0.0004,3.1088082901554404
Myanmar,20/05/2020,54409794,199,6,0.0004,3.015075376884422
Myanmar,21/05/2020,54409794,199,6,0.0004,3.015075376884422
Myanmar,22/05/2020,54409794,199,6,0.0004,3.015075376884422
Myanmar,23/05/2020,54409794,201,6,0.0004,2.9850746268656714
Myanmar,24/05/2020,54409794,201,6,0.0004,2.9850746268656714
Myanmar,25/05/2020,54409794,203,6,0.0004,2.955665024630542
Myanmar,26/05/2020,54409794,206,6,0.0004,2.912621359223301
Myanmar,27/05/2020,54409794,206,6,0.0004,2.912621359223301
Myanmar,28/05/2020,54409794,206,6,0.0004,2.912621359223301
Myanmar,29/05/2020,54409794,207,6,0.0004,2.898550724637681
Myanmar,30/05/2020,54409794,224,6,0.0004,2.6785714285714284
Myanmar,31/05/2020,54409794,224,6,0.0004,2.6785714285714284
Myanmar,01/06/2020,54409794,228,6,0.0004,2.631578947368421
Myanmar,02/06/2020,54409794,232,6,0.0004,2.586206896551724
Myanmar,03/06/2020,54409794,233,6,0.0004,2.575107296137339
Myanmar,04/06/2020,54409794,236,6,0.0004,2.5423728813559325
Myanmar,05/06/2020,54409794,236,6,0.0004,2.5423728813559325
Myanmar,06/06/2020,54409794,240,6,0.0004,2.5
Myanmar,07/06/2020,54409794,242,6,0.0004,2.479338842975207
Myanmar,08/06/2020,54409794,244,6,0.0004,2.459016393442623
Myanmar,09/06/2020,54409794,246,6,0.0005,2.4390243902439024
Myanmar,10/06/2020,54409794,248,6,0.0005,2.4193548387096775
Myanmar,11/06/2020,54409794,260,6,0.0005,2.307692307692308
Myanmar,12/06/2020,54409794,261,6,0.0005,2.2988505747126435
Myanmar,13/06/2020,54409794,261,6,0.0005,2.2988505747126435
Myanmar,14/06/2020,54409794,261,6,0.0005,2.2988505747126435
Myanmar,15/06/2020,54409794,262,6,0.0005,2.2900763358778624
Myanmar,16/06/2020,54409794,262,6,0.0005,2.2900763358778624
Myanmar,17/06/2020,54409794,262,6,0.0005,2.2900763358778624
Myanmar,18/06/2020,54409794,286,6,0.0005,2.097902097902098
Myanmar,19/06/2020,54409794,286,6,0.0005,2.097902097902098
Myanmar,20/06/2020,54409794,287,6,0.0005,2.0905923344947737
Myanmar,21/06/2020,54409794,290,6,0.0005,2.0689655172413794
Myanmar,22/06/2020,54409794,291,6,0.0005,2.0618556701030926
Myanmar,23/06/2020,54409794,292,6,0.0005,2.054794520547945
Myanmar,24/06/2020,54409794,293,6,0.0005,2.04778156996587
Myanmar,25/06/2020,54409794,293,6,0.0005,2.04778156996587
Myanmar,26/06/2020,54409794,293,6,0.0005,2.04778156996587
Myanmar,27/06/2020,54409794,296,6,0.0005,2.027027027027027
Myanmar,28/06/2020,54409794,299,6,0.0005,2.0066889632107023
Myanmar,29/06/2020,54409794,299,6,0.0005,2.0066889632107023
Myanmar,30/06/2020,54409794,299,6,0.0005,2.0066889632107023
Myanmar,01/07/2020,54409794,303,6,0.0006,1.9801980198019802
Myanmar,02/07/2020,54409794,304,6,0.0006,1.9736842105263157
Myanmar,03/07/2020,54409794,306,6,0.0006,1.9607843137254901
Myanmar,04/07/2020,54409794,313,6,0.0006,1.9169329073482428
Myanmar,05/07/2020,54409794,313,6,0.0006,1.9169329073482428
Myanmar,06/07/2020,54409794,316,6,0.0006,1.89873417721519
Myanmar,07/07/2020,54409794,316,6,0.0006,1.89873417721519
Myanmar,08/07/2020,54409794,317,6,0.0006,1.8927444794952681
Myanmar,09/07/2020,54409794,321,6,0.0006,1.8691588785046727
Myanmar,10/07/2020,54409794,326,6,0.0006,1.8404907975460123
Myanmar,11/07/2020,54409794,330,6,0.0006,1.8181818181818181
Myanmar,12/07/2020,54409794,331,6,0.0006,1.812688821752266
Myanmar,13/07/2020,54409794,336,6,0.0006,1.7857142857142856
Myanmar,14/07/2020,54409794,337,6,0.0006,1.7804154302670623
Myanmar,15/07/2020,54409794,337,6,0.0006,1.7804154302670623
Myanmar,16/07/2020,54409794,339,6,0.0006,1.7699115044247788
Myanmar,17/07/2020,54409794,339,6,0.0006,1.7699115044247788
Myanmar,18/07/2020,54409794,340,6,0.0006,1.7647058823529411
Myanmar,19/07/2020,54409794,341,6,0.0006,1.7595307917888565
Myanmar,20/07/2020,54409794,341,6,0.0006,1.7595307917888565
Myanmar,21/07/2020,54409794,341,6,0.0006,1.7595307917888565
Myanmar,22/07/2020,54409794,343,6,0.0006,1.749271137026239
Myanmar,23/07/2020,54409794,343,6,0.0006,1.749271137026239
Myanmar,24/07/2020,54409794,346,6,0.0006,1.7341040462427744
Myanmar,25/07/2020,54409794,348,6,0.0006,1.7241379310344827
Myanmar,26/07/2020,54409794,350,6,0.0006,1.7142857142857144
Myanmar,27/07/2020,54409794,350,6,0.0006,1.7142857142857144
Myanmar,28/07/2020,54409794,351,6,0.0006,1.7094017094017095
Myanmar,29/07/2020,54409794,351,6,0.0006,1.7094017094017095
Myanmar,30/07/2020,54409794,353,6,0.0006,1.69971671388102
Myanmar,31/07/2020,54409794,353,6,0.0006,1.69971671388102
Myanmar,01/08/2020,54409794,353,6,0.0006,1.69971671388102
Myanmar,02/08/2020,54409794,353,6,0.0006,1.69971671388102
Myanmar,03/08/2020,54409794,355,6,0.0007,1.6901408450704223
Myanmar,04/08/2020,54409794,356,6,0.0007,1.6853932584269662
Myanmar,05/08/2020,54409794,357,6,0.0007,1.680672268907563
Myanmar,06/08/2020,54409794,357,6,0.0007,1.680672268907563
Myanmar,07/08/2020,54409794,359,6,0.0007,1.6713091922005572
Myanmar,08/08/2020,54409794,359,6,0.0007,1.6713091922005572
Myanmar,09/08/2020,54409794,360,6,0.0007,1.6666666666666667
Myanmar,10/08/2020,54409794,360,6,0.0007,1.6666666666666667
Myanmar,11/08/2020,54409794,360,6,0.0007,1.6666666666666667
Myanmar,12/08/2020,54409794,361,6,0.0007,1.662049861495845
Myanmar,13/08/2020,54409794,369,6,0.0007,1.6260162601626018
Myanmar,14/08/2020,54409794,374,6,0.0007,1.6042780748663104
Myanmar,15/08/2020,54409794,374,6,0.0007,1.6042780748663104
Myanmar,16/08/2020,54409794,375,6,0.0007,1.6
Myanmar,17/08/2020,54409794,376,6,0.0007,1.5957446808510638
Myanmar,18/08/2020,54409794,376,6,0.0007,1.5957446808510638
Myanmar,19/08/2020,54409794,394,6,0.0007,1.5228426395939088
Myanmar,20/08/2020,54409794,399,6,0.0007,1.5037593984962405
Myanmar,21/08/2020,54409794,435,6,0.0008,1.3793103448275863
Myanmar,22/08/2020,54409794,441,6,0.0008,1.3605442176870748
Myanmar,23/08/2020,54409794,450,6,0.0008,1.3333333333333335
Myanmar,24/08/2020,54409794,474,6,0.0009,1.2658227848101267
Myanmar,25/08/2020,54409794,504,6,0.0009,1.1904761904761905
Myanmar,26/08/2020,54409794,580,6,0.0011,1.0344827586206897
Myanmar,27/08/2020,54409794,602,6,0.0011,0.9966777408637874
Myanmar,28/08/2020,54409794,643,6,0.0012,0.9331259720062209
Myanmar,29/08/2020,54409794,749,6,0.0014,0.801068090787717
Myanmar,30/08/2020,54409794,775,6,0.0014,0.7741935483870968
Myanmar,31/08/2020,54409794,882,6,0.0016,0.6802721088435374
Myanmar,01/09/2020,54409794,919,6,0.0017,0.6528835690968444
Myanmar,02/09/2020,54409794,995,6,0.0018,0.6030150753768844
Myanmar,03/09/2020,54409794,1111,6,0.0020,0.54005400540054
Myanmar,04/09/2020,54409794,1171,7,0.0022,0.5977796754910333
Myanmar,05/09/2020,54409794,1319,8,0.0024,0.6065200909780136
Myanmar,06/09/2020,54409794,1419,8,0.0026,0.5637773079633545
Myanmar,07/09/2020,54409794,1518,8,0.0028,0.5270092226613966
Myanmar,08/09/2020,54409794,1807,12,0.0033,0.6640841173215274
Myanmar,09/09/2020,54409794,2009,14,0.0037,0.6968641114982579
Myanmar,10/09/2020,54409794,2150,14,0.0040,0.6511627906976745
Myanmar,11/09/2020,54409794,2422,14,0.0045,0.5780346820809248
Myanmar,12/09/2020,54409794,2796,16,0.0051,0.5722460658082975
Myanmar,13/09/2020,54409794,3015,24,0.0055,0.7960199004975124
Myanmar,14/09/2020,54409794,3195,32,0.0059,1.001564945226917
Myanmar,15/09/2020,54409794,3636,39,0.0067,1.0726072607260726
Myanmar,16/09/2020,54409794,3894,46,0.0072,1.1813045711350796
Myanmar,17/09/2020,54409794,4299,61,0.0079,1.4189346359618515
Myanmar,18/09/2020,54409794,4621,75,0.0085,1.6230253191949793
Myanmar,19/09/2020,54409794,5263,81,0.0097,1.5390461713851415
Myanmar,20/09/2020,54409794,5805,94,0.0107,1.619293712316968
Myanmar,21/09/2020,54409794,6471,100,0.0119,1.5453562046051614
Myanmar,22/09/2020,54409794,6959,116,0.0128,1.666906164678833
Myanmar,23/09/2020,54409794,7827,133,0.0144,1.6992461990545549
Myanmar,24/09/2020,54409794,8515,155,0.0156,1.8203170874926602
Myanmar,25/09/2020,54409794,9112,174,0.0167,1.9095697980684814
Myanmar,26/09/2020,54409794,9991,198,0.0184,1.9817836052447202
Myanmar,27/09/2020,54409794,10734,226,0.0197,2.105459288242966
Myanmar,28/09/2020,54409794,11631,256,0.0214,2.2010145301349837
Myanmar,29/09/2020,54409794,12425,284,0.0228,2.2857142857142856
Myanmar,30/09/2020,54409794,13373,310,0.0246,2.318103641666043
Myanmar,01/10/2020,54409794,14383,321,0.0264,2.231801432246402
Myanmar,02/10/2020,54409794,15525,353,0.0285,2.2737520128824475
Myanmar,03/10/2020,54409794,16503,371,0.0303,2.248076107374417
Myanmar,04/10/2020,54409794,17794,412,0.0327,2.315387209171631
Myanmar,05/10/2020,54409794,18781,444,0.0345,2.3640913689366916
Myanmar,06/10/2020,54409794,20033,471,0.0368,2.351120650925972
Myanmar,07/10/2020,54409794,21433,510,0.0394,2.379508234964774
Myanmar,08/10/2020,54409794,22445,535,0.0413,2.3836043662285586
Myanmar,09/10/2020,54409794,23906,566,0.0439,2.367606458629633
Myanmar,10/10/2020,54409794,26064,598,0.0479,2.294352363413137
Myanmar,11/10/2020,54409794,27974,646,0.0514,2.3092871952527347
Myanmar,12/10/2020,54409794,29314,664,0.0539,2.2651292897591593
Myanmar,13/10/2020,54409794,30437,693,0.0559,2.2768341163715218
Myanmar,14/10/2020,54409794,31325,732,0.0576,2.3367916999201914
Myanmar,15/10/2020,54409794,32351,765,0.0595,2.364687335785602
Myanmar,16/10/2020,54409794,33488,799,0.0615,2.3859292881032013
Myanmar,17/10/2020,54409794,34875,838,0.0641,2.402867383512545
Myanmar,18/10/2020,54409794,36025,880,0.0662,2.4427480916030535
Myanmar,19/10/2020,54409794,37205,914,0.0684,2.4566590512027955
Myanmar,20/10/2020,54409794,38502,945,0.0708,2.4544179523141656
Myanmar,21/10/2020,54409794,39696,972,0.0730,2.448609431680774
Myanmar,22/10/2020,54409794,41008,1005,0.0754,2.45074131876707
Myanmar,23/10/2020,54409794,42365,1038,0.0779,2.4501357252448956
Myanmar,24/10/2020,54409794,43788,1066,0.0805,2.4344569288389515
Myanmar,25/10/2020,54409794,44774,1095,0.0823,2.445615759145933
Myanmar,26/10/2020,54409794,46200,1122,0.0849,2.4285714285714284
Myanmar,27/10/2020,54409794,47666,1147,0.0876,2.406327361221835
Myanmar,28/10/2020,54409794,49072,1172,0.0902,2.3883273557222044
Myanmar,29/10/2020,54409794,50403,1199,0.0926,2.378826657143424
Myanmar,30/10/2020,54409794,51496,1219,0.0946,2.367174149448501
Myanmar,31/10/2020,54409794,52706,1237,0.0969,2.34698136834516
Myanmar,01/11/2020,54409794,53405,1258,0.0982,2.3555846830821086
Myanmar,02/11/2020,54409794,54607,1282,0.1004,2.3476843628106288
Myanmar,03/11/2020,54409794,55804,1307,0.1026,2.342126012472224
Myanmar,04/11/2020,54409794,56940,1330,0.1047,2.335792061819459
Myanmar,05/11/2020,54409794,57935,1352,0.1065,2.333649779925779
Myanmar,06/11/2020,54409794,59277,1376,0.1089,2.3213050592978726
Myanmar,07/11/2020,54409794,60348,1396,0.1109,2.3132498177238685
Myanmar,08/11/2020,54409794,61377,1420,0.1128,2.3135702298906757
Myanmar,09/11/2020,54409794,61975,1437,0.1139,2.318676885841065
Myanmar,10/11/2020,54409794,63241,1461,0.1162,2.3102101484796256
Myanmar,11/11/2020,54409794,64453,1480,0.1185,2.2962468775697022
Myanmar,12/11/2020,54409794,65598,1508,0.1206,2.2988505747126435
Myanmar,13/11/2020,54409794,66734,1534,0.1227,2.298678334881769
Myanmar,14/11/2020,54409794,68011,1552,0.1250,2.281983796738763
Myanmar,15/11/2020,54409794,68994,1577,0.1268,2.285706003420587
Myanmar,16/11/2020,54409794,70161,1599,0.1289,2.2790439132851583
Myanmar,17/11/2020,54409794,71730,1625,0.1318,2.2654398438589154
Myanmar,18/11/2020,54409794,73322,1650,0.1348,2.250347781020703
Myanmar,19/11/2020,54409794,74882,1676,0.1376,2.2381880825832643
Myanmar,20/11/2020,54409794,76414,1695,0.1404,2.2181799146753214
Myanmar,21/11/2020,54409794,77848,1722,0.1431,2.212002877402117
Myanmar,22/11/2020,54409794,79246,1739,0.1456,2.1944325265628546
Myanmar,23/11/2020,54409794,80505,1765,0.1480,2.192410409291348
Myanmar,24/11/2020,54409794,82236,1784,0.1511,2.1693662143100347
Myanmar,25/11/2020,54409794,83566,1810,0.1536,2.1659526601727976
Myanmar,26/11/2020,54409794,85205,1846,0.1566,2.166539522328502
Myanmar,27/11/2020,54409794,86633,1865,0.1592,2.1527593411286694
Myanmar,28/11/2020,54409794,87977,1887,0.1617,2.1448787751344103
Myanmar,29/11/2020,54409794,89486,1918,0.1645,2.143352032720202
Myanmar,30/11/2020,54409794,90713,1941,0.1667,2.139715366044558
Myanmar,01/12/2020,54409794,92189,1972,0.1694,2.139083838635846
Myanmar,02/12/2020,54409794,93600,1998,0.1720,2.1346153846153846
Myanmar,03/12/2020,54409794,95018,2028,0.1746,2.1343324422740952
Myanmar,04/12/2020,54409794,96520,2059,0.1774,2.133236634894322
Myanmar,05/12/2020,54409794,98047,2081,0.1802,2.122451477352698
Myanmar,06/12/2020,54409794,99155,2110,0.1822,2.1279814431949977
Myanmar,07/12/2020,54409794,100431,2132,0.1846,2.1228505142834386
Myanmar,08/12/2020,54409794,101739,2151,0.1870,2.1142334797865128
Myanmar,09/12/2020,54409794,103166,2174,0.1896,2.1072834073241182
Myanmar,10/12/2020,54409794,104487,2201,0.1920,2.1064821461043
Myanmar,11/12/2020,54409794,105863,2220,0.1946,2.0970499607983903
Myanmar,12/12/2020,54409794,107215,2245,0.1971,2.0939234248939047
Myanmar,13/12/2020,54409794,108342,2268,0.1991,2.093370991859113
Myanmar,14/12/2020,54409794,109512,2292,0.2013,2.0929213236905544
Myanmar,15/12/2020,54409794,110667,2319,0.2034,2.095475616037301
Myanmar,16/12/2020,54409794,111900,2346,0.2057,2.096514745308311
Myanmar,17/12/2020,54409794,113082,2377,0.2078,2.1020144673776553
Myanmar,18/12/2020,54409794,114198,2398,0.2099,2.099861643811625
Myanmar,19/12/2020,54409794,115187,2424,0.2117,2.1044041428286175
Myanmar,20/12/2020,54409794,116134,2443,0.2134,2.1036044569204537
Myanmar,21/12/2020,54409794,116982,2465,0.2150,2.107161785573849
Myanmar,22/12/2020,54409794,117946,2484,0.2168,2.106048530683533
Myanmar,23/12/2020,54409794,118869,2507,0.2185,2.1090444102331136
Myanmar,24/12/2020,54409794,119788,2532,0.2202,2.1137342638661636
Myanmar,25/12/2020,54409794,120546,2552,0.2216,2.1170341612330565
Myanmar,26/12/2020,54409794,121280,2579,0.2229,2.126484168865435
Myanmar,27/12/2020,54409794,121886,2601,0.2240,2.1339612424724743
Myanmar,28/12/2020,54409794,122534,2618,0.2252,2.1365498555502964
Myanmar,29/12/2020,54409794,123153,2637,0.2263,2.141238946676086
Myanmar,30/12/2020,54409794,123740,2664,0.2274,2.152901244545014
Myanmar,31/12/2020,54409794,124630,2682,0.2291,2.151969830698869
Myanmar,01/01/2021,54409794,125042,2697,0.2298,2.1568752899025925
Myanmar,02/01/2021,54409794,125616,2711,0.2309,2.158164565023564
Myanmar,03/01/2021,54409794,126345,2728,0.2322,2.159167359214848
Myanmar,04/01/2021,54409794,126935,2744,0.2333,2.161736321739473
Myanmar,05/01/2021,54409794,127584,2766,0.2345,2.1679834462001506
Myanmar,06/01/2021,54409794,128178,2785,0.2356,2.172759755964362
Myanmar,07/01/2021,54409794,128772,2799,0.2367,2.1736091696952755
Myanmar,08/01/2021,54409794,129483,2812,0.2380,2.1717136612528285
Myanmar,09/01/2021,54409794,130049,2826,0.2390,2.173027089789233
Myanmar,10/01/2021,54409794,130604,2846,0.2400,2.1791063060855715
Myanmar,11/01/2021,54409794,131186,2858,0.2411,2.1785861296174898
Myanmar,12/01/2021,54409794,131737,2878,0.2421,2.1846557914632942
Myanmar,13/01/2021,54409794,132260,2902,0.2431,2.194163012248601
Myanmar,14/01/2021,54409794,132865,2912,0.2442,2.1916983404207278
Myanmar,15/01/2021,54409794,133378,2926,0.2451,2.193765088695287
Myanmar,16/01/2021,54409794,133869,2942,0.2460,2.197670857330674
Myanmar,17/01/2021,54409794,134318,2955,0.2469,2.200002978007415
Myanmar,18/01/2021,54409794,134795,2973,0.2477,2.2055714232723767
Myanmar,19/01/2021,54409794,135243,2986,0.2486,2.207877672042176
Myanmar,20/01/2021,54409794,135721,2997,0.2494,2.2082065413605854
Myanmar,21/01/2021,54409794,136166,3013,0.2503,2.2127403316540106
Myanmar,22/01/2021,54409794,136591,3031,0.2510,2.2190334648695744
Myanmar,23/01/2021,54409794,137098,3045,0.2520,2.2210389648280793
Myanmar,24/01/2021,54409794,137574,3062,0.2528,2.2257112535798913
Myanmar,25/01/2021,54409794,137957,3069,0.2536,2.224606217879484
Myanmar,26/01/2021,54409794,138368,3082,0.2543,2.2273936170212765
Myanmar,27/01/2021,54409794,138802,3089,0.2551,2.2254722554430053
Myanmar,28/01/2021,54409794,139152,3103,0.2557,2.229935609980453
Myanmar,29/01/2021,54409794,139515,3115,0.2564,2.2327348313801383
Myanmar,30/01/2021,54409794,139864,3125,0.2571,2.2343133329520106
Myanmar,31/01/2021,54409794,140145,3131,0.2576,2.2341146669520855
Myanmar,01/02/2021,54409794,140354,3138,0.2580,2.2357752540005986
Myanmar,02/02/2021,54409794,140354,3138,0.2580,2.2357752540005986
Myanmar,03/02/2021,54409794,140927,3160,0.2590,2.2422956566165464
Myanmar,04/02/2021,54409794,141104,3163,0.2593,2.241609025966663
Myanmar,05/02/2021,54409794,141304,3168,0.2597,2.2419747494763063
Myanmar,06/02/2021,54409794,141304,3168,0.2597,2.2419747494763063
Myanmar,07/02/2021,54409794,141304,3168,0.2597,2.2419747494763063
Myanmar,08/02/2021,54409794,141427,3177,0.2599,2.246388596236928
Myanmar,09/02/2021,54409794,141448,3180,0.2600,2.248176008144336
Myanmar,10/02/2021,54409794,141487,3181,0.2600,2.248263091308742
Myanmar,11/02/2021,54409794,141522,3184,0.2601,2.2498268820395415
Myanmar,12/02/2021,54409794,141543,3188,0.2601,2.252319083246787
Myanmar,13/02/2021,54409794,141585,3188,0.2602,2.251650951725112
Myanmar,14/02/2021,54409794,141601,3189,0.2602,2.2521027393874338
Myanmar,15/02/2021,54409794,141637,3190,0.2603,2.2522363506710814
Myanmar,16/02/2021,54409794,141659,3192,0.2604,2.2532984137965113
Myanmar,17/02/2021,54409794,141690,3192,0.2604,2.252805420283718
Myanmar,18/02/2021,54409794,141709,3191,0.2604,2.2517976980996264
Myanmar,19/02/2021,54409794,141728,3194,0.2605,2.2536125536238427
Myanmar,20/02/2021,54409794,141735,3196,0.2605,2.254912336402441
Myanmar,21/02/2021,54409794,141750,3196,0.2605,2.254673721340388
Myanmar,22/02/2021,54409794,141761,3197,0.2605,2.2552041816860773
Myanmar,23/02/2021,54409794,141783,3197,0.2606,2.254854249098975
Myanmar,24/02/2021,54409794,141816,3197,0.2606,2.254329553788007
Myanmar,25/02/2021,54409794,141841,3198,0.2607,2.254637234650066
Myanmar,26/02/2021,54409794,141875,3198,0.2608,2.2540969162995594
Myanmar,27/02/2021,54409794,141890,3199,0.2608,2.254563394178589
Myanmar,28/02/2021,54409794,141896,3199,0.2608,2.254468061115183
Myanmar,01/03/2021,54409794,141916,3199,0.2608,2.254150342456101
Myanmar,02/03/2021,54409794,141965,3199,0.2609,2.2533723100764274
Myanmar,03/03/2021,54409794,141984,3199,0.2610,2.2530707685372997
Myanmar,04/03/2021,54409794,142000,3200,0.2610,2.2535211267605635
Myanmar,05/03/2021,54409794,142000,3200,0.2610,2.2535211267605635
Myanmar,06/03/2021,54409794,142023,3200,0.2610,2.2531561789287653
Myanmar,07/03/2021,54409794,142034,3200,0.2610,2.2529816804427107
Myanmar,08/03/2021,54409794,142045,3200,0.2611,2.252807208983069
Myanmar,09/03/2021,54409794,142059,3200,0.2611,2.25258519347595
Myanmar,10/03/2021,54409794,142073,3200,0.2611,2.252363221724043
Myanmar,11/03/2021,54409794,142114,3201,0.2612,2.2524170736169555
Myanmar,12/03/2021,54409794,142122,3201,0.2612,2.252290285810782
Myanmar,13/03/2021,54409794,142136,3201,0.2612,2.2520684414926553
Myanmar,14/03/2021,54409794,142147,3202,0.2613,2.252597662982687
Myanmar,15/03/2021,54409794,142147,3202,0.2613,2.252597662982687
Myanmar,16/03/2021,54409794,142162,3203,0.2613,2.253063406536205
Myanmar,17/03/2021,54409794,142190,3203,0.2613,2.2526197341585203
Myanmar,18/03/2021,54409794,142212,3204,0.2614,2.2529744325373384
Myanmar,19/03/2021,54409794,142212,3204,0.2614,2.2529744325373384
Myanmar,20/03/2021,54409794,142212,3204,0.2614,2.2529744325373384
Myanmar,21/03/2021,54409794,142212,3204,0.2614,2.2529744325373384
Myanmar,22/03/2021,54409794,142246,3204,0.2614,2.2524359208694795
Myanmar,23/03/2021,54409794,142264,3204,0.2615,2.252150930664117
Myanmar,24/03/2021,54409794,142292,3204,0.2615,2.2517077558822702
Myanmar,25/03/2021,54409794,142315,3204,0.2616,2.25134384991041
Myanmar,26/03/2021,54409794,142340,3205,0.2616,2.251650976535057
Myanmar,27/03/2021,54409794,142377,3206,0.2617,2.2517681928963245
Myanmar,28/03/2021,54409794,142385,3206,0.2617,2.251641675738315
Myanmar,29/03/2021,54409794,142393,3206,0.2617,2.2515151727964153
Myanmar,30/03/2021,54409794,142412,3206,0.2617,2.2512147852709044
Myanmar,31/03/2021,54409794,142434,3206,0.2618,2.250867068256175
Myanmar,01/04/2021,54409794,142466,3206,0.2618,2.2503614897589603
Myanmar,02/04/2021,54409794,142466,3206,0.2618,2.2503614897589603
Myanmar,03/04/2021,54409794,142479,3206,0.2619,2.2501561633644256
Myanmar,04/04/2021,54409794,142497,3206,0.2619,2.2498719271282903
Myanmar,05/04/2021,54409794,142511,3206,0.2619,2.249650904140733
Myanmar,06/04/2021,54409794,142530,3206,0.2620,2.2493510138216517
Myanmar,07/04/2021,54409794,142541,3206,0.2620,2.2491774296518194
Myanmar,08/04/2021,54409794,142549,3206,0.2620,2.2490512034458328
Myanmar,09/04/2021,54409794,142558,3206,0.2620,2.248909215898091
Myanmar,10/04/2021,54409794,142572,3206,0.2620,2.248688382010493
Myanmar,11/04/2021,54409794,142576,3206,0.2620,2.2486252945797327
Myanmar,12/04/2021,54409794,142596,3206,0.2621,2.248309910516424
Myanmar,13/04/2021,54409794,142596,3206,0.2621,2.248309910516424
Myanmar,14/04/2021,54409794,142605,3206,0.2621,2.2481680165492093
Myanmar,15/04/2021,54409794,142610,3206,0.2621,2.2480891943061496
Myanmar,16/04/2021,54409794,142617,3206,0.2621,2.24797885245097
Myanmar,17/04/2021,54409794,142619,3206,0.2621,2.247947328196103
Myanmar,18/04/2021,54409794,142628,3206,0.2621,2.247805479989904
Myanmar,19/04/2021,54409794,142644,3206,0.2622,2.2475533495975997
Myanmar,20/04/2021,54409794,142644,3206,0.2622,2.2475533495975997
Myanmar,21/04/2021,54409794,142661,3206,0.2622,2.247285523023111
Myanmar,22/04/2021,54409794,142674,3206,0.2622,2.247080757531155
Myanmar,23/04/2021,54409794,142687,3206,0.2622,2.246876029350957
Myanmar,24/04/2021,54409794,142704,3206,0.2623,2.246608364166386
Myanmar,25/04/2021,54409794,142712,3206,0.2623,2.246482426144963
Myanmar,26/04/2021,54409794,142722,3207,0.2623,2.247025686299239
Myanmar,27/04/2021,54409794,142740,3207,0.2623,2.2467423287095416
Myanmar,28/04/2021,54409794,142790,3209,0.2624,2.2473562574409973
Myanmar,29/04/2021,54409794,142800,3209,0.2625,2.2471988795518207
Myanmar,30/04/2021,54409794,142817,3209,0.2625,2.2469313877199495
Philippines,30/01/2020,109581085,1,NULL,0.0000,NULL
Philippines,31/01/2020,109581085,1,NULL,0.0000,NULL
Philippines,01/02/2020,109581085,1,NULL,0.0000,NULL
Philippines,02/02/2020,109581085,2,1,0.0000,50
Philippines,03/02/2020,109581085,2,1,0.0000,50
Philippines,04/02/2020,109581085,2,1,0.0000,50
Philippines,05/02/2020,109581085,2,1,0.0000,50
Philippines,06/02/2020,109581085,2,1,0.0000,50
Philippines,07/02/2020,109581085,3,1,0.0000,33.33333333333333
Philippines,08/02/2020,109581085,3,1,0.0000,33.33333333333333
Philippines,09/02/2020,109581085,3,1,0.0000,33.33333333333333
Philippines,10/02/2020,109581085,3,1,0.0000,33.33333333333333
Philippines,11/02/2020,109581085,3,1,0.0000,33.33333333333333
Philippines,12/02/2020,109581085,3,1,0.0000,33.33333333333333
Philippines,13/02/2020,109581085,3,1,0.0000,33.33333333333333
Philippines,14/02/2020,109581085,3,1,0.0000,33.33333333333333
Philippines,15/02/2020,109581085,3,1,0.0000,33.33333333333333
Philippines,16/02/2020,109581085,3,1,0.0000,33.33333333333333
Philippines,17/02/2020,109581085,3,1,0.0000,33.33333333333333
Philippines,18/02/2020,109581085,3,1,0.0000,33.33333333333333
Philippines,19/02/2020,109581085,3,1,0.0000,33.33333333333333
Philippines,20/02/2020,109581085,3,1,0.0000,33.33333333333333
Philippines,21/02/2020,109581085,3,1,0.0000,33.33333333333333
Philippines,22/02/2020,109581085,3,1,0.0000,33.33333333333333
Philippines,23/02/2020,109581085,3,1,0.0000,33.33333333333333
Philippines,24/02/2020,109581085,3,1,0.0000,33.33333333333333
Philippines,25/02/2020,109581085,3,1,0.0000,33.33333333333333
Philippines,26/02/2020,109581085,3,1,0.0000,33.33333333333333
Philippines,27/02/2020,109581085,3,1,0.0000,33.33333333333333
Philippines,28/02/2020,109581085,3,1,0.0000,33.33333333333333
Philippines,29/02/2020,109581085,3,1,0.0000,33.33333333333333
Philippines,01/03/2020,109581085,3,1,0.0000,33.33333333333333
Philippines,02/03/2020,109581085,3,1,0.0000,33.33333333333333
Philippines,03/03/2020,109581085,3,1,0.0000,33.33333333333333
Philippines,04/03/2020,109581085,3,1,0.0000,33.33333333333333
Philippines,05/03/2020,109581085,3,1,0.0000,33.33333333333333
Philippines,06/03/2020,109581085,5,1,0.0000,20
Philippines,07/03/2020,109581085,6,1,0.0000,16.666666666666664
Philippines,08/03/2020,109581085,10,1,0.0000,10
Philippines,09/03/2020,109581085,20,1,0.0000,5
Philippines,10/03/2020,109581085,33,1,0.0000,3.0303030303030303
Philippines,11/03/2020,109581085,49,1,0.0000,2.0408163265306123
Philippines,12/03/2020,109581085,52,2,0.0000,3.8461538461538463
Philippines,13/03/2020,109581085,64,5,0.0001,7.8125
Philippines,14/03/2020,109581085,111,8,0.0001,7.207207207207207
Philippines,15/03/2020,109581085,140,11,0.0001,7.857142857142857
Philippines,16/03/2020,109581085,142,12,0.0001,8.450704225352112
Philippines,17/03/2020,109581085,187,12,0.0002,6.417112299465241
Philippines,18/03/2020,109581085,202,19,0.0002,9.405940594059405
Philippines,19/03/2020,109581085,217,17,0.0002,7.834101382488479
Philippines,20/03/2020,109581085,230,18,0.0002,7.82608695652174
Philippines,21/03/2020,109581085,307,19,0.0003,6.188925081433225
Philippines,22/03/2020,109581085,380,25,0.0003,6.578947368421052
Philippines,23/03/2020,109581085,462,33,0.0004,7.142857142857142
Philippines,24/03/2020,109581085,552,35,0.0005,6.340579710144928
Philippines,25/03/2020,109581085,636,38,0.0006,5.9748427672955975
Philippines,26/03/2020,109581085,707,45,0.0006,6.364922206506366
Philippines,27/03/2020,109581085,803,54,0.0007,6.724782067247821
Philippines,28/03/2020,109581085,1075,68,0.0010,6.325581395348837
Philippines,29/03/2020,109581085,1418,71,0.0013,5.007052186177715
Philippines,30/03/2020,109581085,1546,78,0.0014,5.045278137128072
Philippines,31/03/2020,109581085,2084,88,0.0019,4.222648752399232
Philippines,01/04/2020,109581085,2311,96,0.0021,4.154045867589788
Philippines,02/04/2020,109581085,2633,107,0.0024,4.063805545005697
Philippines,03/04/2020,109581085,3018,136,0.0028,4.506295559973492
Philippines,04/04/2020,109581085,3094,144,0.0028,4.654169360051713
Philippines,05/04/2020,109581085,3246,152,0.0030,4.682686383240911
Philippines,06/04/2020,109581085,3660,163,0.0033,4.453551912568305
Philippines,07/04/2020,109581085,3764,177,0.0034,4.702444208289054
Philippines,08/04/2020,109581085,3870,182,0.0035,4.702842377260982
Philippines,09/04/2020,109581085,4076,203,0.0037,4.980372914622178
Philippines,10/04/2020,109581085,4195,221,0.0038,5.268176400476758
Philippines,11/04/2020,109581085,4428,247,0.0040,5.578139114724481
Philippines,12/04/2020,109581085,4648,297,0.0042,6.389845094664372
Philippines,13/04/2020,109581085,4932,315,0.0045,6.386861313868613
Philippines,14/04/2020,109581085,5223,335,0.0048,6.413938349607505
Philippines,15/04/2020,109581085,5453,349,0.0050,6.400146708234001
Philippines,16/04/2020,109581085,5660,362,0.0052,6.395759717314488
Philippines,17/04/2020,109581085,5878,387,0.0054,6.583872065328343
Philippines,18/04/2020,109581085,6087,397,0.0056,6.522096270740923
Philippines,19/04/2020,109581085,6259,409,0.0057,6.5345901901262184
Philippines,20/04/2020,109581085,6459,428,0.0059,6.626412757392785
Philippines,21/04/2020,109581085,6599,437,0.0060,6.62221548719503
Philippines,22/04/2020,109581085,6710,446,0.0061,6.646795827123696
Philippines,23/04/2020,109581085,6981,462,0.0064,6.617963042544048
Philippines,24/04/2020,109581085,7192,477,0.0066,6.632369299221357
Philippines,25/04/2020,109581085,7294,494,0.0067,6.7726898820948715
Philippines,26/04/2020,109581085,7579,501,0.0069,6.610370761314158
Philippines,27/04/2020,109581085,7777,511,0.0071,6.5706570657065715
Philippines,28/04/2020,109581085,7958,530,0.0073,6.6599648152802216
Philippines,29/04/2020,109581085,8212,558,0.0075,6.794934242571846
Philippines,30/04/2020,109581085,8488,568,0.0077,6.691800188501413
Philippines,01/05/2020,109581085,8772,579,0.0080,6.600547195622434
Philippines,02/05/2020,109581085,8928,603,0.0081,6.754032258064516
Philippines,03/05/2020,109581085,9223,607,0.0084,6.581372655318226
Philippines,04/05/2020,109581085,9485,623,0.0087,6.568265682656826
Philippines,05/05/2020,109581085,9684,637,0.0088,6.57786038826931
Philippines,06/05/2020,109581085,10004,658,0.0091,6.577369052379048
Philippines,07/05/2020,109581085,10343,685,0.0094,6.622836701150536
Philippines,08/05/2020,109581085,10463,696,0.0095,6.652011851285482
Philippines,09/05/2020,109581085,10610,704,0.0097,6.635249764373233
Philippines,10/05/2020,109581085,10794,719,0.0099,6.661108022975728
Philippines,11/05/2020,109581085,11086,726,0.0101,6.5488002886523535
Philippines,12/05/2020,109581085,11350,751,0.0104,6.616740088105727
Philippines,13/05/2020,109581085,11618,772,0.0106,6.644861421931486
Philippines,14/05/2020,109581085,11876,790,0.0108,6.652071404513304
Philippines,15/05/2020,109581085,12091,806,0.0110,6.666115292366223
Philippines,16/05/2020,109581085,12305,817,0.0112,6.639577407557903
Philippines,17/05/2020,109581085,12513,824,0.0114,6.585151442499801
Philippines,18/05/2020,109581085,12718,831,0.0116,6.534046233684541
Philippines,19/05/2020,109581085,12942,837,0.0118,6.4673157162726005
Philippines,20/05/2020,109581085,13221,842,0.0121,6.36865592617805
Philippines,21/05/2020,109581085,13434,846,0.0123,6.2974542206342115
Philippines,22/05/2020,109581085,13597,857,0.0124,6.302860925204088
Philippines,23/05/2020,109581085,13777,863,0.0126,6.2640632938956236
Philippines,24/05/2020,109581085,14035,868,0.0128,6.184538653366584
Philippines,25/05/2020,109581085,14319,873,0.0131,6.0967944688874915
Philippines,26/05/2020,109581085,14669,886,0.0134,6.039948190060672
Philippines,27/05/2020,109581085,15049,904,0.0137,6.007043657385873
Philippines,28/05/2020,109581085,15588,921,0.0142,5.908391070053887
Philippines,29/05/2020,109581085,16634,942,0.0152,5.663099675363712
Philippines,30/05/2020,109581085,17224,950,0.0157,5.515559684161635
Philippines,31/05/2020,109581085,18086,957,0.0165,5.2913856021231895
Philippines,01/06/2020,109581085,18638,960,0.0170,5.150767249704904
Philippines,02/06/2020,109581085,18997,966,0.0173,5.0850134231720805
Philippines,03/06/2020,109581085,19748,974,0.0180,4.932145027344541
Philippines,04/06/2020,109581085,20382,984,0.0186,4.827789225787459
Philippines,05/06/2020,109581085,20626,987,0.0188,4.785222534664986
Philippines,06/06/2020,109581085,21340,994,0.0195,4.657919400187441
Philippines,07/06/2020,109581085,21895,1003,0.0200,4.580954555834666
Philippines,08/06/2020,109581085,22474,1011,0.0205,4.4985316365578
Philippines,09/06/2020,109581085,22992,1017,0.0210,4.4232776617954075
Philippines,10/06/2020,109581085,23732,1027,0.0217,4.327490308444295
Philippines,11/06/2020,109581085,24175,1036,0.0221,4.285418821096173
Philippines,12/06/2020,109581085,24787,1052,0.0226,4.24416024528987
Philippines,13/06/2020,109581085,25392,1074,0.0232,4.229678638941399
Philippines,14/06/2020,109581085,25930,1088,0.0237,4.1959120709602775
Philippines,15/06/2020,109581085,26420,1098,0.0241,4.155942467827403
Philippines,16/06/2020,109581085,26781,1103,0.0244,4.118591538777491
Philippines,17/06/2020,109581085,27238,1108,0.0249,4.067846391071297
Philippines,18/06/2020,109581085,27799,1116,0.0254,4.014532896866794
Philippines,19/06/2020,109581085,28459,1130,0.0260,3.970624407041709
Philippines,20/06/2020,109581085,29400,1150,0.0268,3.9115646258503403
Philippines,21/06/2020,109581085,30052,1169,0.0274,3.8899241315053907
Philippines,22/06/2020,109581085,30682,1177,0.0280,3.8361254155530933
Philippines,23/06/2020,109581085,31825,1186,0.0290,3.7266300078554595
Philippines,24/06/2020,109581085,32295,1204,0.0295,3.728131289673324
Philippines,25/06/2020,109581085,33069,1212,0.0302,3.6650639571804406
Philippines,26/06/2020,109581085,34073,1224,0.0311,3.592287148181845
Philippines,27/06/2020,109581085,34803,1236,0.0318,3.5514179812085165
Philippines,28/06/2020,109581085,35455,1244,0.0324,3.5086729657312086
Philippines,29/06/2020,109581085,36438,1255,0.0333,3.444206597508096
Philippines,30/06/2020,109581085,37514,1266,0.0342,3.3747400970304415
Philippines,01/07/2020,109581085,38511,1270,0.0351,3.2977590818207787
Philippines,02/07/2020,109581085,38805,1274,0.0354,3.2830820770519265
Philippines,03/07/2020,109581085,40336,1280,0.0368,3.17334391114637
Philippines,04/07/2020,109581085,41830,1290,0.0382,3.0839110686110445
Philippines,05/07/2020,109581085,44254,1297,0.0404,2.9308085144845664
Philippines,06/07/2020,109581085,46333,1303,0.0423,2.8122504478449484
Philippines,07/07/2020,109581085,47873,1309,0.0437,2.7343178827313936
Philippines,08/07/2020,109581085,50359,1314,0.0460,2.6092654738974166
Philippines,09/07/2020,109581085,51754,1314,0.0472,2.538934188661746
Philippines,10/07/2020,109581085,52914,1360,0.0483,2.57020826246362
Philippines,11/07/2020,109581085,54222,1372,0.0495,2.5303382390911437
Philippines,12/07/2020,109581085,56259,1534,0.0513,2.7266748431362093
Philippines,13/07/2020,109581085,57006,1599,0.0520,2.804967898115988
Philippines,14/07/2020,109581085,57545,1603,0.0525,2.785646016161265
Philippines,15/07/2020,109581085,58850,1614,0.0537,2.7425658453695836
Philippines,16/07/2020,109581085,61266,1643,0.0559,2.681748441223517
Philippines,17/07/2020,109581085,63001,1660,0.0575,2.6348788114474373
Philippines,18/07/2020,109581085,65304,1773,0.0596,2.714994487320838
Philippines,19/07/2020,109581085,67456,1831,0.0616,2.714361954459203
Philippines,20/07/2020,109581085,68898,1835,0.0629,2.663357426920956
Philippines,21/07/2020,109581085,70764,1837,0.0646,2.595952744333277
Philippines,22/07/2020,109581085,72269,1843,0.0660,2.5501944125420306
Philippines,23/07/2020,109581085,74390,1871,0.0679,2.51512300040328
Philippines,24/07/2020,109581085,76444,1879,0.0698,2.4580084767934696
Philippines,25/07/2020,109581085,78412,1897,0.0716,2.4192725603223995
Philippines,26/07/2020,109581085,80448,1932,0.0734,2.4015513126491648
Philippines,27/07/2020,109581085,82040,1945,0.0749,2.3707947342759628
Philippines,28/07/2020,109581085,83673,1947,0.0764,2.3269154924527626
Philippines,29/07/2020,109581085,85486,1962,0.0780,2.2951126500245653
Philippines,30/07/2020,109581085,89374,1983,0.0816,2.2187660840960457
Philippines,31/07/2020,109581085,93354,2023,0.0852,2.167020159821754
Philippines,01/08/2020,109581085,98232,2039,0.0896,2.07569834677091
Philippines,02/08/2020,109581085,103185,2059,0.0942,1.9954450743809662
Philippines,03/08/2020,109581085,106330,2104,0.0970,1.9787454152167778
Philippines,04/08/2020,109581085,112593,2115,0.1027,1.878447150355706
Philippines,05/08/2020,109581085,115980,2123,0.1058,1.8304880151750302
Philippines,06/08/2020,109581085,119460,2150,0.1090,1.7997656119203083
Philippines,07/08/2020,109581085,122754,2168,0.1120,1.766133893803868
Philippines,08/08/2020,109581085,126885,2209,0.1158,1.740946526382157
Philippines,09/08/2020,109581085,129913,2270,0.1186,1.7473232086088382
Philippines,10/08/2020,109581085,136638,2294,0.1247,1.678888742516723
Philippines,11/08/2020,109581085,139538,2312,0.1273,1.6568963293153118
Philippines,12/08/2020,109581085,143749,2404,0.1312,1.672359459891895
Philippines,13/08/2020,109581085,147526,2426,0.1346,1.6444558925206405
Philippines,14/08/2020,109581085,153660,2442,0.1402,1.5892229597813354
Philippines,15/08/2020,109581085,157918,2600,0.1441,1.6464240935168886
Philippines,16/08/2020,109581085,161253,2665,0.1472,1.6526824307144674
Philippines,17/08/2020,109581085,164474,2681,0.1501,1.630044870313849
Philippines,18/08/2020,109581085,169213,2687,0.1544,1.5879394609161233
Philippines,19/08/2020,109581085,173774,2795,0.1586,1.608410924534165
Philippines,20/08/2020,109581085,178022,2883,0.1625,1.6194627630292884
Philippines,21/08/2020,109581085,182365,2940,0.1664,1.6121514545005895
Philippines,22/08/2020,109581085,187249,2966,0.1709,1.5839870973943786
Philippines,23/08/2020,109581085,189601,2998,0.1730,1.581215288948898
Philippines,24/08/2020,109581085,194252,3010,0.1773,1.549533595535696
Philippines,25/08/2020,109581085,197164,3038,0.1799,1.5408492422551785
Philippines,26/08/2020,109581085,202361,3137,0.1847,1.5501998902950667
Philippines,27/08/2020,109581085,205581,3234,0.1876,1.5731025727085675
Philippines,28/08/2020,109581085,209544,3325,0.1912,1.5867789103959073
Philippines,29/08/2020,109581085,213131,3419,0.1945,1.6041777122990086
Philippines,30/08/2020,109581085,217396,3520,0.1984,1.6191650260354375
Philippines,31/08/2020,109581085,220819,3558,0.2015,1.6112743921492263
Philippines,01/09/2020,109581085,224264,3597,0.2047,1.6039132451039846
Philippines,02/09/2020,109581085,226440,3623,0.2066,1.5999823352764528
Philippines,03/09/2020,109581085,228403,3688,0.2084,1.6146898245644759
Philippines,04/09/2020,109581085,232072,3737,0.2118,1.6102761212037644
Philippines,05/09/2020,109581085,234570,3790,0.2141,1.6157223856418126
Philippines,06/09/2020,109581085,237365,3875,0.2166,1.6325068986581845
Philippines,07/09/2020,109581085,238727,3890,0.2179,1.6294763474596505
Philippines,08/09/2020,109581085,241987,3916,0.2208,1.6182687499741721
Philippines,09/09/2020,109581085,245143,3986,0.2237,1.6259897284442142
Philippines,10/09/2020,109581085,248947,4066,0.2272,1.6332793727178878
Philippines,11/09/2020,109581085,252964,4108,0.2308,1.6239464904097025
Philippines,12/09/2020,109581085,257863,4292,0.2353,1.6644497271807124
Philippines,13/09/2020,109581085,261216,4371,0.2384,1.673327820654171
Philippines,14/09/2020,109581085,265888,4630,0.2426,1.7413346973161632
Philippines,15/09/2020,109581085,269407,4663,0.2459,1.7308384711607345
Philippines,16/09/2020,109581085,272934,4732,0.2491,1.7337524822850947
Philippines,17/09/2020,109581085,276289,4785,0.2521,1.7318821958166992
Philippines,18/09/2020,109581085,279526,4830,0.2551,1.7279251303993188
Philippines,19/09/2020,109581085,283460,4930,0.2587,1.7392224652508292
Philippines,20/09/2020,109581085,286743,4984,0.2617,1.738141820375737
Philippines,21/09/2020,109581085,290190,4999,0.2648,1.722664461215066
Philippines,22/09/2020,109581085,291789,5049,0.2663,1.7303599518830388
Philippines,23/09/2020,109581085,294591,5091,0.2688,1.7281587013859894
Philippines,24/09/2020,109581085,296755,5127,0.2708,1.7276878232885713
Philippines,25/09/2020,109581085,299361,5196,0.2732,1.7356970346838765
Philippines,26/09/2020,109581085,301256,5284,0.2749,1.7539899620256525
Philippines,27/09/2020,109581085,304226,5344,0.2776,1.756588851708927
Philippines,28/09/2020,109581085,307288,5381,0.2804,1.7511259795371117
Philippines,29/09/2020,109581085,309303,5448,0.2823,1.7613796180444417
Philippines,30/09/2020,109581085,311694,5504,0.2844,1.7658344401881334
Philippines,01/10/2020,109581085,314079,5562,0.2866,1.770892036716877
Philippines,02/10/2020,109581085,316678,5616,0.2890,1.7734102147923128
Philippines,03/10/2020,109581085,319330,5678,0.2914,1.778097892462343
Philippines,04/10/2020,109581085,322497,5776,0.2943,1.791024412630195
Philippines,05/10/2020,109581085,324762,5840,0.2964,1.7982399418651196
Philippines,06/10/2020,109581085,326833,5865,0.2983,1.794494435996365
Philippines,07/10/2020,109581085,329637,5925,0.3008,1.797431720346927
Philippines,08/10/2020,109581085,331869,6069,0.3029,1.8287336268226317
Philippines,09/10/2020,109581085,334770,6152,0.3055,1.8376796009200347
Philippines,10/10/2020,109581085,336926,6238,0.3075,1.8514451244486922
Philippines,11/10/2020,109581085,339341,6321,0.3097,1.86272805231316
Philippines,12/10/2020,109581085,342816,6332,0.3128,1.847054979930925
Philippines,13/10/2020,109581085,344713,6372,0.3146,1.8484942546408174
Philippines,14/10/2020,109581085,346536,6449,0.3162,1.8609899115820578
Philippines,15/10/2020,109581085,348698,6497,0.3182,1.8632168810833443
Philippines,16/10/2020,109581085,351750,6531,0.3210,1.8567164179104478
Philippines,17/10/2020,109581085,354338,6603,0.3234,1.8634749871591532
Philippines,18/10/2020,109581085,356618,6652,0.3254,1.8653012467121681
Philippines,19/10/2020,109581085,359169,6675,0.3278,1.8584566039942199
Philippines,20/10/2020,109581085,360775,6690,0.3292,1.8543413484858984
Philippines,21/10/2020,109581085,362243,6747,0.3306,1.862561871450932
Philippines,22/10/2020,109581085,363888,6783,0.3321,1.8640350877192982
Philippines,23/10/2020,109581085,365799,6915,0.3338,1.8903824231340163
Philippines,24/10/2020,109581085,367819,6934,0.3357,1.8851663454035816
Philippines,25/10/2020,109581085,370028,6977,0.3377,1.8855329866928987
Philippines,26/10/2020,109581085,371630,7039,0.3391,1.8940882060113553
Philippines,27/10/2020,109581085,373144,7053,0.3405,1.8901550071822137
Philippines,28/10/2020,109581085,375180,7114,0.3424,1.896156511541127
Philippines,29/10/2020,109581085,376935,7147,0.3440,1.8960828790109698
Philippines,30/10/2020,109581085,378933,7185,0.3458,1.8961135609725202
Philippines,31/10/2020,109581085,380729,7221,0.3474,1.8966246332693333
Philippines,01/11/2020,109581085,383113,7238,0.3496,1.8892598267351928
Philippines,02/11/2020,109581085,385400,7269,0.3517,1.8860923715620135
Philippines,03/11/2020,109581085,387161,7318,0.3533,1.890169722673513
Philippines,04/11/2020,109581085,388137,7367,0.3542,1.8980411555713574
Philippines,05/11/2020,109581085,389725,7409,0.3556,1.901084097761242
Philippines,06/11/2020,109581085,391809,7461,0.3576,1.9042441597819346
Philippines,07/11/2020,109581085,393961,7485,0.3595,1.8999342574518796
Philippines,08/11/2020,109581085,396395,7539,0.3617,1.9018907907516494
Philippines,09/11/2020,109581085,398449,7647,0.3636,1.9191916656836883
Philippines,10/11/2020,109581085,399749,7661,0.3648,1.9164525739901788
Philippines,11/11/2020,109581085,401416,7710,0.3663,1.9207007194531358
Philippines,12/11/2020,109581085,402820,7721,0.3676,1.9167370041209473
Philippines,13/11/2020,109581085,404713,7752,0.3693,1.9154314291856205
Philippines,14/11/2020,109581085,406337,7791,0.3708,1.9173740023674928
Philippines,15/11/2020,109581085,407838,7832,0.3722,1.9203703431264374
Philippines,16/11/2020,109581085,409574,7839,0.3738,1.9139398496974904
Philippines,17/11/2020,109581085,410718,7862,0.3748,1.9142087758510704
Philippines,18/11/2020,109581085,412097,7957,0.3761,1.9308560848538086
Philippines,19/11/2020,109581085,413430,7998,0.3773,1.9345475654887163
Philippines,20/11/2020,109581085,415067,8025,0.3788,1.9334227968014803
Philippines,21/11/2020,109581085,416852,8080,0.3804,1.9383378273344016
Philippines,22/11/2020,109581085,418818,8123,0.3822,1.9395059429155384
Philippines,23/11/2020,109581085,420614,8173,0.3838,1.9431117366516568
Philippines,24/11/2020,109581085,421722,8185,0.3848,1.9408520304845374
Philippines,25/11/2020,109581085,422915,8215,0.3859,1.9424707092441744
Philippines,26/11/2020,109581085,424297,8242,0.3872,1.942507253174074
Philippines,27/11/2020,109581085,425918,8255,0.3887,1.9381665015331588
Philippines,28/11/2020,109581085,427797,8333,0.3904,1.9478864975677719
Philippines,29/11/2020,109581085,429864,8373,0.3923,1.9478253587181062
Philippines,30/11/2020,109581085,431630,8392,0.3939,1.9442578134049995
Philippines,01/12/2020,109581085,432925,8418,0.3951,1.944447652595715
Philippines,02/12/2020,109581085,434357,8436,0.3964,1.9421812011778328
Philippines,03/12/2020,109581085,435413,8446,0.3973,1.9397675310567206
Philippines,04/12/2020,109581085,436345,8509,0.3982,1.950062450583827
Philippines,05/12/2020,109581085,438069,8526,0.3998,1.9462687384864028
Philippines,06/12/2020,109581085,439834,8554,0.4014,1.9448246383863004
Philippines,07/12/2020,109581085,441399,8572,0.4028,1.942007118276208
Philippines,08/12/2020,109581085,442785,8670,0.4041,1.9580609099224229
Philippines,09/12/2020,109581085,444164,8677,0.4053,1.9535576949054854
Philippines,10/12/2020,109581085,445540,8701,0.4066,1.9529110742020919
Philippines,11/12/2020,109581085,447039,8709,0.4080,1.9481521746424808
Philippines,12/12/2020,109581085,448331,8730,0.4091,1.94722203015183
Philippines,13/12/2020,109581085,449400,8733,0.4101,1.9432576769025367
Philippines,14/12/2020,109581085,450733,8757,0.4113,1.9428353371064466
Philippines,15/12/2020,109581085,451839,8812,0.4123,1.9502521915992201
Philippines,16/12/2020,109581085,452988,8833,0.4134,1.9499412787976722
Philippines,17/12/2020,109581085,454447,8850,0.4147,1.947421811564385
Philippines,18/12/2020,109581085,456562,8875,0.4166,1.943876187680972
Philippines,19/12/2020,109581085,458044,8911,0.4180,1.9454462890028033
Philippines,20/12/2020,109581085,459789,8947,0.4196,1.9458925724625862
Philippines,21/12/2020,109581085,461505,8957,0.4212,1.9408240430764563
Philippines,22/12/2020,109581085,462815,9021,0.4223,1.9491589512008036
Philippines,23/12/2020,109581085,464004,9048,0.4234,1.9499831898000881
Philippines,24/12/2020,109581085,465724,9055,0.4250,1.9442845977445868
Philippines,25/12/2020,109581085,467601,9062,0.4267,1.9379770359772543
Philippines,26/12/2020,109581085,469005,9067,0.4280,1.933241649875801
Philippines,27/12/2020,109581085,469886,9109,0.4288,1.9385553091600942
Philippines,28/12/2020,109581085,470650,9124,0.4295,1.9385955593328377
Philippines,29/12/2020,109581085,471526,9162,0.4303,1.9430529811717698
Philippines,30/12/2020,109581085,472532,9230,0.4312,1.9533068659900281
Philippines,31/12/2020,109581085,474064,9244,0.4326,1.9499476863883358
Philippines,01/01/2021,109581085,475820,9248,0.4342,1.9435921146652095
Philippines,02/01/2021,109581085,476916,9253,0.4352,1.9401739509683047
Philippines,03/01/2021,109581085,477807,9257,0.4360,1.9373931315363735
Philippines,04/01/2021,109581085,478761,9263,0.4369,1.934785832597058
Philippines,05/01/2021,109581085,479693,9321,0.4378,1.9431177857504696
Philippines,06/01/2021,109581085,480737,9347,0.4387,1.9443063462974557
Philippines,07/01/2021,109581085,482083,9356,0.4399,1.94074464355723
Philippines,08/01/2021,109581085,483852,9364,0.4415,1.9353025305258633
Philippines,09/01/2021,109581085,485797,9398,0.4433,1.9345529099603334
Philippines,10/01/2021,109581085,487690,9405,0.4450,1.9284791568414363
Philippines,11/01/2021,109581085,489736,9416,0.4469,1.9226685397847003
Philippines,12/01/2021,109581085,491258,9554,0.4483,1.944802934506919
Philippines,13/01/2021,109581085,492700,9699,0.4496,1.9685406941343617
Philippines,14/01/2021,109581085,494605,9739,0.4514,1.9690460064091548
Philippines,15/01/2021,109581085,496646,9876,0.4532,1.9885391204197758
Philippines,16/01/2021,109581085,498691,9884,0.4551,1.9819888468009246
Philippines,17/01/2021,109581085,500577,9895,0.4568,1.9767188664281419
Philippines,18/01/2021,109581085,502736,9909,0.4588,1.9710146080646702
Philippines,19/01/2021,109581085,504084,9978,0.4600,1.9794319994286669
Philippines,20/01/2021,109581085,505939,10042,0.4617,1.9848242574697739
Philippines,21/01/2021,109581085,507717,10116,0.4633,1.9924485490932942
Philippines,22/01/2021,109581085,509887,10136,0.4653,1.9878914347688803
Philippines,23/01/2021,109581085,511679,10190,0.4669,1.9914829414535287
Philippines,24/01/2021,109581085,513619,10242,0.4687,1.9940851097798176
Philippines,25/01/2021,109581085,514996,10292,0.4700,1.9984621239776619
Philippines,26/01/2021,109581085,516166,10386,0.4710,2.0121433802303907
Philippines,27/01/2021,109581085,518407,10481,0.4731,2.021770539363859
Philippines,28/01/2021,109581085,519575,10552,0.4741,2.0308906317663475
Philippines,29/01/2021,109581085,521413,10600,0.4758,2.0329374219668477
Philippines,30/01/2021,109581085,523516,10669,0.4777,2.037951084589583
Philippines,31/01/2021,109581085,525618,10749,0.4797,2.045021289225255
Philippines,01/02/2021,109581085,527272,10807,0.4812,2.0496062753190007
Philippines,02/02/2021,109581085,528853,10874,0.4826,2.056147927685009
Philippines,03/02/2021,109581085,530118,10942,0.4838,2.064068754503714
Philippines,04/02/2021,109581085,531699,10997,0.4852,2.0682754716484326
Philippines,05/02/2021,109581085,533587,11058,0.4869,2.072389319829756
Philippines,06/02/2021,109581085,535521,11110,0.4887,2.0746151878264345
Philippines,07/02/2021,109581085,537310,11179,0.4903,2.080549403510078
Philippines,08/02/2021,109581085,538995,11231,0.4919,2.0836927986344955
Philippines,09/02/2021,109581085,540227,11296,0.4930,2.090972868812555
Philippines,10/02/2021,109581085,541560,11401,0.4942,2.105214565329788
Philippines,11/02/2021,109581085,543282,11469,0.4958,2.111058345389687
Philippines,12/02/2021,109581085,545300,11495,0.4976,2.1080139372822297
Philippines,13/02/2021,109581085,547255,11507,0.4994,2.102676083361504
Philippines,14/02/2021,109581085,549176,11515,0.5012,2.0967777178900753
Philippines,15/02/2021,109581085,550860,11517,0.5027,2.0907308572050978
Philippines,16/02/2021,109581085,552246,11524,0.5040,2.0867511942141728
Philippines,17/02/2021,109581085,553424,11577,0.5050,2.0918861487756226
Philippines,18/02/2021,109581085,555163,11673,0.5066,2.1026257153304524
Philippines,19/02/2021,109581085,557058,11829,0.5084,2.123477268076215
Philippines,20/02/2021,109581085,559288,12068,0.5104,2.1577434166297147
Philippines,21/02/2021,109581085,561169,12088,0.5121,2.1540747974317895
Philippines,22/02/2021,109581085,563456,12094,0.5142,2.146396524307133
Philippines,23/02/2021,109581085,564865,12107,0.5155,2.1433439848459366
Philippines,24/02/2021,109581085,566420,12129,0.5169,2.1413438791003143
Philippines,25/02/2021,109581085,568680,12201,0.5190,2.1454948301329395
Philippines,26/02/2021,109581085,571327,12247,0.5214,2.143606025971116
Philippines,27/02/2021,109581085,574247,12289,0.5240,2.1400198869127744
Philippines,28/02/2021,109581085,576352,12318,0.5260,2.1372355782577315
Philippines,01/03/2021,109581085,578381,12322,0.5278,2.130429595716319
Philippines,02/03/2021,109581085,580442,12369,0.5297,2.1309622666864216
Philippines,03/03/2021,109581085,582223,12389,0.5313,2.1278788368030805
Philippines,04/03/2021,109581085,584667,12404,0.5335,2.1215495316137223
Philippines,05/03/2021,109581085,587704,12423,0.5363,2.113819201502797
Philippines,06/03/2021,109581085,591138,12465,0.5395,2.1086446819524376
Philippines,07/03/2021,109581085,594412,12516,0.5424,2.1056102501295397
Philippines,08/03/2021,109581085,597763,12521,0.5455,2.0946428601301856
Philippines,09/03/2021,109581085,600428,12528,0.5479,2.086511621709847
Philippines,10/03/2021,109581085,603308,12545,0.5506,2.0793690784806436
Philippines,11/03/2021,109581085,607048,12608,0.5540,2.0769362554526167
Philippines,12/03/2021,109581085,611618,12694,0.5581,2.075478484936676
Philippines,13/03/2021,109581085,616611,12766,0.5627,2.070349053130742
Philippines,14/03/2021,109581085,621498,12829,0.5672,2.0642061599554626
Philippines,15/03/2021,109581085,626893,12837,0.5721,2.0477178721089566
Philippines,16/03/2021,109581085,631320,12848,0.5761,2.035101058100488
Philippines,17/03/2021,109581085,635698,12866,0.5801,2.023917017199991
Philippines,18/03/2021,109581085,640984,12887,0.5849,2.010502602249042
Philippines,19/03/2021,109581085,648066,12900,0.5914,1.990538000759182
Philippines,20/03/2021,109581085,656056,12930,0.5987,1.9708683405075176
Philippines,21/03/2021,109581085,663794,12968,0.6058,1.953618140567706
Philippines,22/03/2021,109581085,671792,12972,0.6131,1.9309548193488462
Philippines,23/03/2021,109581085,677653,12992,0.6184,1.917205413390039
Philippines,24/03/2021,109581085,684311,13039,0.6245,1.9054201963727018
Philippines,25/03/2021,109581085,693048,13095,0.6325,1.889479516570281
Philippines,26/03/2021,109581085,702856,13149,0.6414,1.8707957248710974
Philippines,27/03/2021,109581085,712442,13159,0.6502,1.8470275475056215
Philippines,28/03/2021,109581085,721892,13170,0.6588,1.8243726208352498
Philippines,29/03/2021,109581085,731894,13186,0.6679,1.8016270115617836
Philippines,30/03/2021,109581085,741181,13191,0.6764,1.779727219127312
Philippines,31/03/2021,109581085,747288,13297,0.6819,1.7793675263084645
Philippines,01/04/2021,109581085,756199,13303,0.6901,1.759193016653024
Philippines,02/04/2021,109581085,771497,13320,0.7040,1.7265135185230789
Philippines,03/04/2021,109581085,784043,13423,0.7155,1.7120234476935576
Philippines,04/04/2021,109581085,795051,13425,0.7255,1.68857092186539
Philippines,05/04/2021,109581085,803398,13435,0.7332,1.672272024575615
Philippines,06/04/2021,109581085,812760,13817,0.7417,1.7000098430040849
Philippines,07/04/2021,109581085,819164,14059,0.7475,1.7162619451050094
Philippines,08/04/2021,109581085,828366,14119,0.7559,1.7044398249083135
Philippines,09/04/2021,109581085,840554,14520,0.7671,1.7274321459418434
Philippines,10/04/2021,109581085,853209,14744,0.7786,1.7280642843664331
Philippines,11/04/2021,109581085,864868,14945,0.7892,1.7280093609660665
Philippines,12/04/2021,109581085,876225,15149,0.7996,1.7288938343462008
Philippines,13/04/2021,109581085,884783,15286,0.8074,1.7276552555824423
Philippines,14/04/2021,109581085,892880,15447,0.8148,1.730019711495386
Philippines,15/04/2021,109581085,904285,15594,0.8252,1.7244563384331266
Philippines,16/04/2021,109581085,914971,15738,0.8350,1.7200545153890123
Philippines,17/04/2021,109581085,926052,15810,0.8451,1.7072475411747938
Philippines,18/04/2021,109581085,936133,15960,0.8543,1.7048859510347354
Philippines,19/04/2021,109581085,945745,16048,0.8631,1.6968633193937055
Philippines,20/04/2021,109581085,953106,16141,0.8698,1.6935157264774328
Philippines,21/04/2021,109581085,962307,16265,0.8782,1.6902090497107471
Philippines,22/04/2021,109581085,971049,16370,0.8861,1.6858057626340173
Philippines,23/04/2021,109581085,979740,16529,0.8941,1.6870802457794924
Philippines,24/04/2021,109581085,989380,16674,0.9029,1.6852978633083344
Philippines,25/04/2021,109581085,997523,16783,0.9103,1.6824674719279655
Philippines,26/04/2021,109581085,1006428,16853,0.9184,1.6745360820644892
Philippines,27/04/2021,109581085,1013618,16916,0.9250,1.6688732836236138
Philippines,28/04/2021,109581085,1020495,17031,0.9313,1.6688959769523615
Philippines,29/04/2021,109581085,1028738,17145,0.9388,1.6666051025625572
Philippines,30/04/2021,109581085,1037460,17234,0.9468,1.6611724789389473
Singapore,23/01/2020,5850343,1,NULL,0.0000,NULL
Singapore,24/01/2020,5850343,3,NULL,0.0001,NULL
Singapore,25/01/2020,5850343,3,NULL,0.0001,NULL
Singapore,26/01/2020,5850343,4,NULL,0.0001,NULL
Singapore,27/01/2020,5850343,5,NULL,0.0001,NULL
Singapore,28/01/2020,5850343,7,NULL,0.0001,NULL
Singapore,29/01/2020,5850343,7,NULL,0.0001,NULL
Singapore,30/01/2020,5850343,10,NULL,0.0002,NULL
Singapore,31/01/2020,5850343,13,NULL,0.0002,NULL
Singapore,01/02/2020,5850343,16,NULL,0.0003,NULL
Singapore,02/02/2020,5850343,18,NULL,0.0003,NULL
Singapore,03/02/2020,5850343,18,NULL,0.0003,NULL
Singapore,04/02/2020,5850343,24,NULL,0.0004,NULL
Singapore,05/02/2020,5850343,28,NULL,0.0005,NULL
Singapore,06/02/2020,5850343,28,NULL,0.0005,NULL
Singapore,07/02/2020,5850343,30,NULL,0.0005,NULL
Singapore,08/02/2020,5850343,33,NULL,0.0006,NULL
Singapore,09/02/2020,5850343,40,NULL,0.0007,NULL
Singapore,10/02/2020,5850343,45,NULL,0.0008,NULL
Singapore,11/02/2020,5850343,47,NULL,0.0008,NULL
Singapore,12/02/2020,5850343,50,NULL,0.0009,NULL
Singapore,13/02/2020,5850343,58,NULL,0.0010,NULL
Singapore,14/02/2020,5850343,67,NULL,0.0011,NULL
Singapore,15/02/2020,5850343,72,NULL,0.0012,NULL
Singapore,16/02/2020,5850343,75,NULL,0.0013,NULL
Singapore,17/02/2020,5850343,77,NULL,0.0013,NULL
Singapore,18/02/2020,5850343,81,NULL,0.0014,NULL
Singapore,19/02/2020,5850343,84,NULL,0.0014,NULL
Singapore,20/02/2020,5850343,84,NULL,0.0014,NULL
Singapore,21/02/2020,5850343,85,NULL,0.0015,NULL
Singapore,22/02/2020,5850343,85,NULL,0.0015,NULL
Singapore,23/02/2020,5850343,89,NULL,0.0015,NULL
Singapore,24/02/2020,5850343,89,NULL,0.0015,NULL
Singapore,25/02/2020,5850343,91,NULL,0.0016,NULL
Singapore,26/02/2020,5850343,93,NULL,0.0016,NULL
Singapore,27/02/2020,5850343,93,NULL,0.0016,NULL
Singapore,28/02/2020,5850343,93,NULL,0.0016,NULL
Singapore,29/02/2020,5850343,102,NULL,0.0017,NULL
Singapore,01/03/2020,5850343,106,NULL,0.0018,NULL
Singapore,02/03/2020,5850343,108,NULL,0.0018,NULL
Singapore,03/03/2020,5850343,110,NULL,0.0019,NULL
Singapore,04/03/2020,5850343,110,NULL,0.0019,NULL
Singapore,05/03/2020,5850343,117,NULL,0.0020,NULL
Singapore,06/03/2020,5850343,130,NULL,0.0022,NULL
Singapore,07/03/2020,5850343,138,NULL,0.0024,NULL
Singapore,08/03/2020,5850343,150,NULL,0.0026,NULL
Singapore,09/03/2020,5850343,150,NULL,0.0026,NULL
Singapore,10/03/2020,5850343,160,NULL,0.0027,NULL
Singapore,11/03/2020,5850343,178,NULL,0.0030,NULL
Singapore,12/03/2020,5850343,178,NULL,0.0030,NULL
Singapore,13/03/2020,5850343,200,NULL,0.0034,NULL
Singapore,14/03/2020,5850343,212,NULL,0.0036,NULL
Singapore,15/03/2020,5850343,226,NULL,0.0039,NULL
Singapore,16/03/2020,5850343,243,NULL,0.0042,NULL
Singapore,17/03/2020,5850343,266,NULL,0.0045,NULL
Singapore,18/03/2020,5850343,313,NULL,0.0054,NULL
Singapore,19/03/2020,5850343,345,NULL,0.0059,NULL
Singapore,20/03/2020,5850343,385,NULL,0.0066,NULL
Singapore,21/03/2020,5850343,432,2,0.0074,0.4629629629629629
Singapore,22/03/2020,5850343,455,2,0.0078,0.43956043956043955
Singapore,23/03/2020,5850343,509,2,0.0087,0.3929273084479371
Singapore,24/03/2020,5850343,558,2,0.0095,0.35842293906810035
Singapore,25/03/2020,5850343,631,2,0.0108,0.31695721077654515
Singapore,26/03/2020,5850343,683,2,0.0117,0.29282576866764276
Singapore,27/03/2020,5850343,732,2,0.0125,0.273224043715847
Singapore,28/03/2020,5850343,802,2,0.0137,0.24937655860349126
Singapore,29/03/2020,5850343,844,3,0.0144,0.35545023696682465
Singapore,30/03/2020,5850343,879,3,0.0150,0.3412969283276451
Singapore,31/03/2020,5850343,926,3,0.0158,0.32397408207343414
Singapore,01/04/2020,5850343,1000,3,0.0171,0.3
Singapore,02/04/2020,5850343,1049,4,0.0179,0.3813155386081983
Singapore,03/04/2020,5850343,1114,5,0.0190,0.4488330341113106
Singapore,04/04/2020,5850343,1189,6,0.0203,0.5046257359125316
Singapore,05/04/2020,5850343,1309,6,0.0224,0.4583651642475172
Singapore,06/04/2020,5850343,1375,6,0.0235,0.4363636363636364
Singapore,07/04/2020,5850343,1481,6,0.0253,0.4051316677920324
Singapore,08/04/2020,5850343,1623,6,0.0277,0.36968576709796674
Singapore,09/04/2020,5850343,1910,6,0.0326,0.31413612565445026
Singapore,10/04/2020,5850343,2108,7,0.0360,0.33206831119544594
Singapore,11/04/2020,5850343,2299,8,0.0393,0.34797738147020446
Singapore,12/04/2020,5850343,2532,8,0.0433,0.315955766192733
Singapore,13/04/2020,5850343,2918,9,0.0499,0.3084304318026045
Singapore,14/04/2020,5850343,3252,10,0.0556,0.3075030750307503
Singapore,15/04/2020,5850343,3699,10,0.0632,0.2703433360367667
Singapore,16/04/2020,5850343,4427,10,0.0757,0.225886604924328
Singapore,17/04/2020,5850343,5050,11,0.0863,0.21782178217821785
Singapore,18/04/2020,5850343,5992,11,0.1024,0.18357810413885178
Singapore,19/04/2020,5850343,6588,11,0.1126,0.16697024893746207
Singapore,20/04/2020,5850343,8014,11,0.1370,0.13725979535812327
Singapore,21/04/2020,5850343,9125,11,0.1560,0.12054794520547946
Singapore,22/04/2020,5850343,10141,12,0.1733,0.11833152549058279
Singapore,23/04/2020,5850343,11178,12,0.1911,0.10735373054213634
Singapore,24/04/2020,5850343,12075,12,0.2064,0.09937888198757765
Singapore,25/04/2020,5850343,12693,12,0.2170,0.09454029780193808
Singapore,26/04/2020,5850343,13624,12,0.2329,0.08807985907222549
Singapore,27/04/2020,5850343,14423,14,0.2465,0.09706718435831657
Singapore,28/04/2020,5850343,14951,14,0.2556,0.09363922145675874
Singapore,29/04/2020,5850343,15641,14,0.2674,0.08950834345630075
Singapore,30/04/2020,5850343,16169,15,0.2764,0.09277011565341084
Singapore,01/05/2020,5850343,17101,16,0.2923,0.09356178001286475
Singapore,02/05/2020,5850343,17548,17,0.2999,0.09687713699566902
Singapore,03/05/2020,5850343,18205,18,0.3112,0.09887393573194178
Singapore,04/05/2020,5850343,18778,18,0.3210,0.0958568537650442
Singapore,05/05/2020,5850343,19410,18,0.3318,0.09273570324574962
Singapore,06/05/2020,5850343,20198,20,0.3452,0.09901970492127933
Singapore,07/05/2020,5850343,20939,20,0.3579,0.09551554515497397
Singapore,08/05/2020,5850343,21707,20,0.3710,0.09213617727000506
Singapore,09/05/2020,5850343,22460,20,0.3839,0.08904719501335707
Singapore,10/05/2020,5850343,23336,20,0.3989,0.08570449091532396
Singapore,11/05/2020,5850343,23822,21,0.4072,0.08815380740491982
Singapore,12/05/2020,5850343,24671,21,0.4217,0.08512018158972072
Singapore,13/05/2020,5850343,25346,21,0.4332,0.08285331018701175
Singapore,14/05/2020,5850343,26098,21,0.4461,0.08046593608705647
Singapore,15/05/2020,5850343,26891,21,0.4596,0.07809304228180433
Singapore,16/05/2020,5850343,27356,22,0.4676,0.08042111419798216
Singapore,17/05/2020,5850343,28038,22,0.4793,0.07846494043797704
Singapore,18/05/2020,5850343,28343,22,0.4845,0.07762057650919098
Singapore,19/05/2020,5850343,28794,22,0.4922,0.07640480655692158
Singapore,20/05/2020,5850343,29364,22,0.5019,0.07492167279662172
Singapore,21/05/2020,5850343,29812,23,0.5096,0.07715014088286595
Singapore,22/05/2020,5850343,30426,23,0.5201,0.0755932426214422
Singapore,23/05/2020,5850343,31068,23,0.5310,0.07403115746105317
Singapore,24/05/2020,5850343,31616,23,0.5404,0.07274797570850203
Singapore,25/05/2020,5850343,31960,23,0.5463,0.07196495619524405
Singapore,26/05/2020,5850343,32343,23,0.5528,0.07111276010264972
Singapore,27/05/2020,5850343,32876,23,0.5619,0.06995984913006449
Singapore,28/05/2020,5850343,33249,23,0.5683,0.06917501278233933
Singapore,29/05/2020,5850343,33860,23,0.5788,0.06792675723567632
Singapore,30/05/2020,5850343,34366,23,0.5874,0.06692661351335623
Singapore,31/05/2020,5850343,34884,23,0.5963,0.06593280587088636
Singapore,01/06/2020,5850343,35292,24,0.6032,0.06800408024481469
Singapore,02/06/2020,5850343,35836,24,0.6125,0.06697176024109834
Singapore,03/06/2020,5850343,36405,24,0.6223,0.06592501030078286
Singapore,04/06/2020,5850343,36922,24,0.6311,0.06500189588863008
Singapore,05/06/2020,5850343,37183,24,0.6356,0.06454562568915902
Singapore,06/06/2020,5850343,37527,25,0.6414,0.06661870120180137
Singapore,07/06/2020,5850343,37910,25,0.6480,0.06594566077552097
Singapore,08/06/2020,5850343,38296,25,0.6546,0.06528096929183204
Singapore,09/06/2020,5850343,38514,25,0.6583,0.06491146076751311
Singapore,10/06/2020,5850343,38965,25,0.6660,0.06416014371872193
Singapore,11/06/2020,5850343,39387,25,0.6732,0.06347271942519106
Singapore,12/06/2020,5850343,39850,25,0.6812,0.06273525721455457
Singapore,13/06/2020,5850343,40197,26,0.6871,0.06468144388884743
Singapore,14/06/2020,5850343,40604,26,0.6940,0.06403310018717367
Singapore,15/06/2020,5850343,40818,26,0.6977,0.06369738840707531
Singapore,16/06/2020,5850343,40969,26,0.7003,0.06346261807708267
Singapore,17/06/2020,5850343,41216,26,0.7045,0.06308229813664597
Singapore,18/06/2020,5850343,41473,26,0.7089,0.06269138957876208
Singapore,19/06/2020,5850343,41615,26,0.7113,0.06247747206536105
Singapore,20/06/2020,5850343,41833,26,0.7151,0.06215188965649129
Singapore,21/06/2020,5850343,42095,26,0.7195,0.06176505523221285
Singapore,22/06/2020,5850343,42313,26,0.7233,0.06144683666958145
Singapore,23/06/2020,5850343,42432,26,0.7253,0.061274509803921566
Singapore,24/06/2020,5850343,42623,26,0.7286,0.060999929615465825
Singapore,25/06/2020,5850343,42736,26,0.7305,0.0608386372145264
Singapore,26/06/2020,5850343,42955,26,0.7342,0.06052846001629612
Singapore,27/06/2020,5850343,43246,26,0.7392,0.06012116727558618
Singapore,28/06/2020,5850343,43459,26,0.7428,0.05982650314089141
Singapore,29/06/2020,5850343,43661,26,0.7463,0.05954971255811824
Singapore,30/06/2020,5850343,43907,26,0.7505,0.05921607033047122
Singapore,01/07/2020,5850343,44122,26,0.7542,0.05892751915144372
Singapore,02/07/2020,5850343,44310,26,0.7574,0.05867749943579328
Singapore,03/07/2020,5850343,44479,26,0.7603,0.058454551586141774
Singapore,04/07/2020,5850343,44664,26,0.7634,0.05821243059287122
Singapore,05/07/2020,5850343,44800,26,0.7658,0.05803571428571429
Singapore,06/07/2020,5850343,44983,26,0.7689,0.05779961318720405
Singapore,07/07/2020,5850343,45140,26,0.7716,0.05759858218874612
Singapore,08/07/2020,5850343,45298,26,0.7743,0.05739767760166012
Singapore,09/07/2020,5850343,45423,26,0.7764,0.057239724368711886
Singapore,10/07/2020,5850343,45614,26,0.7797,0.05700004384618757
Singapore,11/07/2020,5850343,45783,26,0.7826,0.056789638075268115
Singapore,12/07/2020,5850343,45961,26,0.7856,0.05656970039816366
Singapore,13/07/2020,5850343,46283,26,0.7911,0.05617613378562323
Singapore,14/07/2020,5850343,46630,27,0.7970,0.057902637786832516
Singapore,15/07/2020,5850343,46878,27,0.8013,0.0575963138359145
Singapore,16/07/2020,5850343,47126,27,0.8055,0.057293213937104785
Singapore,17/07/2020,5850343,47453,27,0.8111,0.05689840473731904
Singapore,18/07/2020,5850343,47655,27,0.8146,0.05665722379603399
Singapore,19/07/2020,5850343,47912,27,0.8190,0.05635331440975121
Singapore,20/07/2020,5850343,48035,27,0.8211,0.0562090142604351
Singapore,21/07/2020,5850343,48434,27,0.8279,0.055745963579303795
Singapore,22/07/2020,5850343,48744,27,0.8332,0.055391432791728215
Singapore,23/07/2020,5850343,49098,27,0.8392,0.054992056702920684
Singapore,24/07/2020,5850343,49375,27,0.8440,0.05468354430379747
Singapore,25/07/2020,5850343,49888,27,0.8527,0.05412123155869147
Singapore,26/07/2020,5850343,50369,27,0.8610,0.05360439953145784
Singapore,27/07/2020,5850343,50838,27,0.8690,0.05310987843738935
Singapore,28/07/2020,5850343,51197,27,0.8751,0.05273746508584488
Singapore,29/07/2020,5850343,51531,27,0.8808,0.052395645339698434
Singapore,30/07/2020,5850343,51809,27,0.8856,0.05211449748113262
Singapore,31/07/2020,5850343,52205,27,0.8923,0.05171918398620822
Singapore,01/08/2020,5850343,52512,27,0.8976,0.05141681901279707
Singapore,02/08/2020,5850343,52825,27,0.9029,0.051112162801703734
Singapore,03/08/2020,5850343,53051,27,0.9068,0.050894422348306344
Singapore,04/08/2020,5850343,53346,27,0.9118,0.05061297941738837
Singapore,05/08/2020,5850343,54254,27,0.9274,0.04976591587717035
Singapore,06/08/2020,5850343,54555,27,0.9325,0.049491339015672264
Singapore,07/08/2020,5850343,54797,27,0.9366,0.04927277040713908
Singapore,08/08/2020,5850343,54929,27,0.9389,0.0491543629048408
Singapore,09/08/2020,5850343,55104,27,0.9419,0.048998257839721254
Singapore,10/08/2020,5850343,55292,27,0.9451,0.04883165738262317
Singapore,11/08/2020,5850343,55353,27,0.9461,0.048777844019294345
Singapore,12/08/2020,5850343,55395,27,0.9469,0.048740861088545896
Singapore,13/08/2020,5850343,55497,27,0.9486,0.04865127844748365
Singapore,14/08/2020,5850343,55580,27,0.9500,0.04857862540482188
Singapore,15/08/2020,5850343,55661,27,0.9514,0.04850793194516807
Singapore,16/08/2020,5850343,55747,27,0.9529,0.048433099538988646
Singapore,17/08/2020,5850343,55838,27,0.9544,0.048354167412872955
Singapore,18/08/2020,5850343,55938,27,0.9561,0.04826772498122922
Singapore,19/08/2020,5850343,56031,27,0.9577,0.04818761042994057
Singapore,20/08/2020,5850343,56099,27,0.9589,0.04812920016399579
Singapore,21/08/2020,5850343,56216,27,0.9609,0.048029030880888
Singapore,22/08/2020,5850343,56266,27,0.9618,0.047986350549177124
Singapore,23/08/2020,5850343,56353,27,0.9632,0.04791226731496105
Singapore,24/08/2020,5850343,56404,27,0.9641,0.047868945464860646
Singapore,25/08/2020,5850343,56435,27,0.9646,0.04784265083724639
Singapore,26/08/2020,5850343,56495,27,0.9657,0.047791839985839454
Singapore,27/08/2020,5850343,56572,27,0.9670,0.0477267906384784
Singapore,28/08/2020,5850343,56666,27,0.9686,0.04764761938375746
Singapore,29/08/2020,5850343,56717,27,0.9695,0.047604774582576656
Singapore,30/08/2020,5850343,56771,27,0.9704,0.04755949340332212
Singapore,31/08/2020,5850343,56812,27,0.9711,0.04752517073857636
Singapore,01/09/2020,5850343,56852,27,0.9718,0.04749173292056568
Singapore,02/09/2020,5850343,56860,27,0.9719,0.04748505100246219
Singapore,03/09/2020,5850343,56908,27,0.9727,0.047444998945666686
Singapore,04/09/2020,5850343,56948,27,0.9734,0.0474116738076842
Singapore,05/09/2020,5850343,56982,27,0.9740,0.04738338422659787
Singapore,06/09/2020,5850343,57022,27,0.9747,0.04735014555785486
Singapore,07/09/2020,5850343,57044,27,0.9751,0.047331884159596105
Singapore,08/09/2020,5850343,57091,27,0.9759,0.047292918323378466
Singapore,09/09/2020,5850343,57166,27,0.9771,0.0472308714970437
Singapore,10/09/2020,5850343,57229,27,0.9782,0.047178877841653706
Singapore,11/09/2020,5850343,57315,27,0.9797,0.04710808688824915
Singapore,12/09/2020,5850343,57357,27,0.9804,0.04707359171504786
Singapore,13/09/2020,5850343,57406,27,0.9812,0.0470334111416925
Singapore,14/09/2020,5850343,57454,27,0.9821,0.04699411703275664
Singapore,15/09/2020,5850343,57488,27,0.9826,0.04696632340662399
Singapore,16/09/2020,5850343,57514,27,0.9831,0.04694509162986403
Singapore,17/09/2020,5850343,57532,27,0.9834,0.04693040394910658
Singapore,18/09/2020,5850343,57543,27,0.9836,0.04692143266774412
Singapore,19/09/2020,5850343,57558,27,0.9838,0.04690920462837486
Singapore,20/09/2020,5850343,57576,27,0.9841,0.04689453939141309
Singapore,21/09/2020,5850343,57606,27,0.9847,0.04687011769607333
Singapore,22/09/2020,5850343,57627,27,0.9850,0.046853037638606904
Singapore,23/09/2020,5850343,57639,27,0.9852,0.046843283193670954
Singapore,24/09/2020,5850343,57654,27,0.9855,0.046831095847642834
Singapore,25/09/2020,5850343,57665,27,0.9857,0.046822162490245386
Singapore,26/09/2020,5850343,57685,27,0.9860,0.046805928750975126
Singapore,27/09/2020,5850343,57700,27,0.9863,0.04679376083188908
Singapore,28/09/2020,5850343,57715,27,0.9865,0.0467815992376332
Singapore,29/09/2020,5850343,57742,27,0.9870,0.04675972429081085
Singapore,30/09/2020,5850343,57765,27,0.9874,0.046741106206180216
Singapore,01/10/2020,5850343,57784,27,0.9877,0.046725737228298495
Singapore,02/10/2020,5850343,57794,27,0.9879,0.04671765235145517
Singapore,03/10/2020,5850343,57800,27,0.9880,0.04671280276816609
Singapore,04/10/2020,5850343,57812,27,0.9882,0.046703106621462674
Singapore,05/10/2020,5850343,57819,27,0.9883,0.04669745239454159
Singapore,06/10/2020,5850343,57830,27,0.9885,0.04668856994639461
Singapore,07/10/2020,5850343,57840,27,0.9887,0.046680497925311204
Singapore,08/10/2020,5850343,57849,27,0.9888,0.04667323549240263
Singapore,09/10/2020,5850343,57859,27,0.9890,0.04666516877236039
Singapore,10/10/2020,5850343,57866,27,0.9891,0.04665952372723188
Singapore,11/10/2020,5850343,57876,27,0.9893,0.04665146174580136
Singapore,12/10/2020,5850343,57880,28,0.9893,0.04837595024187975
Singapore,13/10/2020,5850343,57884,28,0.9894,0.048372607283532584
Singapore,14/10/2020,5850343,57889,28,0.9895,0.048368429235260586
Singapore,15/10/2020,5850343,57892,28,0.9895,0.04836592275271195
Singapore,16/10/2020,5850343,57901,28,0.9897,0.04835840486347386
Singapore,17/10/2020,5850343,57904,28,0.9898,0.04835589941972921
Singapore,18/10/2020,5850343,57911,28,0.9899,0.048350054393811195
Singapore,19/10/2020,5850343,57915,28,0.9899,0.048346715013381676
Singapore,20/10/2020,5850343,57921,28,0.9900,0.048341706807548214
Singapore,21/10/2020,5850343,57933,28,0.9902,0.04833169350801789
Singapore,22/10/2020,5850343,57941,28,0.9904,0.04832502027924958
Singapore,23/10/2020,5850343,57951,28,0.9906,0.04831668133423064
Singapore,24/10/2020,5850343,57965,28,0.9908,0.048305011644958165
Singapore,25/10/2020,5850343,57970,28,0.9909,0.048300845264792135
Singapore,26/10/2020,5850343,57973,28,0.9909,0.04829834578165698
Singapore,27/10/2020,5850343,57980,28,0.9911,0.048292514660227666
Singapore,28/10/2020,5850343,57987,28,0.9912,0.04828668494662597
Singapore,29/10/2020,5850343,57994,28,0.9913,0.04828085664034211
Singapore,30/10/2020,5850343,58003,28,0.9914,0.04827336517076703
Singapore,31/10/2020,5850343,58015,28,0.9917,0.04826338016030337
Singapore,01/11/2020,5850343,58019,28,0.9917,0.04826005274134335
Singapore,02/11/2020,5850343,58020,28,0.9917,0.048259220958290244
Singapore,03/11/2020,5850343,58029,28,0.9919,0.048251736200865085
Singapore,04/11/2020,5850343,58036,28,0.9920,0.04824591632779654
Singapore,05/11/2020,5850343,58043,28,0.9921,0.04824009785848423
Singapore,06/11/2020,5850343,58047,28,0.9922,0.048236773648939656
Singapore,07/11/2020,5850343,58054,28,0.9923,0.04823095738450408
Singapore,08/11/2020,5850343,58056,28,0.9924,0.04822929585228056
Singapore,09/11/2020,5850343,58064,28,0.9925,0.04822265086800771
Singapore,10/11/2020,5850343,58073,28,0.9926,0.04821517744907272
Singapore,11/11/2020,5850343,58091,28,0.9930,0.04820023755831368
Singapore,12/11/2020,5850343,58102,28,0.9931,0.048191112182024716
Singapore,13/11/2020,5850343,58114,28,0.9933,0.0481811611659841
Singapore,14/11/2020,5850343,58116,28,0.9934,0.04817950306283984
Singapore,15/11/2020,5850343,58119,28,0.9934,0.048177016122094324
Singapore,16/11/2020,5850343,58124,28,0.9935,0.04817287179134265
Singapore,17/11/2020,5850343,58130,28,0.9936,0.04816789953552383
Singapore,18/11/2020,5850343,58135,28,0.9937,0.048163756773028296
Singapore,19/11/2020,5850343,58139,28,0.9938,0.0481604430760763
Singapore,20/11/2020,5850343,58143,28,0.9938,0.04815712983506183
Singapore,21/11/2020,5850343,58148,28,0.9939,0.04815298892481255
Singapore,22/11/2020,5850343,58160,28,0.9941,0.048143053645116916
Singapore,23/11/2020,5850343,58165,28,0.9942,0.04813891515516204
Singapore,24/11/2020,5850343,58183,28,0.9945,0.04812402248079336
Singapore,25/11/2020,5850343,58190,28,0.9946,0.048118233373431865
Singapore,26/11/2020,5850343,58195,28,0.9947,0.04811409914941146
Singapore,27/11/2020,5850343,58199,28,0.9948,0.048110792281654324
Singapore,28/11/2020,5850343,58205,29,0.9949,0.049823898290524866
Singapore,29/11/2020,5850343,58213,29,0.9950,0.04981705117413636
Singapore,30/11/2020,5850343,58218,29,0.9951,0.04981277268198839
Singapore,01/12/2020,5850343,58228,29,0.9953,0.04980421790204025
Singapore,02/12/2020,5850343,58230,29,0.9953,0.049802507298643314
Singapore,03/12/2020,5850343,58239,29,0.9955,0.04979481103727743
Singapore,04/12/2020,5850343,58242,29,0.9955,0.049792246145393355
Singapore,05/12/2020,5850343,58255,29,0.9958,0.04978113466655223
Singapore,06/12/2020,5850343,58260,29,0.9958,0.04977686234122898
Singapore,07/12/2020,5850343,58273,29,0.9961,0.04976575772656291
Singapore,08/12/2020,5850343,58285,29,0.9963,0.04975551170970233
Singapore,09/12/2020,5850343,58291,29,0.9964,0.049750390283234115
Singapore,10/12/2020,5850343,58297,29,0.9965,0.04974526991097312
Singapore,11/12/2020,5850343,58305,29,0.9966,0.04973844438727382
Singapore,12/12/2020,5850343,58313,29,0.9967,0.04973162073637097
Singapore,13/12/2020,5850343,58320,29,0.9969,0.04972565157750343
Singapore,14/12/2020,5850343,58325,29,0.9970,0.049721388769824265
Singapore,15/12/2020,5850343,58341,29,0.9972,0.04970775269536004
Singapore,16/12/2020,5850343,58353,29,0.9974,0.049697530546844206
Singapore,17/12/2020,5850343,58377,29,0.9978,0.04967709885742673
Singapore,18/12/2020,5850343,58386,29,0.9980,0.049669441304422295
Singapore,19/12/2020,5850343,58403,29,0.9983,0.04965498347687619
Singapore,20/12/2020,5850343,58422,29,0.9986,0.04963883468556366
Singapore,21/12/2020,5850343,58432,29,0.9988,0.0496303395399781
Singapore,22/12/2020,5850343,58461,29,0.9993,0.04960572005268469
Singapore,23/12/2020,5850343,58482,29,0.9996,0.049587907390308134
Singapore,24/12/2020,5850343,58495,29,0.9999,0.0495768869134114
Singapore,25/12/2020,5850343,58509,29,1.0001,0.04956502418431353
Singapore,26/12/2020,5850343,58519,29,1.0003,0.049556554281515404
Singapore,27/12/2020,5850343,58524,29,1.0004,0.04955232041555601
Singapore,28/12/2020,5850343,58529,29,1.0004,0.04954808727297579
Singapore,29/12/2020,5850343,58542,29,1.0007,0.049537084486351676
Singapore,30/12/2020,5850343,58569,29,1.0011,0.049514248151752635
Singapore,31/12/2020,5850343,58599,29,1.0016,0.04948889912797146
Singapore,01/01/2021,5850343,58629,29,1.0021,0.04946357604598407
Singapore,02/01/2021,5850343,58662,29,1.0027,0.04943575057106815
Singapore,03/01/2021,5850343,58697,29,1.0033,0.049406272892992834
Singapore,04/01/2021,5850343,58721,29,1.0037,0.049386079937330775
Singapore,05/01/2021,5850343,58749,29,1.0042,0.04936254234114623
Singapore,06/01/2021,5850343,58780,29,1.0047,0.049336509016672345
Singapore,07/01/2021,5850343,58813,29,1.0053,0.0493088262799041
Singapore,08/01/2021,5850343,58836,29,1.0057,0.049289550615269566
Singapore,09/01/2021,5850343,58865,29,1.0062,0.049265267986069824
Singapore,10/01/2021,5850343,58907,29,1.0069,0.049230142427894814
Singapore,11/01/2021,5850343,58929,29,1.0073,0.04921176330838806
Singapore,12/01/2021,5850343,58946,29,1.0076,0.04919757065789028
Singapore,13/01/2021,5850343,58984,29,1.0082,0.04916587549165875
Singapore,14/01/2021,5850343,59029,29,1.0090,0.04912839451794881
Singapore,15/01/2021,5850343,59059,29,1.0095,0.049103438933947405
Singapore,16/01/2021,5850343,59083,29,1.0099,0.049083492713640126
Singapore,17/01/2021,5850343,59113,29,1.0104,0.04905858271446213
Singapore,18/01/2021,5850343,59127,29,1.0107,0.04904696669880089
Singapore,19/01/2021,5850343,59157,29,1.0112,0.04902209375052826
Singapore,20/01/2021,5850343,59197,29,1.0119,0.048988969035593015
Singapore,21/01/2021,5850343,59235,29,1.0125,0.04895754199375369
Singapore,22/01/2021,5850343,59250,29,1.0128,0.048945147679324896
Singapore,23/01/2021,5850343,59260,29,1.0129,0.04893688828889639
Singapore,24/01/2021,5850343,59308,29,1.0138,0.048897281985566865
Singapore,25/01/2021,5850343,59352,29,1.0145,0.04886103248416229
Singapore,26/01/2021,5850343,59366,29,1.0147,0.04884950982043594
Singapore,27/01/2021,5850343,59391,29,1.0152,0.04882894714687411
Singapore,28/01/2021,5850343,59425,29,1.0158,0.04880100967606226
Singapore,29/01/2021,5850343,59449,29,1.0162,0.048781308348332185
Singapore,30/01/2021,5850343,59507,29,1.0172,0.04873376241450586
Singapore,31/01/2021,5850343,59536,29,1.0176,0.048710024187046494
Singapore,01/02/2021,5850343,59565,29,1.0181,0.04868630907412071
Singapore,02/02/2021,5850343,59584,29,1.0185,0.04867078410311493
Singapore,03/02/2021,5850343,59602,29,1.0188,0.048656085366262876
Singapore,04/02/2021,5850343,59624,29,1.0192,0.048638132295719845
Singapore,05/02/2021,5850343,59649,29,1.0196,0.04861774715418531
Singapore,06/02/2021,5850343,59675,29,1.0200,0.04859656472559698
Singapore,07/02/2021,5850343,59699,29,1.0204,0.0485770280909228
Singapore,08/02/2021,5850343,59721,29,1.0208,0.048559133303193176
Singapore,09/02/2021,5850343,59732,29,1.0210,0.04855019085247439
Singapore,10/02/2021,5850343,59747,29,1.0213,0.04853800190804559
Singapore,11/02/2021,5850343,59759,29,1.0215,0.04852825515821885
Singapore,12/02/2021,5850343,59777,29,1.0218,0.048513642370811516
Singapore,13/02/2021,5850343,59786,29,1.0219,0.048506339276753754
Singapore,14/02/2021,5850343,59800,29,1.0222,0.04849498327759197
Singapore,15/02/2021,5850343,59809,29,1.0223,0.04848768579979602
Singapore,16/02/2021,5850343,59810,29,1.0223,0.048486875104497576
Singapore,17/02/2021,5850343,59821,29,1.0225,0.04847795924508116
Singapore,18/02/2021,5850343,59832,29,1.0227,0.048469046663992515
Singapore,19/02/2021,5850343,59846,29,1.0229,0.04845770811750159
Singapore,20/02/2021,5850343,59858,29,1.0232,0.048447993584817405
Singapore,21/02/2021,5850343,59869,29,1.0233,0.0484390920175717
Singapore,22/02/2021,5850343,59879,29,1.0235,0.048431002521752205
Singapore,23/02/2021,5850343,59883,29,1.0236,0.04842776747991918
Singapore,24/02/2021,5850343,59890,29,1.0237,0.04842210719652697
Singapore,25/02/2021,5850343,59900,29,1.0239,0.048414023372287146
Singapore,26/02/2021,5850343,59913,29,1.0241,0.04840351843506417
Singapore,27/02/2021,5850343,59925,29,1.0243,0.04839382561535253
Singapore,28/02/2021,5850343,59936,29,1.0245,0.04838494394020288
Singapore,01/03/2021,5850343,59948,29,1.0247,0.04837525855741643
Singapore,02/03/2021,5850343,59956,29,1.0248,0.048368803789445594
Singapore,03/03/2021,5850343,59979,29,1.0252,0.04835025592290635
Singapore,04/03/2021,5850343,59998,29,1.0255,0.04833494449814994
Singapore,05/03/2021,5850343,60007,29,1.0257,0.048327695102238076
Singapore,06/03/2021,5850343,60020,29,1.0259,0.048317227590803064
Singapore,07/03/2021,5850343,60033,29,1.0261,0.048306764612796295
Singapore,08/03/2021,5850343,60046,29,1.0264,0.04829630616527329
Singapore,09/03/2021,5850343,60052,29,1.0265,0.04829148071671218
Singapore,10/03/2021,5850343,60062,29,1.0266,0.04828344044487363
Singapore,11/03/2021,5850343,60070,29,1.0268,0.048277010154819375
Singapore,12/03/2021,5850343,60080,29,1.0269,0.04826897470039947
Singapore,13/03/2021,5850343,60088,30,1.0271,0.0499267740647051
Singapore,14/03/2021,5850343,60105,30,1.0274,0.04991265285749938
Singapore,15/03/2021,5850343,60117,30,1.0276,0.049902689754977796
Singapore,16/03/2021,5850343,60128,30,1.0278,0.04989356040447046
Singapore,17/03/2021,5850343,60137,30,1.0279,0.049886093420024286
Singapore,18/03/2021,5850343,60152,30,1.0282,0.049873653411357896
Singapore,19/03/2021,5850343,60167,30,1.0284,0.04986121960543155
Singapore,20/03/2021,5850343,60184,30,1.0287,0.04984713545128273
Singapore,21/03/2021,5850343,60196,30,1.0289,0.04983719848494916
Singapore,22/03/2021,5850343,60208,30,1.0291,0.04982726547967047
Singapore,23/03/2021,5850343,60221,30,1.0294,0.04981650919114594
Singapore,24/03/2021,5850343,60236,30,1.0296,0.04980410385815791
Singapore,25/03/2021,5850343,60253,30,1.0299,0.04979005194762087
Singapore,26/03/2021,5850343,60265,30,1.0301,0.049780137725047705
Singapore,27/03/2021,5850343,60288,30,1.0305,0.04976114649681529
Singapore,28/03/2021,5850343,60300,30,1.0307,0.04975124378109452
Singapore,29/03/2021,5850343,60321,30,1.0311,0.04973392350922564
Singapore,30/03/2021,5850343,60347,30,1.0315,0.04971249606442739
Singapore,31/03/2021,5850343,60381,30,1.0321,0.04968450340338849
Singapore,01/04/2021,5850343,60407,30,1.0325,0.04966311851275514
Singapore,02/04/2021,5850343,60450,30,1.0333,0.04962779156327543
Singapore,03/04/2021,5850343,60468,30,1.0336,0.04961301845604287
Singapore,04/04/2021,5850343,60478,30,1.0338,0.04960481497404015
Singapore,05/04/2021,5850343,60495,30,1.0340,0.049590875278948676
Singapore,06/04/2021,5850343,60519,30,1.0345,0.04957120904178852
Singapore,07/04/2021,5850343,60554,30,1.0351,0.04954255705651154
Singapore,08/04/2021,5850343,60575,30,1.0354,0.04952538175815105
Singapore,09/04/2021,5850343,60601,30,1.0359,0.049504133595155195
Singapore,10/04/2021,5850343,60633,30,1.0364,0.04947800702587699
Singapore,11/04/2021,5850343,60653,30,1.0367,0.04946169191960827
Singapore,12/04/2021,5850343,60678,30,1.0372,0.04944131316127757
Singapore,13/04/2021,5850343,60692,30,1.0374,0.04942990838990312
Singapore,14/04/2021,5850343,60719,30,1.0379,0.049407928325565315
Singapore,15/04/2021,5850343,60735,30,1.0381,0.04939491232403062
Singapore,16/04/2021,5850343,60769,30,1.0387,0.04936727607826359
Singapore,17/04/2021,5850343,60808,30,1.0394,0.04933561373503487
Singapore,18/04/2021,5850343,60831,30,1.0398,0.04931696010257927
Singapore,19/04/2021,5850343,60851,30,1.0401,0.04930075101477379
Singapore,20/04/2021,5850343,60865,30,1.0404,0.04928941099153865
Singapore,21/04/2021,5850343,60880,30,1.0406,0.049277266754270695
Singapore,22/04/2021,5850343,60904,30,1.0410,0.04925784841718114
Singapore,23/04/2021,5850343,60943,30,1.0417,0.04922632623927276
Singapore,24/04/2021,5850343,60966,30,1.0421,0.04920775514221041
Singapore,25/04/2021,5850343,61006,30,1.0428,0.04917549093531783
Singapore,26/04/2021,5850343,61051,30,1.0435,0.04913924423842361
Singapore,27/04/2021,5850343,61063,30,1.0438,0.049129587475230496
Singapore,28/04/2021,5850343,61086,30,1.0441,0.04911108928396032
Singapore,29/04/2021,5850343,61121,30,1.0447,0.049082966574499766
Singapore,30/04/2021,5850343,61145,30,1.0452,0.049063701038515005
Thailand,04/01/2020,69799978,NULL,NULL,NULL,NULL
Thailand,05/01/2020,69799978,NULL,NULL,NULL,NULL
Thailand,06/01/2020,69799978,NULL,NULL,NULL,NULL
Thailand,07/01/2020,69799978,NULL,NULL,NULL,NULL
Thailand,08/01/2020,69799978,NULL,NULL,NULL,NULL
Thailand,09/01/2020,69799978,NULL,NULL,NULL,NULL
Thailand,10/01/2020,69799978,NULL,NULL,NULL,NULL
Thailand,11/01/2020,69799978,NULL,NULL,NULL,NULL
Thailand,12/01/2020,69799978,NULL,NULL,NULL,NULL
Thailand,13/01/2020,69799978,NULL,NULL,NULL,NULL
Thailand,14/01/2020,69799978,NULL,NULL,NULL,NULL
Thailand,15/01/2020,69799978,NULL,NULL,NULL,NULL
Thailand,16/01/2020,69799978,NULL,NULL,NULL,NULL
Thailand,17/01/2020,69799978,NULL,NULL,NULL,NULL
Thailand,18/01/2020,69799978,NULL,NULL,NULL,NULL
Thailand,19/01/2020,69799978,NULL,NULL,NULL,NULL
Thailand,20/01/2020,69799978,NULL,NULL,NULL,NULL
Thailand,21/01/2020,69799978,NULL,NULL,NULL,NULL
Thailand,22/01/2020,69799978,4,NULL,0.0000,NULL
Thailand,23/01/2020,69799978,4,NULL,0.0000,NULL
Thailand,24/01/2020,69799978,5,NULL,0.0000,NULL
Thailand,25/01/2020,69799978,6,NULL,0.0000,NULL
Thailand,26/01/2020,69799978,8,NULL,0.0000,NULL
Thailand,27/01/2020,69799978,8,NULL,0.0000,NULL
Thailand,28/01/2020,69799978,14,NULL,0.0000,NULL
Thailand,29/01/2020,69799978,14,NULL,0.0000,NULL
Thailand,30/01/2020,69799978,14,NULL,0.0000,NULL
Thailand,31/01/2020,69799978,19,NULL,0.0000,NULL
Thailand,01/02/2020,69799978,19,NULL,0.0000,NULL
Thailand,02/02/2020,69799978,19,NULL,0.0000,NULL
Thailand,03/02/2020,69799978,19,NULL,0.0000,NULL
Thailand,04/02/2020,69799978,25,NULL,0.0000,NULL
Thailand,05/02/2020,69799978,25,NULL,0.0000,NULL
Thailand,06/02/2020,69799978,25,NULL,0.0000,NULL
Thailand,07/02/2020,69799978,25,NULL,0.0000,NULL
Thailand,08/02/2020,69799978,32,NULL,0.0000,NULL
Thailand,09/02/2020,69799978,32,NULL,0.0000,NULL
Thailand,10/02/2020,69799978,32,NULL,0.0000,NULL
Thailand,11/02/2020,69799978,33,NULL,0.0000,NULL
Thailand,12/02/2020,69799978,33,NULL,0.0000,NULL
Thailand,13/02/2020,69799978,33,NULL,0.0000,NULL
Thailand,14/02/2020,69799978,33,NULL,0.0000,NULL
Thailand,15/02/2020,69799978,34,NULL,0.0000,NULL
Thailand,16/02/2020,69799978,34,NULL,0.0000,NULL
Thailand,17/02/2020,69799978,35,NULL,0.0001,NULL
Thailand,18/02/2020,69799978,35,NULL,0.0001,NULL
Thailand,19/02/2020,69799978,35,NULL,0.0001,NULL
Thailand,20/02/2020,69799978,35,NULL,0.0001,NULL
Thailand,21/02/2020,69799978,35,NULL,0.0001,NULL
Thailand,22/02/2020,69799978,35,NULL,0.0001,NULL
Thailand,23/02/2020,69799978,35,NULL,0.0001,NULL
Thailand,24/02/2020,69799978,35,NULL,0.0001,NULL
Thailand,25/02/2020,69799978,37,NULL,0.0001,NULL
Thailand,26/02/2020,69799978,40,NULL,0.0001,NULL
Thailand,27/02/2020,69799978,40,NULL,0.0001,NULL
Thailand,28/02/2020,69799978,41,NULL,0.0001,NULL
Thailand,29/02/2020,69799978,42,NULL,0.0001,NULL
Thailand,01/03/2020,69799978,42,1,0.0001,2.380952380952381
Thailand,02/03/2020,69799978,43,1,0.0001,2.3255813953488373
Thailand,03/03/2020,69799978,43,1,0.0001,2.3255813953488373
Thailand,04/03/2020,69799978,43,1,0.0001,2.3255813953488373
Thailand,05/03/2020,69799978,47,1,0.0001,2.127659574468085
Thailand,06/03/2020,69799978,48,1,0.0001,2.083333333333333
Thailand,07/03/2020,69799978,50,1,0.0001,2
Thailand,08/03/2020,69799978,50,1,0.0001,2
Thailand,09/03/2020,69799978,50,1,0.0001,2
Thailand,10/03/2020,69799978,53,1,0.0001,1.8867924528301887
Thailand,11/03/2020,69799978,59,1,0.0001,1.694915254237288
Thailand,12/03/2020,69799978,70,1,0.0001,1.4285714285714286
Thailand,13/03/2020,69799978,75,1,0.0001,1.3333333333333335
Thailand,14/03/2020,69799978,82,1,0.0001,1.2195121951219512
Thailand,15/03/2020,69799978,114,1,0.0002,0.8771929824561403
Thailand,16/03/2020,69799978,147,1,0.0002,0.6802721088435374
Thailand,17/03/2020,69799978,177,1,0.0003,0.5649717514124294
Thailand,18/03/2020,69799978,212,1,0.0003,0.4716981132075472
Thailand,19/03/2020,69799978,272,1,0.0004,0.3676470588235294
Thailand,20/03/2020,69799978,322,1,0.0005,0.3105590062111801
Thailand,21/03/2020,69799978,411,1,0.0006,0.24330900243309003
Thailand,22/03/2020,69799978,599,1,0.0009,0.1669449081803005
Thailand,23/03/2020,69799978,721,1,0.0010,0.13869625520110956
Thailand,24/03/2020,69799978,827,4,0.0012,0.48367593712212814
Thailand,25/03/2020,69799978,934,4,0.0013,0.4282655246252677
Thailand,26/03/2020,69799978,1045,4,0.0015,0.3827751196172249
Thailand,27/03/2020,69799978,1136,5,0.0016,0.44014084507042256
Thailand,28/03/2020,69799978,1245,6,0.0018,0.48192771084337355
Thailand,29/03/2020,69799978,1388,7,0.0020,0.5043227665706052
Thailand,30/03/2020,69799978,1524,9,0.0022,0.5905511811023622
Thailand,31/03/2020,69799978,1651,10,0.0024,0.6056935190793459
Thailand,01/04/2020,69799978,1771,12,0.0025,0.6775832862789385
Thailand,02/04/2020,69799978,1875,15,0.0027,0.8
Thailand,03/04/2020,69799978,1978,19,0.0028,0.9605662285136503
Thailand,04/04/2020,69799978,2067,20,0.0030,0.9675858732462507
Thailand,05/04/2020,69799978,2169,23,0.0031,1.0603964960811434
Thailand,06/04/2020,69799978,2220,26,0.0032,1.1711711711711712
Thailand,07/04/2020,69799978,2258,27,0.0032,1.1957484499557132
Thailand,08/04/2020,69799978,2369,30,0.0034,1.2663571127057829
Thailand,09/04/2020,69799978,2423,32,0.0035,1.3206768468840282
Thailand,10/04/2020,69799978,2473,33,0.0035,1.334411645774363
Thailand,11/04/2020,69799978,2518,35,0.0036,1.3899920571882445
Thailand,12/04/2020,69799978,2551,38,0.0037,1.4896119168953352
Thailand,13/04/2020,69799978,2579,40,0.0037,1.5509887553315238
Thailand,14/04/2020,69799978,2613,41,0.0037,1.5690776884806734
Thailand,15/04/2020,69799978,2643,43,0.0038,1.6269390843738174
Thailand,16/04/2020,69799978,2672,46,0.0038,1.721556886227545
Thailand,17/04/2020,69799978,2700,47,0.0039,1.7407407407407407
Thailand,18/04/2020,69799978,2733,47,0.0039,1.7197219173069889
Thailand,19/04/2020,69799978,2765,47,0.0040,1.6998191681735986
Thailand,20/04/2020,69799978,2792,47,0.0040,1.683381088825215
Thailand,21/04/2020,69799978,2811,48,0.0040,1.7075773745997866
Thailand,22/04/2020,69799978,2826,49,0.0040,1.7338995046001413
Thailand,23/04/2020,69799978,2839,50,0.0041,1.7611835153222966
Thailand,24/04/2020,69799978,2854,50,0.0041,1.751927119831815
Thailand,25/04/2020,69799978,2907,51,0.0042,1.7543859649122806
Thailand,26/04/2020,69799978,2922,51,0.0042,1.7453798767967144
Thailand,27/04/2020,69799978,2931,52,0.0042,1.7741385192766974
Thailand,28/04/2020,69799978,2938,54,0.0042,1.8379850238257316
Thailand,29/04/2020,69799978,2947,54,0.0042,1.8323719036308113
Thailand,30/04/2020,69799978,2954,54,0.0042,1.8280297901150981
Thailand,01/05/2020,69799978,2960,54,0.0042,1.8243243243243243
Thailand,02/05/2020,69799978,2966,54,0.0042,1.8206338503034392
Thailand,03/05/2020,69799978,2969,54,0.0043,1.8187942068036378
Thailand,04/05/2020,69799978,2987,54,0.0043,1.8078339471041178
Thailand,05/05/2020,69799978,2988,54,0.0043,1.8072289156626504
Thailand,06/05/2020,69799978,2989,55,0.0043,1.8400802944128472
Thailand,07/05/2020,69799978,2992,55,0.0043,1.8382352941176472
Thailand,08/05/2020,69799978,3000,55,0.0043,1.8333333333333333
Thailand,09/05/2020,69799978,3004,56,0.0043,1.8641810918774968
Thailand,10/05/2020,69799978,3009,56,0.0043,1.8610834164174144
Thailand,11/05/2020,69799978,3015,56,0.0043,1.857379767827529
Thailand,12/05/2020,69799978,3017,56,0.0043,1.8561484918793503
Thailand,13/05/2020,69799978,3017,56,0.0043,1.8561484918793503
Thailand,14/05/2020,69799978,3018,56,0.0043,1.8555334658714382
Thailand,15/05/2020,69799978,3025,56,0.0043,1.8512396694214877
Thailand,16/05/2020,69799978,3025,56,0.0043,1.8512396694214877
Thailand,17/05/2020,69799978,3028,56,0.0043,1.8494055482166447
Thailand,18/05/2020,69799978,3031,56,0.0043,1.8475750577367205
Thailand,19/05/2020,69799978,3033,56,0.0043,1.8463567424991758
Thailand,20/05/2020,69799978,3034,56,0.0043,1.845748187211602
Thailand,21/05/2020,69799978,3037,56,0.0044,1.8439249259137307
Thailand,22/05/2020,69799978,3037,56,0.0044,1.8439249259137307
Thailand,23/05/2020,69799978,3040,56,0.0044,1.8421052631578945
Thailand,24/05/2020,69799978,3040,56,0.0044,1.8421052631578945
Thailand,25/05/2020,69799978,3042,57,0.0044,1.8737672583826428
Thailand,26/05/2020,69799978,3045,57,0.0044,1.87192118226601
Thailand,27/05/2020,69799978,3054,57,0.0044,1.8664047151277015
Thailand,28/05/2020,69799978,3065,57,0.0044,1.8597063621533443
Thailand,29/05/2020,69799978,3076,57,0.0044,1.8530559167750327
Thailand,30/05/2020,69799978,3077,57,0.0044,1.8524536886577836
Thailand,31/05/2020,69799978,3081,57,0.0044,1.8500486854917235
Thailand,01/06/2020,69799978,3082,57,0.0044,1.8494484101232964
Thailand,02/06/2020,69799978,3083,58,0.0044,1.8812844631852093
Thailand,03/06/2020,69799978,3084,58,0.0044,1.880674448767834
Thailand,04/06/2020,69799978,3101,58,0.0044,1.870364398581103
Thailand,05/06/2020,69799978,3102,58,0.0044,1.8697614442295292
Thailand,06/06/2020,69799978,3104,58,0.0044,1.8685567010309279
Thailand,07/06/2020,69799978,3112,58,0.0045,1.8637532133676094
Thailand,08/06/2020,69799978,3119,58,0.0045,1.8595703751202306
Thailand,09/06/2020,69799978,3121,58,0.0045,1.8583787247677026
Thailand,10/06/2020,69799978,3125,58,0.0045,1.856
Thailand,11/06/2020,69799978,3125,58,0.0045,1.856
Thailand,12/06/2020,69799978,3129,58,0.0045,1.8536273569830615
Thailand,13/06/2020,69799978,3134,58,0.0045,1.8506700701978303
Thailand,14/06/2020,69799978,3135,58,0.0045,1.8500797448165869
Thailand,15/06/2020,69799978,3135,58,0.0045,1.8500797448165869
Thailand,16/06/2020,69799978,3135,58,0.0045,1.8500797448165869
Thailand,17/06/2020,69799978,3135,58,0.0045,1.8500797448165869
Thailand,18/06/2020,69799978,3141,58,0.0045,1.8465456860872334
Thailand,19/06/2020,69799978,3146,58,0.0045,1.8436109345200253
Thailand,20/06/2020,69799978,3147,58,0.0045,1.8430251032729585
Thailand,21/06/2020,69799978,3148,58,0.0045,1.8424396442185513
Thailand,22/06/2020,69799978,3151,58,0.0045,1.8406854966677246
Thailand,23/06/2020,69799978,3156,58,0.0045,1.837769328263625
Thailand,24/06/2020,69799978,3157,58,0.0045,1.8371872030408618
Thailand,25/06/2020,69799978,3158,58,0.0045,1.8366054464851171
Thailand,26/06/2020,69799978,3162,58,0.0045,1.8342820999367486
Thailand,27/06/2020,69799978,3162,58,0.0045,1.8342820999367486
Thailand,28/06/2020,69799978,3162,58,0.0045,1.8342820999367486
Thailand,29/06/2020,69799978,3169,58,0.0045,1.8302303565793627
Thailand,30/06/2020,69799978,3171,58,0.0045,1.829076001261432
Thailand,01/07/2020,69799978,3173,58,0.0045,1.8279231011660888
Thailand,02/07/2020,69799978,3179,58,0.0046,1.8244731047499214
Thailand,03/07/2020,69799978,3180,58,0.0046,1.8238993710691824
Thailand,04/07/2020,69799978,3185,58,0.0046,1.8210361067503924
Thailand,05/07/2020,69799978,3190,58,0.0046,1.8181818181818181
Thailand,06/07/2020,69799978,3195,58,0.0046,1.8153364632237872
Thailand,07/07/2020,69799978,3195,58,0.0046,1.8153364632237872
Thailand,08/07/2020,69799978,3197,58,0.0046,1.8142008132624337
Thailand,09/07/2020,69799978,3202,58,0.0046,1.811367895065584
Thailand,10/07/2020,69799978,3202,58,0.0046,1.811367895065584
Thailand,11/07/2020,69799978,3216,58,0.0046,1.8034825870646767
Thailand,12/07/2020,69799978,3217,58,0.0046,1.8029219769972022
Thailand,13/07/2020,69799978,3220,58,0.0046,1.8012422360248446
Thailand,14/07/2020,69799978,3227,58,0.0046,1.7973349860551595
Thailand,15/07/2020,69799978,3232,58,0.0046,1.7945544554455444
Thailand,16/07/2020,69799978,3236,58,0.0046,1.792336217552534
Thailand,17/07/2020,69799978,3239,58,0.0046,1.7906761346094473
Thailand,18/07/2020,69799978,3246,58,0.0047,1.7868145409735057
Thailand,19/07/2020,69799978,3249,58,0.0047,1.7851646660510927
Thailand,20/07/2020,69799978,3250,58,0.0047,1.7846153846153845
Thailand,21/07/2020,69799978,3255,58,0.0047,1.7818740399385562
Thailand,22/07/2020,69799978,3253,58,0.0047,1.7829695665539502
Thailand,23/07/2020,69799978,3269,58,0.0047,1.7742428877332517
Thailand,24/07/2020,69799978,3279,58,0.0047,1.7688319609637084
Thailand,25/07/2020,69799978,3282,58,0.0047,1.7672151127361364
Thailand,26/07/2020,69799978,3291,58,0.0047,1.76238225463385
Thailand,27/07/2020,69799978,3295,58,0.0047,1.7602427921092563
Thailand,28/07/2020,69799978,3297,58,0.0047,1.7591750075826509
Thailand,29/07/2020,69799978,3298,58,0.0047,1.758641600970285
Thailand,30/07/2020,69799978,3304,58,0.0047,1.7554479418886197
Thailand,31/07/2020,69799978,3310,58,0.0047,1.7522658610271902
Thailand,01/08/2020,69799978,3312,58,0.0047,1.7512077294685993
Thailand,02/08/2020,69799978,3317,58,0.0048,1.7485679831172747
Thailand,03/08/2020,69799978,3320,58,0.0048,1.746987951807229
Thailand,04/08/2020,69799978,3321,58,0.0048,1.7464619090635352
Thailand,05/08/2020,69799978,3328,58,0.0048,1.7427884615384617
Thailand,06/08/2020,69799978,3330,58,0.0048,1.7417417417417418
Thailand,07/08/2020,69799978,3345,58,0.0048,1.7339312406576979
Thailand,08/08/2020,69799978,3348,58,0.0048,1.7323775388291516
Thailand,09/08/2020,69799978,3351,58,0.0048,1.7308266189197254
Thailand,10/08/2020,69799978,3351,58,0.0048,1.7308266189197254
Thailand,11/08/2020,69799978,3351,58,0.0048,1.7308266189197254
Thailand,12/08/2020,69799978,3356,58,0.0048,1.7282479141835518
Thailand,13/08/2020,69799978,3359,58,0.0048,1.7267043763024708
Thailand,14/08/2020,69799978,3376,58,0.0048,1.7180094786729858
Thailand,15/08/2020,69799978,3376,58,0.0048,1.7180094786729858
Thailand,16/08/2020,69799978,3377,58,0.0048,1.7175007403020432
Thailand,17/08/2020,69799978,3378,58,0.0048,1.7169923031379515
Thailand,18/08/2020,69799978,3381,58,0.0048,1.715468796214138
Thailand,19/08/2020,69799978,3382,58,0.0048,1.7149615612063869
Thailand,20/08/2020,69799978,3389,58,0.0049,1.7114192977279434
Thailand,21/08/2020,69799978,3390,58,0.0049,1.710914454277286
Thailand,22/08/2020,69799978,3390,58,0.0049,1.710914454277286
Thailand,23/08/2020,69799978,3395,58,0.0049,1.7083946980854197
Thailand,24/08/2020,69799978,3397,58,0.0049,1.7073888725345894
Thailand,25/08/2020,69799978,3402,58,0.0049,1.7048794826572604
Thailand,26/08/2020,69799978,3403,58,0.0049,1.7043784895680283
Thailand,27/08/2020,69799978,3404,58,0.0049,1.7038777908343123
Thailand,28/08/2020,69799978,3410,58,0.0049,1.7008797653958945
Thailand,29/08/2020,69799978,3411,58,0.0049,1.7003811199061858
Thailand,30/08/2020,69799978,3411,58,0.0049,1.7003811199061858
Thailand,31/08/2020,69799978,3412,58,0.0049,1.6998827667057446
Thailand,01/09/2020,69799978,3417,58,0.0049,1.6973953760608722
Thailand,02/09/2020,69799978,3425,58,0.0049,1.6934306569343065
Thailand,03/09/2020,69799978,3427,58,0.0049,1.6924423694193174
Thailand,04/09/2020,69799978,3431,58,0.0049,1.6904692509472456
Thailand,05/09/2020,69799978,3438,58,0.0049,1.6870273414776031
Thailand,06/09/2020,69799978,3444,58,0.0049,1.684088269454123
Thailand,07/09/2020,69799978,3445,58,0.0049,1.6835994194484762
Thailand,08/09/2020,69799978,3446,58,0.0049,1.6831108531630876
Thailand,09/09/2020,69799978,3447,58,0.0049,1.6826225703510298
Thailand,10/09/2020,69799978,3454,58,0.0049,1.679212507237985
Thailand,11/09/2020,69799978,3461,58,0.0050,1.6758162380814794
Thailand,12/09/2020,69799978,3466,58,0.0050,1.673398730525101
Thailand,13/09/2020,69799978,3473,58,0.0050,1.6700259141952203
Thailand,14/09/2020,69799978,3475,58,0.0050,1.669064748201439
Thailand,15/09/2020,69799978,3480,58,0.0050,1.6666666666666667
Thailand,16/09/2020,69799978,3490,58,0.0050,1.66189111747851
Thailand,17/09/2020,69799978,3490,58,0.0050,1.66189111747851
Thailand,18/09/2020,69799978,3497,58,0.0050,1.658564483843294
Thailand,19/09/2020,69799978,3500,59,0.0050,1.685714285714286
Thailand,20/09/2020,69799978,3506,59,0.0050,1.6828294352538506
Thailand,21/09/2020,69799978,3511,59,0.0050,1.6804329250925663
Thailand,22/09/2020,69799978,3514,59,0.0050,1.6789982925441094
Thailand,23/09/2020,69799978,3516,59,0.0050,1.678043230944255
Thailand,24/09/2020,69799978,3519,59,0.0050,1.6766126740551293
Thailand,25/09/2020,69799978,3522,59,0.0050,1.6751845542305508
Thailand,26/09/2020,69799978,3523,59,0.0050,1.6747090547828556
Thailand,27/09/2020,69799978,3545,59,0.0051,1.6643159379407617
Thailand,28/09/2020,69799978,3559,59,0.0051,1.6577690362461366
Thailand,29/09/2020,69799978,3564,59,0.0051,1.655443322109989
Thailand,30/09/2020,69799978,3569,59,0.0051,1.653124124404595
Thailand,01/10/2020,69799978,3575,59,0.0051,1.6503496503496504
Thailand,02/10/2020,69799978,3583,59,0.0051,1.6466648060284677
Thailand,03/10/2020,69799978,3585,59,0.0051,1.6457461645746165
Thailand,04/10/2020,69799978,3590,59,0.0051,1.6434540389972145
Thailand,05/10/2020,69799978,3600,59,0.0052,1.638888888888889
Thailand,06/10/2020,69799978,3615,59,0.0052,1.6320885200553252
Thailand,07/10/2020,69799978,3622,59,0.0052,1.6289342904472668
Thailand,08/10/2020,69799978,3628,59,0.0052,1.6262403528114664
Thailand,09/10/2020,69799978,3634,59,0.0052,1.6235553109521188
Thailand,10/10/2020,69799978,3636,59,0.0052,1.6226622662266228
Thailand,11/10/2020,69799978,3641,59,0.0052,1.6204339467179345
Thailand,12/10/2020,69799978,3643,59,0.0052,1.6195443315948392
Thailand,13/10/2020,69799978,3652,59,0.0052,1.6155531215772179
Thailand,14/10/2020,69799978,3665,59,0.0053,1.6098226466575716
Thailand,15/10/2020,69799978,3675,59,0.0053,1.6054421768707483
Thailand,16/10/2020,69799978,3686,59,0.0053,1.6006511123168747
Thailand,17/10/2020,69799978,3679,59,0.0053,1.6036966567001905
Thailand,18/10/2020,69799978,3691,59,0.0053,1.5984827959902466
Thailand,19/10/2020,69799978,3700,59,0.0053,1.5945945945945945
Thailand,20/10/2020,69799978,3709,59,0.0053,1.59072526287409
Thailand,21/10/2020,69799978,3719,59,0.0053,1.5864479698843774
Thailand,22/10/2020,69799978,3727,59,0.0053,1.58304266165817
Thailand,23/10/2020,69799978,3731,59,0.0053,1.5813454837845082
Thailand,24/10/2020,69799978,3736,59,0.0054,1.5792291220556747
Thailand,25/10/2020,69799978,3743,59,0.0054,1.576275714667379
Thailand,26/10/2020,69799978,3746,59,0.0054,1.5750133475707422
Thailand,27/10/2020,69799978,3759,59,0.0054,1.5695663740356476
Thailand,28/10/2020,69799978,3763,59,0.0054,1.5678979537602975
Thailand,29/10/2020,69799978,3775,59,0.0054,1.5629139072847682
Thailand,30/10/2020,69799978,3780,59,0.0054,1.5608465608465607
Thailand,31/10/2020,69799978,3784,59,0.0054,1.5591966173361522
Thailand,01/11/2020,69799978,3787,59,0.0054,1.557961447055717
Thailand,02/11/2020,69799978,3797,59,0.0054,1.553858309191467
Thailand,03/11/2020,69799978,3804,59,0.0054,1.5509989484752893
Thailand,04/11/2020,69799978,3810,59,0.0055,1.5485564304461943
Thailand,05/11/2020,69799978,3818,60,0.0055,1.5715034049240442
Thailand,06/11/2020,69799978,3830,60,0.0055,1.5665796344647518
Thailand,07/11/2020,69799978,3837,60,0.0055,1.5637216575449568
Thailand,08/11/2020,69799978,3840,60,0.0055,1.5625
Thailand,09/11/2020,69799978,3844,60,0.0055,1.5608740894901143
Thailand,10/11/2020,69799978,3847,60,0.0055,1.5596568754873927
Thailand,11/11/2020,69799978,3852,60,0.0055,1.557632398753894
Thailand,12/11/2020,69799978,3861,60,0.0055,1.554001554001554
Thailand,13/11/2020,69799978,3866,60,0.0055,1.5519917227108122
Thailand,14/11/2020,69799978,3874,60,0.0056,1.5487867836861127
Thailand,15/11/2020,69799978,3875,60,0.0056,1.5483870967741935
Thailand,16/11/2020,69799978,3878,60,0.0056,1.547189272821042
Thailand,17/11/2020,69799978,3880,60,0.0056,1.5463917525773196
Thailand,18/11/2020,69799978,3888,60,0.0056,1.5432098765432098
Thailand,19/11/2020,69799978,3892,60,0.0056,1.5416238437821173
Thailand,20/11/2020,69799978,3899,60,0.0056,1.5388561169530648
Thailand,21/11/2020,69799978,3922,60,0.0056,1.5298317185109638
Thailand,22/11/2020,69799978,3920,60,0.0056,1.530612244897959
Thailand,23/11/2020,69799978,3910,60,0.0056,1.5345268542199488
Thailand,24/11/2020,69799978,3926,60,0.0056,1.5282730514518594
Thailand,25/11/2020,69799978,3942,60,0.0056,1.5220700152207
Thailand,26/11/2020,69799978,3961,60,0.0057,1.5147689977278465
Thailand,27/11/2020,69799978,3966,60,0.0057,1.5128593040847202
Thailand,28/11/2020,69799978,3977,60,0.0057,1.5086748805632386
Thailand,29/11/2020,69799978,3998,60,0.0057,1.500750375187594
Thailand,30/11/2020,69799978,4008,60,0.0057,1.4970059880239521
Thailand,01/12/2020,69799978,4026,60,0.0058,1.4903129657228018
Thailand,02/12/2020,69799978,4039,60,0.0058,1.4855162168853677
Thailand,03/12/2020,69799978,4053,60,0.0058,1.4803849000740192
Thailand,04/12/2020,69799978,4072,60,0.0058,1.4734774066797642
Thailand,05/12/2020,69799978,4086,60,0.0059,1.4684287812041115
Thailand,06/12/2020,69799978,4107,60,0.0059,1.460920379839299
Thailand,07/12/2020,69799978,4126,60,0.0059,1.4541929229277752
Thailand,08/12/2020,69799978,4151,60,0.0059,1.445434834979523
Thailand,09/12/2020,69799978,4169,60,0.0060,1.4391940513312544
Thailand,10/12/2020,69799978,4180,60,0.0060,1.4354066985645932
Thailand,11/12/2020,69799978,4192,60,0.0060,1.4312977099236641
Thailand,12/12/2020,69799978,4209,60,0.0060,1.4255167498218104
Thailand,13/12/2020,69799978,4237,60,0.0061,1.4160962945480293
Thailand,14/12/2020,69799978,4246,60,0.0061,1.4130946773433821
Thailand,15/12/2020,69799978,4261,60,0.0061,1.4081201595869515
Thailand,16/12/2020,69799978,4281,60,0.0061,1.4015416958654519
Thailand,17/12/2020,69799978,4297,60,0.0062,1.3963230160577147
Thailand,18/12/2020,69799978,4331,60,0.0062,1.385361348418379
Thailand,19/12/2020,69799978,4907,60,0.0070,1.2227430201752598
Thailand,20/12/2020,69799978,5289,60,0.0076,1.1344299489506522
Thailand,21/12/2020,69799978,5716,60,0.0082,1.0496850944716585
Thailand,22/12/2020,69799978,5762,60,0.0083,1.0413051023950017
Thailand,23/12/2020,69799978,5829,60,0.0084,1.029336078229542
Thailand,24/12/2020,69799978,5910,60,0.0085,1.015228426395939
Thailand,25/12/2020,69799978,6020,60,0.0086,0.9966777408637874
Thailand,26/12/2020,69799978,6141,60,0.0088,0.9770395701025891
Thailand,27/12/2020,69799978,6285,60,0.0090,0.9546539379474941
Thailand,28/12/2020,69799978,6440,61,0.0092,0.9472049689440993
Thailand,29/12/2020,69799978,6690,61,0.0096,0.9118086696562033
Thailand,30/12/2020,69799978,6884,61,0.0099,0.8861127251597908
Thailand,31/12/2020,69799978,7163,63,0.0103,0.8795197542928941
Thailand,01/01/2021,69799978,7379,64,0.0106,0.8673261959615123
Thailand,02/01/2021,69799978,7694,64,0.0110,0.8318170002599428
Thailand,03/01/2021,69799978,8439,65,0.0121,0.7702334399810404
Thailand,04/01/2021,69799978,8966,65,0.0128,0.7249609636404194
Thailand,05/01/2021,69799978,9331,66,0.0134,0.7073196870646233
Thailand,06/01/2021,69799978,9636,67,0.0138,0.6953092569530926
Thailand,07/01/2021,69799978,9841,67,0.0141,0.6808251193984352
Thailand,08/01/2021,69799978,10053,67,0.0144,0.6664677210782851
Thailand,09/01/2021,69799978,10298,67,0.0148,0.6506117692755875
Thailand,10/01/2021,69799978,10547,67,0.0151,0.6352517303498625
Thailand,11/01/2021,69799978,10834,67,0.0155,0.6184234816318996
Thailand,12/01/2021,69799978,10991,67,0.0157,0.609589664270767
Thailand,13/01/2021,69799978,10991,67,0.0157,0.609589664270767
Thailand,14/01/2021,69799978,11450,69,0.0164,0.6026200873362445
Thailand,15/01/2021,69799978,11680,70,0.0167,0.5993150684931506
Thailand,16/01/2021,69799978,12054,70,0.0173,0.5807200929152149
Thailand,17/01/2021,69799978,12423,70,0.0178,0.5634709812444659
Thailand,18/01/2021,69799978,12594,70,0.0180,0.5558202318564396
Thailand,19/01/2021,69799978,12653,71,0.0181,0.561131747411681
Thailand,20/01/2021,69799978,12795,71,0.0183,0.5549042594763579
Thailand,21/01/2021,69799978,12795,71,0.0183,0.5549042594763579
Thailand,22/01/2021,69799978,13104,71,0.0188,0.5418192918192918
Thailand,23/01/2021,69799978,13302,72,0.0191,0.5412719891745602
Thailand,24/01/2021,69799978,13500,73,0.0193,0.5407407407407407
Thailand,25/01/2021,69799978,14646,75,0.0210,0.5120852109791069
Thailand,26/01/2021,69799978,14646,75,0.0210,0.5120852109791069
Thailand,27/01/2021,69799978,15465,76,0.0222,0.4914322664080181
Thailand,28/01/2021,69799978,16221,76,0.0232,0.46852845077368843
Thailand,29/01/2021,69799978,17953,77,0.0257,0.4288976772684231
Thailand,30/01/2021,69799978,18782,77,0.0269,0.40996698967096157
Thailand,31/01/2021,69799978,19618,77,0.0281,0.39249668671628096
Thailand,01/02/2021,69799978,20454,79,0.0293,0.3862325217561357
Thailand,02/02/2021,69799978,21249,79,0.0304,0.37178220151536545
Thailand,03/02/2021,69799978,21249,79,0.0304,0.37178220151536545
Thailand,04/02/2021,69799978,22058,79,0.0316,0.3581467041436214
Thailand,05/02/2021,69799978,23134,79,0.0331,0.3414887179043832
Thailand,06/02/2021,69799978,23371,79,0.0335,0.3380257584185529
Thailand,07/02/2021,69799978,23557,79,0.0337,0.3353567941588487
Thailand,08/02/2021,69799978,23557,79,0.0337,0.3353567941588487
Thailand,09/02/2021,69799978,23746,79,0.0340,0.3326876105449339
Thailand,10/02/2021,69799978,24104,80,0.0345,0.3318951211417192
Thailand,11/02/2021,69799978,24279,80,0.0348,0.3295028625561185
Thailand,12/02/2021,69799978,24279,80,0.0348,0.3295028625561185
Thailand,13/02/2021,69799978,24405,80,0.0350,0.32780167998360993
Thailand,14/02/2021,69799978,24571,80,0.0352,0.3255870741931545
Thailand,15/02/2021,69799978,24714,82,0.0354,0.3317957433033908
Thailand,16/02/2021,69799978,24786,82,0.0355,0.3308319212458646
Thailand,17/02/2021,69799978,24961,82,0.0358,0.32851247946797
Thailand,18/02/2021,69799978,25111,83,0.0360,0.33053243598423
Thailand,19/02/2021,69799978,25241,83,0.0362,0.32883007804762093
Thailand,20/02/2021,69799978,25323,83,0.0363,0.327765272677013
Thailand,21/02/2021,69799978,25504,83,0.0365,0.3254391468005019
Thailand,22/02/2021,69799978,25504,83,0.0365,0.3254391468005019
Thailand,23/02/2021,69799978,25692,83,0.0368,0.32305776117079243
Thailand,24/02/2021,69799978,25692,83,0.0368,0.32305776117079243
Thailand,25/02/2021,69799978,25764,83,0.0369,0.3221549448843347
Thailand,26/02/2021,69799978,25809,83,0.0370,0.3215932426672866
Thailand,27/02/2021,69799978,25951,83,0.0372,0.3198335324264961
Thailand,28/02/2021,69799978,26031,83,0.0373,0.3188506012062541
Thailand,01/03/2021,69799978,26031,83,0.0373,0.3188506012062541
Thailand,02/03/2021,69799978,26073,84,0.0374,0.32217236221378437
Thailand,03/03/2021,69799978,26108,85,0.0374,0.3255707062969205
Thailand,04/03/2021,69799978,26162,85,0.0375,0.3248987080498433
Thailand,05/03/2021,69799978,26241,85,0.0376,0.323920582294882
Thailand,06/03/2021,69799978,26305,85,0.0377,0.3231324843185706
Thailand,07/03/2021,69799978,26441,85,0.0379,0.3214704436292122
Thailand,08/03/2021,69799978,26441,85,0.0379,0.3214704436292122
Thailand,09/03/2021,69799978,26501,85,0.0380,0.3207426134862835
Thailand,10/03/2021,69799978,26540,85,0.0380,0.3202712886209495
Thailand,11/03/2021,69799978,26598,85,0.0381,0.3195729002180615
Thailand,12/03/2021,69799978,26679,85,0.0382,0.3186026462760973
Thailand,13/03/2021,69799978,26757,86,0.0383,0.3214112194939642
Thailand,14/03/2021,69799978,26927,87,0.0386,0.32309577747242546
Thailand,15/03/2021,69799978,27005,87,0.0387,0.32216256248842806
Thailand,16/03/2021,69799978,27154,88,0.0389,0.3240774839802607
Thailand,17/03/2021,69799978,27402,89,0.0393,0.32479381067075397
Thailand,18/03/2021,69799978,27494,89,0.0394,0.32370699061613445
Thailand,19/03/2021,69799978,27594,90,0.0395,0.32615786040443573
Thailand,20/03/2021,69799978,27713,90,0.0397,0.3247573341031285
Thailand,21/03/2021,69799978,27803,90,0.0398,0.3237060748840053
Thailand,22/03/2021,69799978,27876,91,0.0399,0.3264456880470656
Thailand,23/03/2021,69799978,28346,92,0.0406,0.3245607845904184
Thailand,24/03/2021,69799978,28443,92,0.0407,0.32345392539464896
Thailand,25/03/2021,69799978,28443,92,0.0407,0.32345392539464896
Thailand,26/03/2021,69799978,28577,92,0.0409,0.3219372222416629
Thailand,27/03/2021,69799978,28657,93,0.0411,0.32452803852461876
Thailand,28/03/2021,69799978,28734,94,0.0412,0.32713858147142755
Thailand,29/03/2021,69799978,28773,94,0.0412,0.32669516560664513
Thailand,30/03/2021,69799978,28821,94,0.0413,0.32615107040005553
Thailand,31/03/2021,69799978,28863,94,0.0414,0.32567647160724805
Thailand,01/04/2021,69799978,28889,94,0.0414,0.3253833639101388
Thailand,02/04/2021,69799978,28947,94,0.0415,0.3247314056724358
Thailand,03/04/2021,69799978,29031,95,0.0416,0.32723640246632907
Thailand,04/04/2021,69799978,29127,95,0.0417,0.32615786040443573
Thailand,05/04/2021,69799978,29321,95,0.0420,0.32399986357900484
Thailand,06/04/2021,69799978,29571,95,0.0424,0.3212606945994386
Thailand,07/04/2021,69799978,29905,95,0.0428,0.3176726299949841
Thailand,08/04/2021,69799978,30310,95,0.0434,0.31342791158033656
Thailand,09/04/2021,69799978,30869,96,0.0442,0.3109916097055298
Thailand,10/04/2021,69799978,31658,97,0.0454,0.3063996462189652
Thailand,11/04/2021,69799978,32625,97,0.0467,0.2973180076628352
Thailand,12/04/2021,69799978,33610,97,0.0482,0.2886045819696519
Thailand,13/04/2021,69799978,34575,97,0.0495,0.28054953000723065
Thailand,14/04/2021,69799978,35910,97,0.0514,0.2701197438039543
Thailand,15/04/2021,69799978,37453,97,0.0537,0.25899126905721837
Thailand,16/04/2021,69799978,39038,97,0.0559,0.24847584404938777
Thailand,17/04/2021,69799978,40585,99,0.0581,0.24393248737218184
Thailand,18/04/2021,69799978,42352,101,0.0607,0.23847752172270492
Thailand,19/04/2021,69799978,43742,104,0.0627,0.23775776141923094
Thailand,20/04/2021,69799978,45185,108,0.0647,0.23901737302202056
Thailand,21/04/2021,69799978,46643,110,0.0668,0.23583388718564413
Thailand,22/04/2021,69799978,48113,117,0.0689,0.2431775195893002
Thailand,23/04/2021,69799978,50183,121,0.0719,0.24111750991371578
Thailand,24/04/2021,69799978,53022,129,0.0760,0.24329523593979857
Thailand,25/04/2021,69799978,55460,140,0.0795,0.25243418680129825
Thailand,26/04/2021,69799978,57508,148,0.0824,0.2573554983654448
Thailand,27/04/2021,69799978,59688,163,0.0855,0.27308671759817715
Thailand,28/04/2021,69799978,61699,178,0.0884,0.28849738245352435
Thailand,29/04/2021,69799978,63570,188,0.0911,0.29573698285354727
Thailand,30/04/2021,69799978,65153,203,0.0933,0.3115742943532915
Vietnam,23/01/2020,97338583,2,NULL,0.0000,NULL
Vietnam,24/01/2020,97338583,2,NULL,0.0000,NULL
Vietnam,25/01/2020,97338583,2,NULL,0.0000,NULL
Vietnam,26/01/2020,97338583,2,NULL,0.0000,NULL
Vietnam,27/01/2020,97338583,2,NULL,0.0000,NULL
Vietnam,28/01/2020,97338583,2,NULL,0.0000,NULL
Vietnam,29/01/2020,97338583,2,NULL,0.0000,NULL
Vietnam,30/01/2020,97338583,2,NULL,0.0000,NULL
Vietnam,31/01/2020,97338583,2,NULL,0.0000,NULL
Vietnam,01/02/2020,97338583,6,NULL,0.0000,NULL
Vietnam,02/02/2020,97338583,6,NULL,0.0000,NULL
Vietnam,03/02/2020,97338583,8,NULL,0.0000,NULL
Vietnam,04/02/2020,97338583,8,NULL,0.0000,NULL
Vietnam,05/02/2020,97338583,8,NULL,0.0000,NULL
Vietnam,06/02/2020,97338583,10,NULL,0.0000,NULL
Vietnam,07/02/2020,97338583,10,NULL,0.0000,NULL
Vietnam,08/02/2020,97338583,13,NULL,0.0000,NULL
Vietnam,09/02/2020,97338583,13,NULL,0.0000,NULL
Vietnam,10/02/2020,97338583,14,NULL,0.0000,NULL
Vietnam,11/02/2020,97338583,15,NULL,0.0000,NULL
Vietnam,12/02/2020,97338583,15,NULL,0.0000,NULL
Vietnam,13/02/2020,97338583,16,NULL,0.0000,NULL
Vietnam,14/02/2020,97338583,16,NULL,0.0000,NULL
Vietnam,15/02/2020,97338583,16,NULL,0.0000,NULL
Vietnam,16/02/2020,97338583,16,NULL,0.0000,NULL
Vietnam,17/02/2020,97338583,16,NULL,0.0000,NULL
Vietnam,18/02/2020,97338583,16,NULL,0.0000,NULL
Vietnam,19/02/2020,97338583,16,NULL,0.0000,NULL
Vietnam,20/02/2020,97338583,16,NULL,0.0000,NULL
Vietnam,21/02/2020,97338583,16,NULL,0.0000,NULL
Vietnam,22/02/2020,97338583,16,NULL,0.0000,NULL
Vietnam,23/02/2020,97338583,16,NULL,0.0000,NULL
Vietnam,24/02/2020,97338583,16,NULL,0.0000,NULL
Vietnam,25/02/2020,97338583,16,NULL,0.0000,NULL
Vietnam,26/02/2020,97338583,16,NULL,0.0000,NULL
Vietnam,27/02/2020,97338583,16,NULL,0.0000,NULL
Vietnam,28/02/2020,97338583,16,NULL,0.0000,NULL
Vietnam,29/02/2020,97338583,16,NULL,0.0000,NULL
Vietnam,01/03/2020,97338583,16,NULL,0.0000,NULL
Vietnam,02/03/2020,97338583,16,NULL,0.0000,NULL
Vietnam,03/03/2020,97338583,16,NULL,0.0000,NULL
Vietnam,04/03/2020,97338583,16,NULL,0.0000,NULL
Vietnam,05/03/2020,97338583,16,NULL,0.0000,NULL
Vietnam,06/03/2020,97338583,16,NULL,0.0000,NULL
Vietnam,07/03/2020,97338583,18,NULL,0.0000,NULL
Vietnam,08/03/2020,97338583,30,NULL,0.0000,NULL
Vietnam,09/03/2020,97338583,30,NULL,0.0000,NULL
Vietnam,10/03/2020,97338583,31,NULL,0.0000,NULL
Vietnam,11/03/2020,97338583,38,NULL,0.0000,NULL
Vietnam,12/03/2020,97338583,39,NULL,0.0000,NULL
Vietnam,13/03/2020,97338583,47,NULL,0.0000,NULL
Vietnam,14/03/2020,97338583,53,NULL,0.0001,NULL
Vietnam,15/03/2020,97338583,56,NULL,0.0001,NULL
Vietnam,16/03/2020,97338583,61,NULL,0.0001,NULL
Vietnam,17/03/2020,97338583,66,NULL,0.0001,NULL
Vietnam,18/03/2020,97338583,75,NULL,0.0001,NULL
Vietnam,19/03/2020,97338583,85,NULL,0.0001,NULL
Vietnam,20/03/2020,97338583,91,NULL,0.0001,NULL
Vietnam,21/03/2020,97338583,94,NULL,0.0001,NULL
Vietnam,22/03/2020,97338583,113,NULL,0.0001,NULL
Vietnam,23/03/2020,97338583,123,NULL,0.0001,NULL
Vietnam,24/03/2020,97338583,134,NULL,0.0001,NULL
Vietnam,25/03/2020,97338583,141,NULL,0.0001,NULL
Vietnam,26/03/2020,97338583,153,NULL,0.0002,NULL
Vietnam,27/03/2020,97338583,163,NULL,0.0002,NULL
Vietnam,28/03/2020,97338583,174,NULL,0.0002,NULL
Vietnam,29/03/2020,97338583,188,NULL,0.0002,NULL
Vietnam,30/03/2020,97338583,203,NULL,0.0002,NULL
Vietnam,31/03/2020,97338583,212,NULL,0.0002,NULL
Vietnam,01/04/2020,97338583,218,NULL,0.0002,NULL
Vietnam,02/04/2020,97338583,233,NULL,0.0002,NULL
Vietnam,03/04/2020,97338583,237,NULL,0.0002,NULL
Vietnam,04/04/2020,97338583,240,NULL,0.0002,NULL
Vietnam,05/04/2020,97338583,241,NULL,0.0002,NULL
Vietnam,06/04/2020,97338583,245,NULL,0.0003,NULL
Vietnam,07/04/2020,97338583,249,NULL,0.0003,NULL
Vietnam,08/04/2020,97338583,251,NULL,0.0003,NULL
Vietnam,09/04/2020,97338583,255,NULL,0.0003,NULL
Vietnam,10/04/2020,97338583,257,NULL,0.0003,NULL
Vietnam,11/04/2020,97338583,258,NULL,0.0003,NULL
Vietnam,12/04/2020,97338583,262,NULL,0.0003,NULL
Vietnam,13/04/2020,97338583,265,NULL,0.0003,NULL
Vietnam,14/04/2020,97338583,266,NULL,0.0003,NULL
Vietnam,15/04/2020,97338583,267,NULL,0.0003,NULL
Vietnam,16/04/2020,97338583,268,NULL,0.0003,NULL
Vietnam,17/04/2020,97338583,268,NULL,0.0003,NULL
Vietnam,18/04/2020,97338583,268,NULL,0.0003,NULL
Vietnam,19/04/2020,97338583,268,NULL,0.0003,NULL
Vietnam,20/04/2020,97338583,268,NULL,0.0003,NULL
Vietnam,21/04/2020,97338583,268,NULL,0.0003,NULL
Vietnam,22/04/2020,97338583,268,NULL,0.0003,NULL
Vietnam,23/04/2020,97338583,268,NULL,0.0003,NULL
Vietnam,24/04/2020,97338583,270,NULL,0.0003,NULL
Vietnam,25/04/2020,97338583,270,NULL,0.0003,NULL
Vietnam,26/04/2020,97338583,270,NULL,0.0003,NULL
Vietnam,27/04/2020,97338583,270,NULL,0.0003,NULL
Vietnam,28/04/2020,97338583,270,NULL,0.0003,NULL
Vietnam,29/04/2020,97338583,270,NULL,0.0003,NULL
Vietnam,30/04/2020,97338583,270,NULL,0.0003,NULL
Vietnam,01/05/2020,97338583,270,NULL,0.0003,NULL
Vietnam,02/05/2020,97338583,270,NULL,0.0003,NULL
Vietnam,03/05/2020,97338583,271,NULL,0.0003,NULL
Vietnam,04/05/2020,97338583,271,NULL,0.0003,NULL
Vietnam,05/05/2020,97338583,271,NULL,0.0003,NULL
Vietnam,06/05/2020,97338583,271,NULL,0.0003,NULL
Vietnam,07/05/2020,97338583,288,NULL,0.0003,NULL
Vietnam,08/05/2020,97338583,288,NULL,0.0003,NULL
Vietnam,09/05/2020,97338583,288,NULL,0.0003,NULL
Vietnam,10/05/2020,97338583,288,NULL,0.0003,NULL
Vietnam,11/05/2020,97338583,288,NULL,0.0003,NULL
Vietnam,12/05/2020,97338583,288,NULL,0.0003,NULL
Vietnam,13/05/2020,97338583,288,NULL,0.0003,NULL
Vietnam,14/05/2020,97338583,312,NULL,0.0003,NULL
Vietnam,15/05/2020,97338583,314,NULL,0.0003,NULL
Vietnam,16/05/2020,97338583,318,NULL,0.0003,NULL
Vietnam,17/05/2020,97338583,320,NULL,0.0003,NULL
Vietnam,18/05/2020,97338583,324,NULL,0.0003,NULL
Vietnam,19/05/2020,97338583,324,NULL,0.0003,NULL
Vietnam,20/05/2020,97338583,324,NULL,0.0003,NULL
Vietnam,21/05/2020,97338583,324,NULL,0.0003,NULL
Vietnam,22/05/2020,97338583,324,NULL,0.0003,NULL
Vietnam,23/05/2020,97338583,325,NULL,0.0003,NULL
Vietnam,24/05/2020,97338583,325,NULL,0.0003,NULL
Vietnam,25/05/2020,97338583,326,NULL,0.0003,NULL
Vietnam,26/05/2020,97338583,327,NULL,0.0003,NULL
Vietnam,27/05/2020,97338583,327,NULL,0.0003,NULL
Vietnam,28/05/2020,97338583,327,NULL,0.0003,NULL
Vietnam,29/05/2020,97338583,328,NULL,0.0003,NULL
Vietnam,30/05/2020,97338583,328,NULL,0.0003,NULL
Vietnam,31/05/2020,97338583,328,NULL,0.0003,NULL
Vietnam,01/06/2020,97338583,328,NULL,0.0003,NULL
Vietnam,02/06/2020,97338583,328,NULL,0.0003,NULL
Vietnam,03/06/2020,97338583,328,NULL,0.0003,NULL
Vietnam,04/06/2020,97338583,328,NULL,0.0003,NULL
Vietnam,05/06/2020,97338583,328,NULL,0.0003,NULL
Vietnam,06/06/2020,97338583,329,NULL,0.0003,NULL
Vietnam,07/06/2020,97338583,331,NULL,0.0003,NULL
Vietnam,08/06/2020,97338583,332,NULL,0.0003,NULL
Vietnam,09/06/2020,97338583,332,NULL,0.0003,NULL
Vietnam,10/06/2020,97338583,332,NULL,0.0003,NULL
Vietnam,11/06/2020,97338583,332,NULL,0.0003,NULL
Vietnam,12/06/2020,97338583,333,NULL,0.0003,NULL
Vietnam,13/06/2020,97338583,334,NULL,0.0003,NULL
Vietnam,14/06/2020,97338583,334,NULL,0.0003,NULL
Vietnam,15/06/2020,97338583,334,NULL,0.0003,NULL
Vietnam,16/06/2020,97338583,334,NULL,0.0003,NULL
Vietnam,17/06/2020,97338583,335,NULL,0.0003,NULL
Vietnam,18/06/2020,97338583,342,NULL,0.0004,NULL
Vietnam,19/06/2020,97338583,349,NULL,0.0004,NULL
Vietnam,20/06/2020,97338583,349,NULL,0.0004,NULL
Vietnam,21/06/2020,97338583,349,NULL,0.0004,NULL
Vietnam,22/06/2020,97338583,349,NULL,0.0004,NULL
Vietnam,23/06/2020,97338583,349,NULL,0.0004,NULL
Vietnam,24/06/2020,97338583,352,NULL,0.0004,NULL
Vietnam,25/06/2020,97338583,352,NULL,0.0004,NULL
Vietnam,26/06/2020,97338583,353,NULL,0.0004,NULL
Vietnam,27/06/2020,97338583,355,NULL,0.0004,NULL
Vietnam,28/06/2020,97338583,355,NULL,0.0004,NULL
Vietnam,29/06/2020,97338583,355,NULL,0.0004,NULL
Vietnam,30/06/2020,97338583,355,NULL,0.0004,NULL
Vietnam,01/07/2020,97338583,355,NULL,0.0004,NULL
Vietnam,02/07/2020,97338583,355,NULL,0.0004,NULL
Vietnam,03/07/2020,97338583,355,NULL,0.0004,NULL
Vietnam,04/07/2020,97338583,355,NULL,0.0004,NULL
Vietnam,05/07/2020,97338583,355,NULL,0.0004,NULL
Vietnam,06/07/2020,97338583,369,NULL,0.0004,NULL
Vietnam,07/07/2020,97338583,369,NULL,0.0004,NULL
Vietnam,08/07/2020,97338583,369,NULL,0.0004,NULL
Vietnam,09/07/2020,97338583,369,NULL,0.0004,NULL
Vietnam,10/07/2020,97338583,370,NULL,0.0004,NULL
Vietnam,11/07/2020,97338583,370,NULL,0.0004,NULL
Vietnam,12/07/2020,97338583,372,NULL,0.0004,NULL
Vietnam,13/07/2020,97338583,373,NULL,0.0004,NULL
Vietnam,14/07/2020,97338583,373,NULL,0.0004,NULL
Vietnam,15/07/2020,97338583,381,NULL,0.0004,NULL
Vietnam,16/07/2020,97338583,381,NULL,0.0004,NULL
Vietnam,17/07/2020,97338583,382,NULL,0.0004,NULL
Vietnam,18/07/2020,97338583,382,NULL,0.0004,NULL
Vietnam,19/07/2020,97338583,383,NULL,0.0004,NULL
Vietnam,20/07/2020,97338583,384,NULL,0.0004,NULL
Vietnam,21/07/2020,97338583,401,NULL,0.0004,NULL
Vietnam,22/07/2020,97338583,408,NULL,0.0004,NULL
Vietnam,23/07/2020,97338583,412,NULL,0.0004,NULL
Vietnam,24/07/2020,97338583,415,NULL,0.0004,NULL
Vietnam,25/07/2020,97338583,417,NULL,0.0004,NULL
Vietnam,26/07/2020,97338583,420,NULL,0.0004,NULL
Vietnam,27/07/2020,97338583,431,NULL,0.0004,NULL
Vietnam,28/07/2020,97338583,446,NULL,0.0005,NULL
Vietnam,29/07/2020,97338583,459,NULL,0.0005,NULL
Vietnam,30/07/2020,97338583,509,NULL,0.0005,NULL
Vietnam,31/07/2020,97338583,558,3,0.0006,0.5376344086021506
Vietnam,01/08/2020,97338583,590,3,0.0006,0.5084745762711864
Vietnam,02/08/2020,97338583,621,6,0.0006,0.966183574879227
Vietnam,03/08/2020,97338583,652,7,0.0007,1.0736196319018405
Vietnam,04/08/2020,97338583,672,8,0.0007,1.1904761904761905
Vietnam,05/08/2020,97338583,717,9,0.0007,1.2552301255230125
Vietnam,06/08/2020,97338583,750,10,0.0008,1.3333333333333335
Vietnam,07/08/2020,97338583,789,10,0.0008,1.2674271229404308
Vietnam,08/08/2020,97338583,812,10,0.0008,1.2315270935960592
Vietnam,09/08/2020,97338583,841,13,0.0009,1.5457788347205708
Vietnam,10/08/2020,97338583,847,15,0.0009,1.770956316410862
Vietnam,11/08/2020,97338583,866,16,0.0009,1.8475750577367205
Vietnam,12/08/2020,97338583,883,18,0.0009,2.0385050962627407
Vietnam,13/08/2020,97338583,911,21,0.0009,2.305159165751921
Vietnam,14/08/2020,97338583,930,22,0.0010,2.3655913978494625
Vietnam,15/08/2020,97338583,951,24,0.0010,2.5236593059936907
Vietnam,16/08/2020,97338583,964,24,0.0010,2.4896265560165975
Vietnam,17/08/2020,97338583,983,25,0.0010,2.5432349949135302
Vietnam,18/08/2020,97338583,989,26,0.0010,2.62891809908999
Vietnam,19/08/2020,97338583,994,25,0.0010,2.5150905432595576
Vietnam,20/08/2020,97338583,1007,25,0.0010,2.4826216484607744
Vietnam,21/08/2020,97338583,1009,25,0.0010,2.4777006937561943
Vietnam,22/08/2020,97338583,1014,26,0.0010,2.564102564102564
Vietnam,23/08/2020,97338583,1016,27,0.0010,2.65748031496063
Vietnam,24/08/2020,97338583,1022,27,0.0010,2.6418786692759295
Vietnam,25/08/2020,97338583,1029,27,0.0011,2.623906705539359
Vietnam,26/08/2020,97338583,1034,30,0.0011,2.9013539651837523
Vietnam,27/08/2020,97338583,1036,30,0.0011,2.8957528957528957
Vietnam,28/08/2020,97338583,1038,30,0.0011,2.8901734104046244
Vietnam,29/08/2020,97338583,1040,32,0.0011,3.076923076923077
Vietnam,30/08/2020,97338583,1040,32,0.0011,3.076923076923077
Vietnam,31/08/2020,97338583,1044,34,0.0011,3.256704980842912
Vietnam,01/09/2020,97338583,1044,34,0.0011,3.256704980842912
Vietnam,02/09/2020,97338583,1046,34,0.0011,3.2504780114722758
Vietnam,03/09/2020,97338583,1046,35,0.0011,3.3460803059273423
Vietnam,04/09/2020,97338583,1049,35,0.0011,3.336510962821735
Vietnam,05/09/2020,97338583,1049,35,0.0011,3.336510962821735
Vietnam,06/09/2020,97338583,1049,35,0.0011,3.336510962821735
Vietnam,07/09/2020,97338583,1049,35,0.0011,3.336510962821735
Vietnam,08/09/2020,97338583,1054,35,0.0011,3.320683111954459
Vietnam,09/09/2020,97338583,1059,35,0.0011,3.3050047214353167
Vietnam,10/09/2020,97338583,1059,35,0.0011,3.3050047214353167
Vietnam,11/09/2020,97338583,1060,35,0.0011,3.30188679245283
Vietnam,12/09/2020,97338583,1060,35,0.0011,3.30188679245283
Vietnam,13/09/2020,97338583,1063,35,0.0011,3.2925682031984946
Vietnam,14/09/2020,97338583,1063,35,0.0011,3.2925682031984946
Vietnam,15/09/2020,97338583,1063,35,0.0011,3.2925682031984946
Vietnam,16/09/2020,97338583,1063,35,0.0011,3.2925682031984946
Vietnam,17/09/2020,97338583,1066,35,0.0011,3.283302063789869
Vietnam,18/09/2020,97338583,1068,35,0.0011,3.2771535580524342
Vietnam,19/09/2020,97338583,1068,35,0.0011,3.2771535580524342
Vietnam,20/09/2020,97338583,1068,35,0.0011,3.2771535580524342
Vietnam,21/09/2020,97338583,1068,35,0.0011,3.2771535580524342
Vietnam,22/09/2020,97338583,1068,35,0.0011,3.2771535580524342
Vietnam,23/09/2020,97338583,1069,35,0.0011,3.274087932647334
Vietnam,24/09/2020,97338583,1069,35,0.0011,3.274087932647334
Vietnam,25/09/2020,97338583,1069,35,0.0011,3.274087932647334
Vietnam,26/09/2020,97338583,1069,35,0.0011,3.274087932647334
Vietnam,27/09/2020,97338583,1074,35,0.0011,3.2588454376163876
Vietnam,28/09/2020,97338583,1077,35,0.0011,3.2497678737233056
Vietnam,29/09/2020,97338583,1094,35,0.0011,3.19926873857404
Vietnam,30/09/2020,97338583,1094,35,0.0011,3.19926873857404
Vietnam,01/10/2020,97338583,1095,35,0.0011,3.1963470319634704
Vietnam,02/10/2020,97338583,1096,35,0.0011,3.1934306569343067
Vietnam,03/10/2020,97338583,1096,35,0.0011,3.1934306569343067
Vietnam,04/10/2020,97338583,1096,35,0.0011,3.1934306569343067
Vietnam,05/10/2020,97338583,1097,35,0.0011,3.1905195989061075
Vietnam,06/10/2020,97338583,1098,35,0.0011,3.1876138433515484
Vietnam,07/10/2020,97338583,1099,35,0.0011,3.1847133757961785
Vietnam,08/10/2020,97338583,1100,35,0.0011,3.1818181818181817
Vietnam,09/10/2020,97338583,1105,35,0.0011,3.167420814479638
Vietnam,10/10/2020,97338583,1107,35,0.0011,3.1616982836495033
Vietnam,11/10/2020,97338583,1109,35,0.0011,3.1559963931469794
Vietnam,12/10/2020,97338583,1110,35,0.0011,3.153153153153153
Vietnam,13/10/2020,97338583,1113,35,0.0011,3.1446540880503147
Vietnam,14/10/2020,97338583,1122,35,0.0012,3.119429590017825
Vietnam,15/10/2020,97338583,1124,35,0.0012,3.113879003558719
Vietnam,16/10/2020,97338583,1124,35,0.0012,3.113879003558719
Vietnam,17/10/2020,97338583,1126,35,0.0012,3.108348134991119
Vietnam,18/10/2020,97338583,1134,35,0.0012,3.0864197530864197
Vietnam,19/10/2020,97338583,1140,35,0.0012,3.070175438596491
Vietnam,20/10/2020,97338583,1141,35,0.0012,3.067484662576687
Vietnam,21/10/2020,97338583,1144,35,0.0012,3.0594405594405596
Vietnam,22/10/2020,97338583,1148,35,0.0012,3.048780487804878
Vietnam,23/10/2020,97338583,1148,35,0.0012,3.048780487804878
Vietnam,24/10/2020,97338583,1160,35,0.0012,3.0172413793103448
Vietnam,25/10/2020,97338583,1168,35,0.0012,2.996575342465753
Vietnam,26/10/2020,97338583,1169,35,0.0012,2.9940119760479043
Vietnam,27/10/2020,97338583,1172,35,0.0012,2.986348122866894
Vietnam,28/10/2020,97338583,1173,35,0.0012,2.9838022165387894
Vietnam,29/10/2020,97338583,1177,35,0.0012,2.9736618521665252
Vietnam,30/10/2020,97338583,1177,35,0.0012,2.9736618521665252
Vietnam,31/10/2020,97338583,1180,35,0.0012,2.9661016949152543
Vietnam,01/11/2020,97338583,1180,35,0.0012,2.9661016949152543
Vietnam,02/11/2020,97338583,1192,35,0.0012,2.936241610738255
Vietnam,03/11/2020,97338583,1202,35,0.0012,2.9118136439267883
Vietnam,04/11/2020,97338583,1203,35,0.0012,2.9093931837073983
Vietnam,05/11/2020,97338583,1207,35,0.0012,2.899751449875725
Vietnam,06/11/2020,97338583,1212,35,0.0012,2.8877887788778875
Vietnam,07/11/2020,97338583,1213,35,0.0012,2.8854080791426218
Vietnam,08/11/2020,97338583,1213,35,0.0012,2.8854080791426218
Vietnam,09/11/2020,97338583,1215,35,0.0012,2.880658436213992
Vietnam,10/11/2020,97338583,1226,35,0.0013,2.8548123980424145
Vietnam,11/11/2020,97338583,1252,35,0.0013,2.7955271565495208
Vietnam,12/11/2020,97338583,1253,35,0.0013,2.793296089385475
Vietnam,13/11/2020,97338583,1256,35,0.0013,2.786624203821656
Vietnam,14/11/2020,97338583,1265,35,0.0013,2.766798418972332
Vietnam,15/11/2020,97338583,1281,35,0.0013,2.73224043715847
Vietnam,16/11/2020,97338583,1283,35,0.0013,2.7279812938425563
Vietnam,17/11/2020,97338583,1288,35,0.0013,2.717391304347826
Vietnam,18/11/2020,97338583,1300,35,0.0013,2.6923076923076925
Vietnam,19/11/2020,97338583,1304,35,0.0013,2.6840490797546015
Vietnam,20/11/2020,97338583,1305,35,0.0013,2.681992337164751
Vietnam,21/11/2020,97338583,1306,35,0.0013,2.679938744257274
Vietnam,22/11/2020,97338583,1307,35,0.0013,2.6778882938026016
Vietnam,23/11/2020,97338583,1312,35,0.0013,2.667682926829268
Vietnam,24/11/2020,97338583,1316,35,0.0014,2.6595744680851063
Vietnam,25/11/2020,97338583,1321,35,0.0014,2.6495079485238455
Vietnam,26/11/2020,97338583,1331,35,0.0014,2.629601803155522
Vietnam,27/11/2020,97338583,1339,35,0.0014,2.6138909634055265
Vietnam,28/11/2020,97338583,1341,35,0.0014,2.609992542878449
Vietnam,29/11/2020,97338583,1343,35,0.0014,2.6061057334326136
Vietnam,30/11/2020,97338583,1347,35,0.0014,2.5983667409057167
Vietnam,01/12/2020,97338583,1351,35,0.0014,2.5906735751295336
Vietnam,02/12/2020,97338583,1358,35,0.0014,2.5773195876288657
Vietnam,03/12/2020,97338583,1361,35,0.0014,2.5716385011021305
Vietnam,04/12/2020,97338583,1361,35,0.0014,2.5716385011021305
Vietnam,05/12/2020,97338583,1365,35,0.0014,2.564102564102564
Vietnam,06/12/2020,97338583,1366,35,0.0014,2.562225475841874
Vietnam,07/12/2020,97338583,1367,35,0.0014,2.560351133869788
Vietnam,08/12/2020,97338583,1377,35,0.0014,2.541757443718228
Vietnam,09/12/2020,97338583,1381,35,0.0014,2.5343953656770455
Vietnam,10/12/2020,97338583,1385,35,0.0014,2.527075812274368
Vietnam,11/12/2020,97338583,1391,35,0.0014,2.516175413371675
Vietnam,12/12/2020,97338583,1395,35,0.0014,2.5089605734767026
Vietnam,13/12/2020,97338583,1397,35,0.0014,2.505368647100931
Vietnam,14/12/2020,97338583,1402,35,0.0014,2.4964336661911553
Vietnam,15/12/2020,97338583,1405,35,0.0014,2.491103202846975
Vietnam,16/12/2020,97338583,1405,35,0.0014,2.491103202846975
Vietnam,17/12/2020,97338583,1407,35,0.0014,2.4875621890547266
Vietnam,18/12/2020,97338583,1410,35,0.0014,2.4822695035460995
Vietnam,19/12/2020,97338583,1411,35,0.0014,2.4805102763997167
Vietnam,20/12/2020,97338583,1413,35,0.0015,2.4769992922859165
Vietnam,21/12/2020,97338583,1414,35,0.0015,2.4752475247524752
Vietnam,22/12/2020,97338583,1420,35,0.0015,2.464788732394366
Vietnam,23/12/2020,97338583,1421,35,0.0015,2.4630541871921183
Vietnam,24/12/2020,97338583,1432,35,0.0015,2.4441340782122905
Vietnam,25/12/2020,97338583,1439,35,0.0015,2.432244614315497
Vietnam,26/12/2020,97338583,1440,35,0.0015,2.430555555555556
Vietnam,27/12/2020,97338583,1441,35,0.0015,2.428868841082582
Vietnam,28/12/2020,97338583,1451,35,0.0015,2.412129565816678
Vietnam,29/12/2020,97338583,1454,35,0.0015,2.407152682255846
Vietnam,30/12/2020,97338583,1456,35,0.0015,2.403846153846154
Vietnam,31/12/2020,97338583,1465,35,0.0015,2.3890784982935154
Vietnam,01/01/2021,97338583,1474,35,0.0015,2.37449118046133
Vietnam,02/01/2021,97338583,1482,35,0.0015,2.3616734143049936
Vietnam,03/01/2021,97338583,1494,35,0.0015,2.3427041499330654
Vietnam,04/01/2021,97338583,1497,35,0.0015,2.338009352037408
Vietnam,05/01/2021,97338583,1504,35,0.0015,2.327127659574468
Vietnam,06/01/2021,97338583,1505,35,0.0015,2.3255813953488373
Vietnam,07/01/2021,97338583,1509,35,0.0016,2.319416832339298
Vietnam,08/01/2021,97338583,1512,35,0.0016,2.314814814814815
Vietnam,09/01/2021,97338583,1513,35,0.0016,2.313284864507601
Vietnam,10/01/2021,97338583,1514,35,0.0016,2.3117569352708056
Vietnam,11/01/2021,97338583,1515,35,0.0016,2.31023102310231
Vietnam,12/01/2021,97338583,1520,35,0.0016,2.302631578947368
Vietnam,13/01/2021,97338583,1521,35,0.0016,2.3011176857330704
Vietnam,14/01/2021,97338583,1531,35,0.0016,2.286087524493795
Vietnam,15/01/2021,97338583,1536,35,0.0016,2.278645833333333
Vietnam,16/01/2021,97338583,1537,35,0.0016,2.277163305139883
Vietnam,17/01/2021,97338583,1537,35,0.0016,2.277163305139883
Vietnam,18/01/2021,97338583,1539,35,0.0016,2.2742040285899936
Vietnam,19/01/2021,97338583,1540,35,0.0016,2.272727272727273
Vietnam,20/01/2021,97338583,1544,35,0.0016,2.266839378238342
Vietnam,21/01/2021,97338583,1546,35,0.0016,2.263906856403622
Vietnam,22/01/2021,97338583,1548,35,0.0016,2.260981912144703
Vietnam,23/01/2021,97338583,1548,35,0.0016,2.260981912144703
Vietnam,24/01/2021,97338583,1548,35,0.0016,2.260981912144703
Vietnam,25/01/2021,97338583,1549,35,0.0016,2.259522272433828
Vietnam,26/01/2021,97338583,1551,35,0.0016,2.256608639587363
Vietnam,27/01/2021,97338583,1553,35,0.0016,2.2537025112685125
Vietnam,28/01/2021,97338583,1651,35,0.0017,2.1199273167777104
Vietnam,29/01/2021,97338583,1657,35,0.0017,2.112251056125528
Vietnam,30/01/2021,97338583,1767,35,0.0018,1.9807583474816073
Vietnam,31/01/2021,97338583,1817,35,0.0019,1.9262520638414968
Vietnam,01/02/2021,97338583,1850,35,0.0019,1.891891891891892
Vietnam,02/02/2021,97338583,1882,35,0.0019,1.8597236981934113
Vietnam,03/02/2021,97338583,1948,35,0.0020,1.7967145790554413
Vietnam,04/02/2021,97338583,1957,35,0.0020,1.788451711803781
Vietnam,05/02/2021,97338583,1976,35,0.0020,1.771255060728745
Vietnam,06/02/2021,97338583,1985,35,0.0020,1.7632241813602016
Vietnam,07/02/2021,97338583,2001,35,0.0021,1.7491254372813594
Vietnam,08/02/2021,97338583,2050,35,0.0021,1.707317073170732
Vietnam,09/02/2021,97338583,2064,35,0.0021,1.695736434108527
Vietnam,10/02/2021,97338583,2091,35,0.0021,1.6738402678144428
Vietnam,11/02/2021,97338583,2140,35,0.0022,1.6355140186915886
Vietnam,12/02/2021,97338583,2142,35,0.0022,1.6339869281045754
Vietnam,13/02/2021,97338583,2195,35,0.0023,1.5945330296127564
Vietnam,14/02/2021,97338583,2228,35,0.0023,1.570915619389587
Vietnam,15/02/2021,97338583,2269,35,0.0023,1.5425297487880123
Vietnam,16/02/2021,97338583,2311,35,0.0024,1.5144958892254434
Vietnam,17/02/2021,97338583,2329,35,0.0024,1.5027908973808501
Vietnam,18/02/2021,97338583,2347,35,0.0024,1.4912654452492544
Vietnam,19/02/2021,97338583,2362,35,0.0024,1.4817950889077054
Vietnam,20/02/2021,97338583,2368,35,0.0024,1.4780405405405406
Vietnam,21/02/2021,97338583,2383,35,0.0024,1.4687368862778012
Vietnam,22/02/2021,97338583,2392,35,0.0025,1.4632107023411371
Vietnam,23/02/2021,97338583,2403,35,0.0025,1.4565126924677487
Vietnam,24/02/2021,97338583,2412,35,0.0025,1.451077943615257
Vietnam,25/02/2021,97338583,2421,35,0.0025,1.4456836018174308
Vietnam,26/02/2021,97338583,2426,35,0.0025,1.4427040395713109
Vietnam,27/02/2021,97338583,2432,35,0.0025,1.4391447368421053
Vietnam,28/02/2021,97338583,2448,35,0.0025,1.4297385620915033
Vietnam,01/03/2021,97338583,2448,35,0.0025,1.4297385620915033
Vietnam,02/03/2021,97338583,2475,35,0.0025,1.4141414141414141
Vietnam,03/03/2021,97338583,2482,35,0.0025,1.4101531023368252
Vietnam,04/03/2021,97338583,2488,35,0.0026,1.4067524115755627
Vietnam,05/03/2021,97338583,2494,35,0.0026,1.4033680834001603
Vietnam,06/03/2021,97338583,2501,35,0.0026,1.399440223910436
Vietnam,07/03/2021,97338583,2512,35,0.0026,1.393312101910828
Vietnam,08/03/2021,97338583,2524,35,0.0026,1.386687797147385
Vietnam,09/03/2021,97338583,2526,35,0.0026,1.3855898653998415
Vietnam,10/03/2021,97338583,2529,35,0.0026,1.383946223803875
Vietnam,11/03/2021,97338583,2533,35,0.0026,1.381760757994473
Vietnam,12/03/2021,97338583,2550,35,0.0026,1.3725490196078431
Vietnam,13/03/2021,97338583,2553,35,0.0026,1.3709361535448492
Vietnam,14/03/2021,97338583,2554,35,0.0026,1.370399373531715
Vietnam,15/03/2021,97338583,2557,35,0.0026,1.368791552600704
Vietnam,16/03/2021,97338583,2560,35,0.0026,1.3671875
Vietnam,17/03/2021,97338583,2567,35,0.0026,1.3634592910011687
Vietnam,18/03/2021,97338583,2570,35,0.0026,1.3618677042801557
Vietnam,19/03/2021,97338583,2571,35,0.0026,1.3613380007779075
Vietnam,20/03/2021,97338583,2572,35,0.0026,1.3608087091757388
Vietnam,21/03/2021,97338583,2572,35,0.0026,1.3608087091757388
Vietnam,22/03/2021,97338583,2575,35,0.0026,1.3592233009708738
Vietnam,23/03/2021,97338583,2575,35,0.0026,1.3592233009708738
Vietnam,24/03/2021,97338583,2576,35,0.0026,1.358695652173913
Vietnam,25/03/2021,97338583,2579,35,0.0026,1.3571151609150833
Vietnam,26/03/2021,97338583,2586,35,0.0027,1.3534416086620265
Vietnam,27/03/2021,97338583,2586,35,0.0027,1.3534416086620265
Vietnam,28/03/2021,97338583,2591,35,0.0027,1.3508297954457738
Vietnam,29/03/2021,97338583,2594,35,0.0027,1.3492675404780263
Vietnam,30/03/2021,97338583,2594,35,0.0027,1.3492675404780263
Vietnam,31/03/2021,97338583,2603,35,0.0027,1.3446023818670765
Vietnam,01/04/2021,97338583,2617,35,0.0027,1.3374092472296522
Vietnam,02/04/2021,97338583,2620,35,0.0027,1.3358778625954197
Vietnam,03/04/2021,97338583,2626,35,0.0027,1.3328255902513328
Vietnam,04/04/2021,97338583,2631,35,0.0027,1.330292664386165
Vietnam,05/04/2021,97338583,2637,35,0.0027,1.3272658323852862
Vietnam,06/04/2021,97338583,2648,35,0.0027,1.321752265861027
Vietnam,07/04/2021,97338583,2659,35,0.0027,1.3162843174125611
Vietnam,08/04/2021,97338583,2668,35,0.0027,1.3118440779610194
Vietnam,09/04/2021,97338583,2683,35,0.0028,1.3045098770033545
Vietnam,10/04/2021,97338583,2692,35,0.0028,1.300148588410104
Vietnam,11/04/2021,97338583,2693,35,0.0028,1.2996658002227999
Vietnam,12/04/2021,97338583,2705,35,0.0028,1.2939001848428837
Vietnam,13/04/2021,97338583,2714,35,0.0028,1.2896094325718497
Vietnam,14/04/2021,97338583,2733,35,0.0028,1.2806439809732895
Vietnam,15/04/2021,97338583,2758,35,0.0028,1.2690355329949239
Vietnam,16/04/2021,97338583,2772,35,0.0028,1.2626262626262625
Vietnam,17/04/2021,97338583,2781,35,0.0029,1.2585400934915498
Vietnam,18/04/2021,97338583,2785,35,0.0029,1.2567324955116697
Vietnam,19/04/2021,97338583,2791,35,0.0029,1.254030813328556
Vietnam,20/04/2021,97338583,2800,35,0.0029,1.25
Vietnam,21/04/2021,97338583,2812,35,0.0029,1.2446657183499288
Vietnam,22/04/2021,97338583,2824,35,0.0029,1.2393767705382437
Vietnam,23/04/2021,97338583,2830,35,0.0029,1.2367491166077738
Vietnam,24/04/2021,97338583,2833,35,0.0029,1.2354394634662902
Vietnam,25/04/2021,97338583,2843,35,0.0029,1.2310939148786493
Vietnam,26/04/2021,97338583,2852,35,0.0029,1.2272089761570828
Vietnam,27/04/2021,97338583,2857,35,0.0029,1.2250612530626532
Vietnam,28/04/2021,97338583,2865,35,0.0029,1.2216404886561953
Vietnam,29/04/2021,97338583,2910,35,0.0030,1.202749140893471
Vietnam,30/04/2021,97338583,2928,35,0.0030,1.1953551912568305
